Fitter report for Lab8
Fri Apr 24 23:30:30 2026
Quartus Prime Version 23.1std.1 Build 993 05/14/2024 SC Lite Edition


---------------------
; Table of Contents ;
---------------------
  1. Legal Notice
  2. Fitter Summary
  3. Fitter Settings
  4. Parallel Compilation
  5. Incremental Compilation Preservation Summary
  6. Incremental Compilation Partition Settings
  7. Incremental Compilation Placement Preservation
  8. Pin-Out File
  9. Fitter Resource Usage Summary
 10. Fitter Partition Statistics
 11. Input Pins
 12. Output Pins
 13. Dual Purpose and Dedicated Pins
 14. I/O Bank Usage
 15. All Package Pins
 16. I/O Assignment Warnings
 17. Fitter Resource Utilization by Entity
 18. Delay Chain Summary
 19. Pad To Core Delay Chain Fanout
 20. Control Signals
 21. Global & Other Fast Signals
 22. Routing Usage Summary
 23. LAB Logic Elements
 24. LAB-wide Signals
 25. LAB Signals Sourced
 26. LAB Signals Sourced Out
 27. LAB Distinct Inputs
 28. I/O Rules Summary
 29. I/O Rules Details
 30. I/O Rules Matrix
 31. Fitter Device Options
 32. Operating Settings and Conditions
 33. Fitter Messages
 34. Fitter Suppressed Messages



----------------
; Legal Notice ;
----------------
Copyright (C) 2024  Intel Corporation. All rights reserved.
Your use of Intel Corporation's design tools, logic functions 
and other software and tools, and any partner logic 
functions, and any output files from any of the foregoing 
(including device programming or simulation files), and any 
associated documentation or information are expressly subject 
to the terms and conditions of the Intel Program License 
Subscription Agreement, the Intel Quartus Prime License Agreement,
the Intel FPGA IP License Agreement, or other applicable license
agreement, including, without limitation, that your use is for
the sole purpose of programming logic devices manufactured by
Intel and sold by Intel or its authorized distributors.  Please
refer to the applicable agreement for further details, at
https://fpgasoftware.intel.com/eula.



+-------------------------------------------------------------------------------------+
; Fitter Summary                                                                      ;
+------------------------------------+------------------------------------------------+
; Fitter Status                      ; Successful - Fri Apr 24 23:30:30 2026          ;
; Quartus Prime Version              ; 23.1std.1 Build 993 05/14/2024 SC Lite Edition ;
; Revision Name                      ; Lab8                                           ;
; Top-level Entity Name              ; m16dp1                                         ;
; Family                             ; Cyclone IV E                                   ;
; Device                             ; EP4CE115F29C7                                  ;
; Timing Models                      ; Final                                          ;
; Total logic elements               ; 118 / 114,480 ( < 1 % )                        ;
;     Total combinational functions  ; 118 / 114,480 ( < 1 % )                        ;
;     Dedicated logic registers      ; 16 / 114,480 ( < 1 % )                         ;
; Total registers                    ; 16                                             ;
; Total pins                         ; 97 / 529 ( 18 % )                              ;
; Total virtual pins                 ; 0                                              ;
; Total memory bits                  ; 0 / 3,981,312 ( 0 % )                          ;
; Embedded Multiplier 9-bit elements ; 0 / 532 ( 0 % )                                ;
; Total PLLs                         ; 0 / 4 ( 0 % )                                  ;
+------------------------------------+------------------------------------------------+


+----------------------------------------------------------------------------------------------------------------------------------------------------+
; Fitter Settings                                                                                                                                    ;
+--------------------------------------------------------------------+---------------------------------------+---------------------------------------+
; Option                                                             ; Setting                               ; Default Value                         ;
+--------------------------------------------------------------------+---------------------------------------+---------------------------------------+
; Device                                                             ; EP4CE115F29C7                         ;                                       ;
; Nominal Core Supply Voltage                                        ; 1.2V                                  ;                                       ;
; Minimum Core Junction Temperature                                  ; 0                                     ;                                       ;
; Maximum Core Junction Temperature                                  ; 85                                    ;                                       ;
; Fit Attempts to Skip                                               ; 0                                     ; 0.0                                   ;
; Use smart compilation                                              ; Off                                   ; Off                                   ;
; Enable parallel Assembler and Timing Analyzer during compilation   ; On                                    ; On                                    ;
; Enable compact report table                                        ; Off                                   ; Off                                   ;
; Auto Merge PLLs                                                    ; On                                    ; On                                    ;
; Router Timing Optimization Level                                   ; Normal                                ; Normal                                ;
; Perform Clocking Topology Analysis During Routing                  ; Off                                   ; Off                                   ;
; Placement Effort Multiplier                                        ; 1.0                                   ; 1.0                                   ;
; Router Effort Multiplier                                           ; 1.0                                   ; 1.0                                   ;
; Optimize Hold Timing                                               ; All Paths                             ; All Paths                             ;
; Optimize Multi-Corner Timing                                       ; On                                    ; On                                    ;
; Power Optimization During Fitting                                  ; Normal compilation                    ; Normal compilation                    ;
; SSN Optimization                                                   ; Off                                   ; Off                                   ;
; Optimize Timing                                                    ; Normal compilation                    ; Normal compilation                    ;
; Optimize Timing for ECOs                                           ; Off                                   ; Off                                   ;
; Regenerate Full Fit Report During ECO Compiles                     ; Off                                   ; Off                                   ;
; Optimize IOC Register Placement for Timing                         ; Normal                                ; Normal                                ;
; Limit to One Fitting Attempt                                       ; Off                                   ; Off                                   ;
; Final Placement Optimizations                                      ; Automatically                         ; Automatically                         ;
; Fitter Aggressive Routability Optimizations                        ; Automatically                         ; Automatically                         ;
; Fitter Initial Placement Seed                                      ; 1                                     ; 1                                     ;
; Periphery to Core Placement and Routing Optimization               ; Off                                   ; Off                                   ;
; PCI I/O                                                            ; Off                                   ; Off                                   ;
; Weak Pull-Up Resistor                                              ; Off                                   ; Off                                   ;
; Enable Bus-Hold Circuitry                                          ; Off                                   ; Off                                   ;
; Auto Packed Registers                                              ; Auto                                  ; Auto                                  ;
; Auto Delay Chains                                                  ; On                                    ; On                                    ;
; Auto Delay Chains for High Fanout Input Pins                       ; Off                                   ; Off                                   ;
; Allow Single-ended Buffer for Differential-XSTL Input              ; Off                                   ; Off                                   ;
; Treat Bidirectional Pin as Output Pin                              ; Off                                   ; Off                                   ;
; Perform Physical Synthesis for Combinational Logic for Fitting     ; Off                                   ; Off                                   ;
; Perform Physical Synthesis for Combinational Logic for Performance ; Off                                   ; Off                                   ;
; Perform Register Duplication for Performance                       ; Off                                   ; Off                                   ;
; Perform Logic to Memory Mapping for Fitting                        ; Off                                   ; Off                                   ;
; Perform Register Retiming for Performance                          ; Off                                   ; Off                                   ;
; Perform Asynchronous Signal Pipelining                             ; Off                                   ; Off                                   ;
; Fitter Effort                                                      ; Auto Fit                              ; Auto Fit                              ;
; Physical Synthesis Effort Level                                    ; Normal                                ; Normal                                ;
; Logic Cell Insertion - Logic Duplication                           ; Auto                                  ; Auto                                  ;
; Auto Register Duplication                                          ; Auto                                  ; Auto                                  ;
; Auto Global Clock                                                  ; On                                    ; On                                    ;
; Auto Global Register Control Signals                               ; On                                    ; On                                    ;
; Reserve all unused pins                                            ; As input tri-stated with weak pull-up ; As input tri-stated with weak pull-up ;
; Synchronizer Identification                                        ; Auto                                  ; Auto                                  ;
; Enable Beneficial Skew Optimization                                ; On                                    ; On                                    ;
; Optimize Design for Metastability                                  ; On                                    ; On                                    ;
; Force Fitter to Avoid Periphery Placement Warnings                 ; Off                                   ; Off                                   ;
; Enable input tri-state on active configuration pins in user mode   ; Off                                   ; Off                                   ;
+--------------------------------------------------------------------+---------------------------------------+---------------------------------------+


+------------------------------------------+
; Parallel Compilation                     ;
+----------------------------+-------------+
; Processors                 ; Number      ;
+----------------------------+-------------+
; Number detected on machine ; 16          ;
; Maximum allowed            ; 16          ;
;                            ;             ;
; Average used               ; 1.02        ;
; Maximum used               ; 16          ;
;                            ;             ;
; Usage by Processor         ; % Time Used ;
;     Processor 1            ; 100.0%      ;
;     Processor 2            ;   0.1%      ;
;     Processors 3-16        ;   0.1%      ;
+----------------------------+-------------+


+--------------------------------------------------------------------------------------------------+
; Incremental Compilation Preservation Summary                                                     ;
+---------------------+--------------------+----------------------------+--------------------------+
; Type                ; Total [A + B]      ; From Design Partitions [A] ; From Rapid Recompile [B] ;
+---------------------+--------------------+----------------------------+--------------------------+
; Placement (by node) ;                    ;                            ;                          ;
;     -- Requested    ; 0.00 % ( 0 / 340 ) ; 0.00 % ( 0 / 340 )         ; 0.00 % ( 0 / 340 )       ;
;     -- Achieved     ; 0.00 % ( 0 / 340 ) ; 0.00 % ( 0 / 340 )         ; 0.00 % ( 0 / 340 )       ;
;                     ;                    ;                            ;                          ;
; Routing (by net)    ;                    ;                            ;                          ;
;     -- Requested    ; 0.00 % ( 0 / 0 )   ; 0.00 % ( 0 / 0 )           ; 0.00 % ( 0 / 0 )         ;
;     -- Achieved     ; 0.00 % ( 0 / 0 )   ; 0.00 % ( 0 / 0 )           ; 0.00 % ( 0 / 0 )         ;
+---------------------+--------------------+----------------------------+--------------------------+


+----------------------------------------------------------------------------------------------------------------------------------------------------------------------------------------+
; Incremental Compilation Partition Settings                                                                                                                                             ;
+--------------------------------+----------------+-------------------+-------------------------+------------------------+------------------------------+--------------------------------+
; Partition Name                 ; Partition Type ; Netlist Type Used ; Preservation Level Used ; Netlist Type Requested ; Preservation Level Requested ; Contents                       ;
+--------------------------------+----------------+-------------------+-------------------------+------------------------+------------------------------+--------------------------------+
; Top                            ; User-created   ; Source File       ; N/A                     ; Source File            ; N/A                          ;                                ;
; hard_block:auto_generated_inst ; Auto-generated ; Source File       ; N/A                     ; Source File            ; N/A                          ; hard_block:auto_generated_inst ;
+--------------------------------+----------------+-------------------+-------------------------+------------------------+------------------------------+--------------------------------+


+------------------------------------------------------------------------------------------------------------------------------------+
; Incremental Compilation Placement Preservation                                                                                     ;
+--------------------------------+-----------------------+-------------------------+-------------------+---------------------+-------+
; Partition Name                 ; Preservation Achieved ; Preservation Level Used ; Netlist Type Used ; Preservation Method ; Notes ;
+--------------------------------+-----------------------+-------------------------+-------------------+---------------------+-------+
; Top                            ; 0.00 % ( 0 / 330 )    ; N/A                     ; Source File       ; N/A                 ;       ;
; hard_block:auto_generated_inst ; 0.00 % ( 0 / 10 )     ; N/A                     ; Source File       ; N/A                 ;       ;
+--------------------------------+-----------------------+-------------------------+-------------------+---------------------+-------+


+--------------+
; Pin-Out File ;
+--------------+
The pin-out file can be found in /home/ashinashell/class-coding/EE443_Labs/Lab_8/output_files/Lab8.pin.


+-----------------------------------------------------------------------+
; Fitter Resource Usage Summary                                         ;
+---------------------------------------------+-------------------------+
; Resource                                    ; Usage                   ;
+---------------------------------------------+-------------------------+
; Total logic elements                        ; 118 / 114,480 ( < 1 % ) ;
;     -- Combinational with no register       ; 102                     ;
;     -- Register only                        ; 0                       ;
;     -- Combinational with a register        ; 16                      ;
;                                             ;                         ;
; Logic element usage by number of LUT inputs ;                         ;
;     -- 4 input functions                    ; 65                      ;
;     -- 3 input functions                    ; 30                      ;
;     -- <=2 input functions                  ; 23                      ;
;     -- Register only                        ; 0                       ;
;                                             ;                         ;
; Logic elements by mode                      ;                         ;
;     -- normal mode                          ; 118                     ;
;     -- arithmetic mode                      ; 0                       ;
;                                             ;                         ;
; Total registers*                            ; 16 / 117,053 ( < 1 % )  ;
;     -- Dedicated logic registers            ; 16 / 114,480 ( < 1 % )  ;
;     -- I/O registers                        ; 0 / 2,573 ( 0 % )       ;
;                                             ;                         ;
; Total LABs:  partially or completely used   ; 12 / 7,155 ( < 1 % )    ;
; Virtual pins                                ; 0                       ;
; I/O pins                                    ; 97 / 529 ( 18 % )       ;
;     -- Clock pins                           ; 1 / 7 ( 14 % )          ;
;     -- Dedicated input pins                 ; 0 / 9 ( 0 % )           ;
;                                             ;                         ;
; M9Ks                                        ; 0 / 432 ( 0 % )         ;
; Total block memory bits                     ; 0 / 3,981,312 ( 0 % )   ;
; Total block memory implementation bits      ; 0 / 3,981,312 ( 0 % )   ;
; Embedded Multiplier 9-bit elements          ; 0 / 532 ( 0 % )         ;
; PLLs                                        ; 0 / 4 ( 0 % )           ;
; Global signals                              ; 1                       ;
;     -- Global clocks                        ; 1 / 20 ( 5 % )          ;
; JTAGs                                       ; 0 / 1 ( 0 % )           ;
; CRC blocks                                  ; 0 / 1 ( 0 % )           ;
; ASMI blocks                                 ; 0 / 1 ( 0 % )           ;
; Oscillator blocks                           ; 0 / 1 ( 0 % )           ;
; Impedance control blocks                    ; 0 / 4 ( 0 % )           ;
; Average interconnect usage (total/H/V)      ; 0.1% / 0.1% / 0.1%      ;
; Peak interconnect usage (total/H/V)         ; 2.2% / 2.2% / 2.2%      ;
; Maximum fan-out                             ; 24                      ;
; Highest non-global fan-out                  ; 24                      ;
; Total fan-out                               ; 636                     ;
; Average fan-out                             ; 1.88                    ;
+---------------------------------------------+-------------------------+
*  Register count does not include registers inside RAM blocks or DSP blocks.



+-------------------------------------------------------------------------------------------------------+
; Fitter Partition Statistics                                                                           ;
+---------------------------------------------+------------------------+--------------------------------+
; Statistic                                   ; Top                    ; hard_block:auto_generated_inst ;
+---------------------------------------------+------------------------+--------------------------------+
; Difficulty Clustering Region                ; Low                    ; Low                            ;
;                                             ;                        ;                                ;
; Total logic elements                        ; 118 / 114480 ( < 1 % ) ; 0 / 114480 ( 0 % )             ;
;     -- Combinational with no register       ; 102                    ; 0                              ;
;     -- Register only                        ; 0                      ; 0                              ;
;     -- Combinational with a register        ; 16                     ; 0                              ;
;                                             ;                        ;                                ;
; Logic element usage by number of LUT inputs ;                        ;                                ;
;     -- 4 input functions                    ; 65                     ; 0                              ;
;     -- 3 input functions                    ; 30                     ; 0                              ;
;     -- <=2 input functions                  ; 23                     ; 0                              ;
;     -- Register only                        ; 0                      ; 0                              ;
;                                             ;                        ;                                ;
; Logic elements by mode                      ;                        ;                                ;
;     -- normal mode                          ; 118                    ; 0                              ;
;     -- arithmetic mode                      ; 0                      ; 0                              ;
;                                             ;                        ;                                ;
; Total registers                             ; 16                     ; 0                              ;
;     -- Dedicated logic registers            ; 16 / 114480 ( < 1 % )  ; 0 / 114480 ( 0 % )             ;
;     -- I/O registers                        ; 0                      ; 0                              ;
;                                             ;                        ;                                ;
; Total LABs:  partially or completely used   ; 12 / 7155 ( < 1 % )    ; 0 / 7155 ( 0 % )               ;
;                                             ;                        ;                                ;
; Virtual pins                                ; 0                      ; 0                              ;
; I/O pins                                    ; 97                     ; 0                              ;
; Embedded Multiplier 9-bit elements          ; 0 / 532 ( 0 % )        ; 0 / 532 ( 0 % )                ;
; Total memory bits                           ; 0                      ; 0                              ;
; Total RAM block bits                        ; 0                      ; 0                              ;
; Clock control block                         ; 1 / 24 ( 4 % )         ; 0 / 24 ( 0 % )                 ;
;                                             ;                        ;                                ;
; Connections                                 ;                        ;                                ;
;     -- Input Connections                    ; 0                      ; 0                              ;
;     -- Registered Input Connections         ; 0                      ; 0                              ;
;     -- Output Connections                   ; 0                      ; 0                              ;
;     -- Registered Output Connections        ; 0                      ; 0                              ;
;                                             ;                        ;                                ;
; Internal Connections                        ;                        ;                                ;
;     -- Total Connections                    ; 631                    ; 5                              ;
;     -- Registered Connections               ; 139                    ; 0                              ;
;                                             ;                        ;                                ;
; External Connections                        ;                        ;                                ;
;     -- Top                                  ; 0                      ; 0                              ;
;     -- hard_block:auto_generated_inst       ; 0                      ; 0                              ;
;                                             ;                        ;                                ;
; Partition Interface                         ;                        ;                                ;
;     -- Input Ports                          ; 7                      ; 0                              ;
;     -- Output Ports                         ; 90                     ; 0                              ;
;     -- Bidir Ports                          ; 0                      ; 0                              ;
;                                             ;                        ;                                ;
; Registered Ports                            ;                        ;                                ;
;     -- Registered Input Ports               ; 0                      ; 0                              ;
;     -- Registered Output Ports              ; 0                      ; 0                              ;
;                                             ;                        ;                                ;
; Port Connectivity                           ;                        ;                                ;
;     -- Input Ports driven by GND            ; 0                      ; 0                              ;
;     -- Output Ports driven by GND           ; 0                      ; 0                              ;
;     -- Input Ports driven by VCC            ; 0                      ; 0                              ;
;     -- Output Ports driven by VCC           ; 0                      ; 0                              ;
;     -- Input Ports with no Source           ; 0                      ; 0                              ;
;     -- Output Ports with no Source          ; 0                      ; 0                              ;
;     -- Input Ports with no Fanout           ; 0                      ; 0                              ;
;     -- Output Ports with no Fanout          ; 0                      ; 0                              ;
+---------------------------------------------+------------------------+--------------------------------+


+--------------------------------------------------------------------------------------------------------------------------------------------------------------------------------------------------------------------------------------------------------------------------------------------+
; Input Pins                                                                                                                                                                                                                                                                                 ;
+-----------+-------+----------+--------------+--------------+--------------+-----------------------+--------------------+--------+----------------+---------------+-----------------+----------+--------------+--------------+---------------------------+----------------------+-----------+
; Name      ; Pin # ; I/O Bank ; X coordinate ; Y coordinate ; Z coordinate ; Combinational Fan-Out ; Registered Fan-Out ; Global ; Input Register ; Power Up High ; PCI I/O Enabled ; Bus Hold ; Weak Pull Up ; I/O Standard ; Termination Control Block ; Location assigned by ; Slew Rate ;
+-----------+-------+----------+--------------+--------------+--------------+-----------------------+--------------------+--------+----------------+---------------+-----------------+----------+--------------+--------------+---------------------------+----------------------+-----------+
; CLK       ; J1    ; 1        ; 0            ; 36           ; 7            ; 16                    ; 0                  ; yes    ; no             ; no            ; yes             ; no       ; Off          ; 2.5 V        ; --                        ; Fitter               ; no        ;
; EN        ; F27   ; 6        ; 115          ; 56           ; 14           ; 16                    ; 0                  ; no     ; no             ; no            ; yes             ; no       ; Off          ; 2.5 V        ; --                        ; Fitter               ; no        ;
; OPCODE[0] ; B21   ; 7        ; 87           ; 73           ; 0            ; 8                     ; 0                  ; no     ; no             ; no            ; yes             ; no       ; Off          ; 2.5 V        ; --                        ; Fitter               ; no        ;
; OPCODE[1] ; G17   ; 7        ; 83           ; 73           ; 21           ; 8                     ; 0                  ; no     ; no             ; no            ; yes             ; no       ; Off          ; 2.5 V        ; --                        ; Fitter               ; no        ;
; OPCODE[2] ; F18   ; 7        ; 87           ; 73           ; 14           ; 7                     ; 0                  ; no     ; no             ; no            ; yes             ; no       ; Off          ; 2.5 V        ; --                        ; Fitter               ; no        ;
; OPCODE[3] ; E18   ; 7        ; 87           ; 73           ; 7            ; 8                     ; 0                  ; no     ; no             ; no            ; yes             ; no       ; Off          ; 2.5 V        ; --                        ; Fitter               ; no        ;
; RST       ; E27   ; 6        ; 115          ; 57           ; 14           ; 16                    ; 0                  ; no     ; no             ; no            ; yes             ; no       ; Off          ; 2.5 V        ; --                        ; Fitter               ; no        ;
+-----------+-------+----------+--------------+--------------+--------------+-----------------------+--------------------+--------+----------------+---------------+-----------------+----------+--------------+--------------+---------------------------+----------------------+-----------+


+------------------------------------------------------------------------------------------------------------------------------------------------------------------------------------------------------------------------------------------------------------------------------------------------------------------------------------------------------------------------------------------------------------------------------------------------------------------+
; Output Pins                                                                                                                                                                                                                                                                                                                                                                                                                                                      ;
+-----------------+-------+----------+--------------+--------------+--------------+-----------------+------------------------+---------------+-----------+-----------------+------------+---------------+----------+--------------+--------------+------------------+-----------------------------------+---------------------------+----------------------------+-----------------------------+----------------------+----------------------+---------------------+
; Name            ; Pin # ; I/O Bank ; X coordinate ; Y coordinate ; Z coordinate ; Output Register ; Output Enable Register ; Power Up High ; Slew Rate ; PCI I/O Enabled ; Open Drain ; TRI Primitive ; Bus Hold ; Weak Pull Up ; I/O Standard ; Current Strength ; Termination                       ; Termination Control Block ; Output Buffer Pre-emphasis ; Voltage Output Differential ; Location assigned by ; Output Enable Source ; Output Enable Group ;
+-----------------+-------+----------+--------------+--------------+--------------+-----------------+------------------------+---------------+-----------+-----------------+------------+---------------+----------+--------------+--------------+------------------+-----------------------------------+---------------------------+----------------------------+-----------------------------+----------------------+----------------------+---------------------+
; ALUCon          ; D20   ; 7        ; 85           ; 73           ; 14           ; no              ; no                     ; no            ; 2         ; no              ; no         ; no            ; no       ; Off          ; 2.5 V        ; Default          ; Series 50 Ohm without Calibration ; --                        ; no                         ; no                          ; Fitter               ; -                    ; -                   ;
; ALUOp[0]        ; AB16  ; 4        ; 65           ; 0            ; 0            ; no              ; no                     ; no            ; 2         ; no              ; no         ; no            ; no       ; Off          ; 2.5 V        ; Default          ; Series 50 Ohm without Calibration ; --                        ; no                         ; no                          ; Fitter               ; -                    ; -                   ;
; ALUOp[1]        ; E24   ; 7        ; 85           ; 73           ; 21           ; no              ; no                     ; no            ; 2         ; no              ; no         ; no            ; no       ; Off          ; 2.5 V        ; Default          ; Series 50 Ohm without Calibration ; --                        ; no                         ; no                          ; Fitter               ; -                    ; -                   ;
; ALUOp[2]        ; A21   ; 7        ; 89           ; 73           ; 21           ; no              ; no                     ; no            ; 2         ; no              ; no         ; no            ; no       ; Off          ; 2.5 V        ; Default          ; Series 50 Ohm without Calibration ; --                        ; no                         ; no                          ; Fitter               ; -                    ; -                   ;
; ALUSrc          ; D18   ; 7        ; 85           ; 73           ; 0            ; no              ; no                     ; no            ; 2         ; no              ; no         ; no            ; no       ; Off          ; 2.5 V        ; Default          ; Series 50 Ohm without Calibration ; --                        ; no                         ; no                          ; Fitter               ; -                    ; -                   ;
; DOUT[0]         ; AC18  ; 4        ; 87           ; 0            ; 14           ; no              ; no                     ; no            ; 2         ; no              ; yes        ; no            ; no       ; Off          ; 2.5 V        ; Default          ; Series 50 Ohm without Calibration ; --                        ; no                         ; no                          ; Fitter               ; -                    ; -                   ;
; DOUT[10]        ; AB27  ; 5        ; 115          ; 18           ; 7            ; no              ; no                     ; no            ; 2         ; no              ; yes        ; no            ; no       ; Off          ; 2.5 V        ; Default          ; Series 50 Ohm without Calibration ; --                        ; no                         ; no                          ; Fitter               ; -                    ; -                   ;
; DOUT[11]        ; W28   ; 5        ; 115          ; 21           ; 14           ; no              ; no                     ; no            ; 2         ; no              ; yes        ; no            ; no       ; Off          ; 2.5 V        ; Default          ; Series 50 Ohm without Calibration ; --                        ; no                         ; no                          ; Fitter               ; -                    ; -                   ;
; DOUT[12]        ; AF21  ; 4        ; 87           ; 0            ; 21           ; no              ; no                     ; no            ; 2         ; no              ; yes        ; no            ; no       ; Off          ; 2.5 V        ; Default          ; Series 50 Ohm without Calibration ; --                        ; no                         ; no                          ; Fitter               ; -                    ; -                   ;
; DOUT[13]        ; Y26   ; 5        ; 115          ; 18           ; 0            ; no              ; no                     ; no            ; 2         ; no              ; yes        ; no            ; no       ; Off          ; 2.5 V        ; Default          ; Series 50 Ohm without Calibration ; --                        ; no                         ; no                          ; Fitter               ; -                    ; -                   ;
; DOUT[14]        ; U23   ; 5        ; 115          ; 22           ; 0            ; no              ; no                     ; no            ; 2         ; no              ; yes        ; no            ; no       ; Off          ; 2.5 V        ; Default          ; Series 50 Ohm without Calibration ; --                        ; no                         ; no                          ; Fitter               ; -                    ; -                   ;
; DOUT[15]        ; V27   ; 5        ; 115          ; 22           ; 14           ; no              ; no                     ; no            ; 2         ; no              ; yes        ; no            ; no       ; Off          ; 2.5 V        ; Default          ; Series 50 Ohm without Calibration ; --                        ; no                         ; no                          ; Fitter               ; -                    ; -                   ;
; DOUT[1]         ; AA25  ; 5        ; 115          ; 17           ; 7            ; no              ; no                     ; no            ; 2         ; no              ; yes        ; no            ; no       ; Off          ; 2.5 V        ; Default          ; Series 50 Ohm without Calibration ; --                        ; no                         ; no                          ; Fitter               ; -                    ; -                   ;
; DOUT[2]         ; V21   ; 5        ; 115          ; 25           ; 14           ; no              ; no                     ; no            ; 2         ; no              ; yes        ; no            ; no       ; Off          ; 2.5 V        ; Default          ; Series 50 Ohm without Calibration ; --                        ; no                         ; no                          ; Fitter               ; -                    ; -                   ;
; DOUT[3]         ; U24   ; 5        ; 115          ; 28           ; 7            ; no              ; no                     ; no            ; 2         ; no              ; yes        ; no            ; no       ; Off          ; 2.5 V        ; Default          ; Series 50 Ohm without Calibration ; --                        ; no                         ; no                          ; Fitter               ; -                    ; -                   ;
; DOUT[4]         ; U28   ; 5        ; 115          ; 28           ; 0            ; no              ; no                     ; no            ; 2         ; no              ; yes        ; no            ; no       ; Off          ; 2.5 V        ; Default          ; Series 50 Ohm without Calibration ; --                        ; no                         ; no                          ; Fitter               ; -                    ; -                   ;
; DOUT[5]         ; W21   ; 5        ; 115          ; 25           ; 21           ; no              ; no                     ; no            ; 2         ; no              ; yes        ; no            ; no       ; Off          ; 2.5 V        ; Default          ; Series 50 Ohm without Calibration ; --                        ; no                         ; no                          ; Fitter               ; -                    ; -                   ;
; DOUT[6]         ; W27   ; 5        ; 115          ; 20           ; 0            ; no              ; no                     ; no            ; 2         ; no              ; yes        ; no            ; no       ; Off          ; 2.5 V        ; Default          ; Series 50 Ohm without Calibration ; --                        ; no                         ; no                          ; Fitter               ; -                    ; -                   ;
; DOUT[7]         ; AB28  ; 5        ; 115          ; 17           ; 0            ; no              ; no                     ; no            ; 2         ; no              ; yes        ; no            ; no       ; Off          ; 2.5 V        ; Default          ; Series 50 Ohm without Calibration ; --                        ; no                         ; no                          ; Fitter               ; -                    ; -                   ;
; DOUT[8]         ; V28   ; 5        ; 115          ; 22           ; 21           ; no              ; no                     ; no            ; 2         ; no              ; yes        ; no            ; no       ; Off          ; 2.5 V        ; Default          ; Series 50 Ohm without Calibration ; --                        ; no                         ; no                          ; Fitter               ; -                    ; -                   ;
; DOUT[9]         ; Y25   ; 5        ; 115          ; 19           ; 7            ; no              ; no                     ; no            ; 2         ; no              ; yes        ; no            ; no       ; Off          ; 2.5 V        ; Default          ; Series 50 Ohm without Calibration ; --                        ; no                         ; no                          ; Fitter               ; -                    ; -                   ;
; INSOUT[0]       ; D22   ; 7        ; 111          ; 73           ; 0            ; no              ; no                     ; no            ; 2         ; no              ; no         ; no            ; no       ; Off          ; 2.5 V        ; Default          ; Series 50 Ohm without Calibration ; --                        ; no                         ; no                          ; Fitter               ; -                    ; -                   ;
; INSOUT[10]      ; M24   ; 6        ; 115          ; 41           ; 0            ; no              ; no                     ; no            ; 2         ; no              ; no         ; no            ; no       ; Off          ; 2.5 V        ; Default          ; Series 50 Ohm without Calibration ; --                        ; no                         ; no                          ; Fitter               ; -                    ; -                   ;
; INSOUT[11]      ; P21   ; 5        ; 115          ; 36           ; 0            ; no              ; no                     ; no            ; 2         ; no              ; no         ; no            ; no       ; Off          ; 2.5 V        ; Default          ; Series 50 Ohm without Calibration ; --                        ; no                         ; no                          ; Fitter               ; -                    ; -                   ;
; INSOUT[12]      ; M26   ; 6        ; 115          ; 46           ; 0            ; no              ; no                     ; no            ; 2         ; no              ; no         ; no            ; no       ; Off          ; 2.5 V        ; Default          ; Series 50 Ohm without Calibration ; --                        ; no                         ; no                          ; Fitter               ; -                    ; -                   ;
; INSOUT[13]      ; R22   ; 5        ; 115          ; 36           ; 14           ; no              ; no                     ; no            ; 2         ; no              ; no         ; no            ; no       ; Off          ; 2.5 V        ; Default          ; Series 50 Ohm without Calibration ; --                        ; no                         ; no                          ; Fitter               ; -                    ; -                   ;
; INSOUT[14]      ; L26   ; 6        ; 115          ; 50           ; 0            ; no              ; no                     ; no            ; 2         ; no              ; no         ; no            ; no       ; Off          ; 2.5 V        ; Default          ; Series 50 Ohm without Calibration ; --                        ; no                         ; no                          ; Fitter               ; -                    ; -                   ;
; INSOUT[15]      ; C27   ; 6        ; 115          ; 61           ; 14           ; no              ; no                     ; no            ; 2         ; no              ; no         ; no            ; no       ; Off          ; 2.5 V        ; Default          ; Series 50 Ohm without Calibration ; --                        ; no                         ; no                          ; Fitter               ; -                    ; -                   ;
; INSOUT[1]       ; K21   ; 6        ; 115          ; 64           ; 0            ; no              ; no                     ; no            ; 2         ; no              ; no         ; no            ; no       ; Off          ; 2.5 V        ; Default          ; Series 50 Ohm without Calibration ; --                        ; no                         ; no                          ; Fitter               ; -                    ; -                   ;
; INSOUT[2]       ; F28   ; 6        ; 115          ; 56           ; 21           ; no              ; no                     ; no            ; 2         ; no              ; no         ; no            ; no       ; Off          ; 2.5 V        ; Default          ; Series 50 Ohm without Calibration ; --                        ; no                         ; no                          ; Fitter               ; -                    ; -                   ;
; INSOUT[3]       ; H25   ; 6        ; 115          ; 58           ; 14           ; no              ; no                     ; no            ; 2         ; no              ; no         ; no            ; no       ; Off          ; 2.5 V        ; Default          ; Series 50 Ohm without Calibration ; --                        ; no                         ; no                          ; Fitter               ; -                    ; -                   ;
; INSOUT[4]       ; K25   ; 6        ; 115          ; 55           ; 14           ; no              ; no                     ; no            ; 2         ; no              ; no         ; no            ; no       ; Off          ; 2.5 V        ; Default          ; Series 50 Ohm without Calibration ; --                        ; no                         ; no                          ; Fitter               ; -                    ; -                   ;
; INSOUT[5]       ; E28   ; 6        ; 115          ; 57           ; 21           ; no              ; no                     ; no            ; 2         ; no              ; no         ; no            ; no       ; Off          ; 2.5 V        ; Default          ; Series 50 Ohm without Calibration ; --                        ; no                         ; no                          ; Fitter               ; -                    ; -                   ;
; INSOUT[6]       ; M25   ; 6        ; 115          ; 47           ; 21           ; no              ; no                     ; no            ; 2         ; no              ; no         ; no            ; no       ; Off          ; 2.5 V        ; Default          ; Series 50 Ohm without Calibration ; --                        ; no                         ; no                          ; Fitter               ; -                    ; -                   ;
; INSOUT[7]       ; K27   ; 6        ; 115          ; 50           ; 7            ; no              ; no                     ; no            ; 2         ; no              ; no         ; no            ; no       ; Off          ; 2.5 V        ; Default          ; Series 50 Ohm without Calibration ; --                        ; no                         ; no                          ; Fitter               ; -                    ; -                   ;
; INSOUT[8]       ; E22   ; 7        ; 111          ; 73           ; 7            ; no              ; no                     ; no            ; 2         ; no              ; no         ; no            ; no       ; Off          ; 2.5 V        ; Default          ; Series 50 Ohm without Calibration ; --                        ; no                         ; no                          ; Fitter               ; -                    ; -                   ;
; INSOUT[9]       ; D27   ; 6        ; 115          ; 61           ; 21           ; no              ; no                     ; no            ; 2         ; no              ; no         ; no            ; no       ; Off          ; 2.5 V        ; Default          ; Series 50 Ohm without Calibration ; --                        ; no                         ; no                          ; Fitter               ; -                    ; -                   ;
; JOUT[0]         ; L22   ; 6        ; 115          ; 62           ; 14           ; no              ; no                     ; no            ; 2         ; no              ; no         ; no            ; no       ; Off          ; 2.5 V        ; Default          ; Series 50 Ohm without Calibration ; --                        ; no                         ; no                          ; Fitter               ; -                    ; -                   ;
; JOUT[10]        ; H22   ; 6        ; 115          ; 69           ; 0            ; no              ; no                     ; no            ; 2         ; no              ; no         ; no            ; no       ; Off          ; 2.5 V        ; Default          ; Series 50 Ohm without Calibration ; --                        ; no                         ; no                          ; Fitter               ; -                    ; -                   ;
; JOUT[11]        ; F24   ; 6        ; 115          ; 68           ; 14           ; no              ; no                     ; no            ; 2         ; no              ; no         ; no            ; no       ; Off          ; 2.5 V        ; Default          ; Series 50 Ohm without Calibration ; --                        ; no                         ; no                          ; Fitter               ; -                    ; -                   ;
; JOUT[12]        ; F25   ; 6        ; 115          ; 68           ; 21           ; no              ; no                     ; no            ; 2         ; no              ; no         ; no            ; no       ; Off          ; 2.5 V        ; Default          ; Series 50 Ohm without Calibration ; --                        ; no                         ; no                          ; Fitter               ; -                    ; -                   ;
; JOUT[13]        ; E21   ; 7        ; 107          ; 73           ; 7            ; no              ; no                     ; no            ; 2         ; no              ; no         ; no            ; no       ; Off          ; 2.5 V        ; Default          ; Series 50 Ohm without Calibration ; --                        ; no                         ; no                          ; Fitter               ; -                    ; -                   ;
; JOUT[14]        ; C26   ; 7        ; 113          ; 73           ; 0            ; no              ; no                     ; no            ; 2         ; no              ; no         ; no            ; no       ; Off          ; 2.5 V        ; Default          ; Series 50 Ohm without Calibration ; --                        ; no                         ; no                          ; Fitter               ; -                    ; -                   ;
; JOUT[15]        ; A25   ; 7        ; 109          ; 73           ; 7            ; no              ; no                     ; no            ; 2         ; no              ; no         ; no            ; no       ; Off          ; 2.5 V        ; Default          ; Series 50 Ohm without Calibration ; --                        ; no                         ; no                          ; Fitter               ; -                    ; -                   ;
; JOUT[1]         ; J26   ; 6        ; 115          ; 51           ; 7            ; no              ; no                     ; no            ; 2         ; no              ; no         ; no            ; no       ; Off          ; 2.5 V        ; Default          ; Series 50 Ohm without Calibration ; --                        ; no                         ; no                          ; Fitter               ; -                    ; -                   ;
; JOUT[2]         ; G24   ; 6        ; 115          ; 69           ; 21           ; no              ; no                     ; no            ; 2         ; no              ; no         ; no            ; no       ; Off          ; 2.5 V        ; Default          ; Series 50 Ohm without Calibration ; --                        ; no                         ; no                          ; Fitter               ; -                    ; -                   ;
; JOUT[3]         ; H24   ; 6        ; 115          ; 65           ; 21           ; no              ; no                     ; no            ; 2         ; no              ; no         ; no            ; no       ; Off          ; 2.5 V        ; Default          ; Series 50 Ohm without Calibration ; --                        ; no                         ; no                          ; Fitter               ; -                    ; -                   ;
; JOUT[4]         ; J23   ; 6        ; 115          ; 63           ; 0            ; no              ; no                     ; no            ; 2         ; no              ; no         ; no            ; no       ; Off          ; 2.5 V        ; Default          ; Series 50 Ohm without Calibration ; --                        ; no                         ; no                          ; Fitter               ; -                    ; -                   ;
; JOUT[5]         ; J24   ; 6        ; 115          ; 63           ; 7            ; no              ; no                     ; no            ; 2         ; no              ; no         ; no            ; no       ; Off          ; 2.5 V        ; Default          ; Series 50 Ohm without Calibration ; --                        ; no                         ; no                          ; Fitter               ; -                    ; -                   ;
; JOUT[6]         ; B23   ; 7        ; 102          ; 73           ; 7            ; no              ; no                     ; no            ; 2         ; no              ; no         ; no            ; no       ; Off          ; 2.5 V        ; Default          ; Series 50 Ohm without Calibration ; --                        ; no                         ; no                          ; Fitter               ; -                    ; -                   ;
; JOUT[7]         ; C25   ; 7        ; 105          ; 73           ; 7            ; no              ; no                     ; no            ; 2         ; no              ; no         ; no            ; no       ; Off          ; 2.5 V        ; Default          ; Series 50 Ohm without Calibration ; --                        ; no                         ; no                          ; Fitter               ; -                    ; -                   ;
; JOUT[8]         ; A23   ; 7        ; 102          ; 73           ; 0            ; no              ; no                     ; no            ; 2         ; no              ; no         ; no            ; no       ; Off          ; 2.5 V        ; Default          ; Series 50 Ohm without Calibration ; --                        ; no                         ; no                          ; Fitter               ; -                    ; -                   ;
; JOUT[9]         ; M28   ; 6        ; 115          ; 45           ; 14           ; no              ; no                     ; no            ; 2         ; no              ; no         ; no            ; no       ; Off          ; 2.5 V        ; Default          ; Series 50 Ohm without Calibration ; --                        ; no                         ; no                          ; Fitter               ; -                    ; -                   ;
; JUMPMUX_OUT[0]  ; G25   ; 6        ; 115          ; 66           ; 14           ; no              ; no                     ; no            ; 2         ; no              ; no         ; no            ; no       ; Off          ; 2.5 V        ; Default          ; Series 50 Ohm without Calibration ; --                        ; no                         ; no                          ; Fitter               ; -                    ; -                   ;
; JUMPMUX_OUT[10] ; H23   ; 6        ; 115          ; 65           ; 14           ; no              ; no                     ; no            ; 2         ; no              ; no         ; no            ; no       ; Off          ; 2.5 V        ; Default          ; Series 50 Ohm without Calibration ; --                        ; no                         ; no                          ; Fitter               ; -                    ; -                   ;
; JUMPMUX_OUT[11] ; J22   ; 6        ; 115          ; 67           ; 14           ; no              ; no                     ; no            ; 2         ; no              ; no         ; no            ; no       ; Off          ; 2.5 V        ; Default          ; Series 50 Ohm without Calibration ; --                        ; no                         ; no                          ; Fitter               ; -                    ; -                   ;
; JUMPMUX_OUT[12] ; G23   ; 6        ; 115          ; 69           ; 14           ; no              ; no                     ; no            ; 2         ; no              ; no         ; no            ; no       ; Off          ; 2.5 V        ; Default          ; Series 50 Ohm without Calibration ; --                        ; no                         ; no                          ; Fitter               ; -                    ; -                   ;
; JUMPMUX_OUT[13] ; B25   ; 7        ; 107          ; 73           ; 0            ; no              ; no                     ; no            ; 2         ; no              ; no         ; no            ; no       ; Off          ; 2.5 V        ; Default          ; Series 50 Ohm without Calibration ; --                        ; no                         ; no                          ; Fitter               ; -                    ; -                   ;
; JUMPMUX_OUT[14] ; B26   ; 7        ; 113          ; 73           ; 7            ; no              ; no                     ; no            ; 2         ; no              ; no         ; no            ; no       ; Off          ; 2.5 V        ; Default          ; Series 50 Ohm without Calibration ; --                        ; no                         ; no                          ; Fitter               ; -                    ; -                   ;
; JUMPMUX_OUT[15] ; A26   ; 7        ; 109          ; 73           ; 0            ; no              ; no                     ; no            ; 2         ; no              ; no         ; no            ; no       ; Off          ; 2.5 V        ; Default          ; Series 50 Ohm without Calibration ; --                        ; no                         ; no                          ; Fitter               ; -                    ; -                   ;
; JUMPMUX_OUT[1]  ; L25   ; 6        ; 115          ; 54           ; 14           ; no              ; no                     ; no            ; 2         ; no              ; no         ; no            ; no       ; Off          ; 2.5 V        ; Default          ; Series 50 Ohm without Calibration ; --                        ; no                         ; no                          ; Fitter               ; -                    ; -                   ;
; JUMPMUX_OUT[2]  ; K22   ; 6        ; 115          ; 64           ; 7            ; no              ; no                     ; no            ; 2         ; no              ; no         ; no            ; no       ; Off          ; 2.5 V        ; Default          ; Series 50 Ohm without Calibration ; --                        ; no                         ; no                          ; Fitter               ; -                    ; -                   ;
; JUMPMUX_OUT[3]  ; D26   ; 6        ; 115          ; 62           ; 21           ; no              ; no                     ; no            ; 2         ; no              ; no         ; no            ; no       ; Off          ; 2.5 V        ; Default          ; Series 50 Ohm without Calibration ; --                        ; no                         ; no                          ; Fitter               ; -                    ; -                   ;
; JUMPMUX_OUT[4]  ; F26   ; 6        ; 115          ; 59           ; 14           ; no              ; no                     ; no            ; 2         ; no              ; no         ; no            ; no       ; Off          ; 2.5 V        ; Default          ; Series 50 Ohm without Calibration ; --                        ; no                         ; no                          ; Fitter               ; -                    ; -                   ;
; JUMPMUX_OUT[5]  ; D28   ; 6        ; 115          ; 60           ; 14           ; no              ; no                     ; no            ; 2         ; no              ; no         ; no            ; no       ; Off          ; 2.5 V        ; Default          ; Series 50 Ohm without Calibration ; --                        ; no                         ; no                          ; Fitter               ; -                    ; -                   ;
; JUMPMUX_OUT[6]  ; L23   ; 6        ; 115          ; 49           ; 7            ; no              ; no                     ; no            ; 2         ; no              ; no         ; no            ; no       ; Off          ; 2.5 V        ; Default          ; Series 50 Ohm without Calibration ; --                        ; no                         ; no                          ; Fitter               ; -                    ; -                   ;
; JUMPMUX_OUT[7]  ; D25   ; 7        ; 105          ; 73           ; 0            ; no              ; no                     ; no            ; 2         ; no              ; no         ; no            ; no       ; Off          ; 2.5 V        ; Default          ; Series 50 Ohm without Calibration ; --                        ; no                         ; no                          ; Fitter               ; -                    ; -                   ;
; JUMPMUX_OUT[8]  ; K28   ; 6        ; 115          ; 49           ; 0            ; no              ; no                     ; no            ; 2         ; no              ; no         ; no            ; no       ; Off          ; 2.5 V        ; Default          ; Series 50 Ohm without Calibration ; --                        ; no                         ; no                          ; Fitter               ; -                    ; -                   ;
; JUMPMUX_OUT[9]  ; N25   ; 6        ; 115          ; 45           ; 21           ; no              ; no                     ; no            ; 2         ; no              ; no         ; no            ; no       ; Off          ; 2.5 V        ; Default          ; Series 50 Ohm without Calibration ; --                        ; no                         ; no                          ; Fitter               ; -                    ; -                   ;
; MemRead         ; W26   ; 5        ; 115          ; 19           ; 0            ; no              ; no                     ; no            ; 2         ; no              ; no         ; no            ; no       ; Off          ; 2.5 V        ; Default          ; Series 50 Ohm without Calibration ; --                        ; no                         ; no                          ; Fitter               ; -                    ; -                   ;
; MemWrite        ; C18   ; 7        ; 87           ; 73           ; 21           ; no              ; no                     ; no            ; 2         ; no              ; no         ; no            ; no       ; Off          ; 2.5 V        ; Default          ; Series 50 Ohm without Calibration ; --                        ; no                         ; no                          ; Fitter               ; -                    ; -                   ;
; MemtoReg        ; U25   ; 5        ; 115          ; 27           ; 0            ; no              ; no                     ; no            ; 2         ; no              ; no         ; no            ; no       ; Off          ; 2.5 V        ; Default          ; Series 50 Ohm without Calibration ; --                        ; no                         ; no                          ; Fitter               ; -                    ; -                   ;
; PCP2[0]         ; K26   ; 6        ; 115          ; 55           ; 21           ; no              ; no                     ; no            ; 2         ; no              ; no         ; no            ; no       ; Off          ; 2.5 V        ; Default          ; Series 50 Ohm without Calibration ; --                        ; no                         ; no                          ; Fitter               ; -                    ; -                   ;
; PCP2[10]        ; L24   ; 6        ; 115          ; 48           ; 0            ; no              ; no                     ; no            ; 2         ; no              ; no         ; no            ; no       ; Off          ; 2.5 V        ; Default          ; Series 50 Ohm without Calibration ; --                        ; no                         ; no                          ; Fitter               ; -                    ; -                   ;
; PCP2[11]        ; G28   ; 6        ; 115          ; 52           ; 7            ; no              ; no                     ; no            ; 2         ; no              ; no         ; no            ; no       ; Off          ; 2.5 V        ; Default          ; Series 50 Ohm without Calibration ; --                        ; no                         ; no                          ; Fitter               ; -                    ; -                   ;
; PCP2[12]        ; G27   ; 6        ; 115          ; 52           ; 0            ; no              ; no                     ; no            ; 2         ; no              ; no         ; no            ; no       ; Off          ; 2.5 V        ; Default          ; Series 50 Ohm without Calibration ; --                        ; no                         ; no                          ; Fitter               ; -                    ; -                   ;
; PCP2[13]        ; F22   ; 7        ; 107          ; 73           ; 21           ; no              ; no                     ; no            ; 2         ; no              ; no         ; no            ; no       ; Off          ; 2.5 V        ; Default          ; Series 50 Ohm without Calibration ; --                        ; no                         ; no                          ; Fitter               ; -                    ; -                   ;
; PCP2[14]        ; P27   ; 6        ; 115          ; 44           ; 7            ; no              ; no                     ; no            ; 2         ; no              ; no         ; no            ; no       ; Off          ; 2.5 V        ; Default          ; Series 50 Ohm without Calibration ; --                        ; no                         ; no                          ; Fitter               ; -                    ; -                   ;
; PCP2[15]        ; G26   ; 6        ; 115          ; 66           ; 21           ; no              ; no                     ; no            ; 2         ; no              ; no         ; no            ; no       ; Off          ; 2.5 V        ; Default          ; Series 50 Ohm without Calibration ; --                        ; no                         ; no                          ; Fitter               ; -                    ; -                   ;
; PCP2[1]         ; E26   ; 6        ; 115          ; 59           ; 21           ; no              ; no                     ; no            ; 2         ; no              ; no         ; no            ; no       ; Off          ; 2.5 V        ; Default          ; Series 50 Ohm without Calibration ; --                        ; no                         ; no                          ; Fitter               ; -                    ; -                   ;
; PCP2[2]         ; H26   ; 6        ; 115          ; 58           ; 21           ; no              ; no                     ; no            ; 2         ; no              ; no         ; no            ; no       ; Off          ; 2.5 V        ; Default          ; Series 50 Ohm without Calibration ; --                        ; no                         ; no                          ; Fitter               ; -                    ; -                   ;
; PCP2[3]         ; L21   ; 6        ; 115          ; 62           ; 7            ; no              ; no                     ; no            ; 2         ; no              ; no         ; no            ; no       ; Off          ; 2.5 V        ; Default          ; Series 50 Ohm without Calibration ; --                        ; no                         ; no                          ; Fitter               ; -                    ; -                   ;
; PCP2[4]         ; L28   ; 6        ; 115          ; 47           ; 14           ; no              ; no                     ; no            ; 2         ; no              ; no         ; no            ; no       ; Off          ; 2.5 V        ; Default          ; Series 50 Ohm without Calibration ; --                        ; no                         ; no                          ; Fitter               ; -                    ; -                   ;
; PCP2[5]         ; M27   ; 6        ; 115          ; 46           ; 7            ; no              ; no                     ; no            ; 2         ; no              ; no         ; no            ; no       ; Off          ; 2.5 V        ; Default          ; Series 50 Ohm without Calibration ; --                        ; no                         ; no                          ; Fitter               ; -                    ; -                   ;
; PCP2[6]         ; L27   ; 6        ; 115          ; 48           ; 7            ; no              ; no                     ; no            ; 2         ; no              ; no         ; no            ; no       ; Off          ; 2.5 V        ; Default          ; Series 50 Ohm without Calibration ; --                        ; no                         ; no                          ; Fitter               ; -                    ; -                   ;
; PCP2[7]         ; M21   ; 6        ; 115          ; 53           ; 14           ; no              ; no                     ; no            ; 2         ; no              ; no         ; no            ; no       ; Off          ; 2.5 V        ; Default          ; Series 50 Ohm without Calibration ; --                        ; no                         ; no                          ; Fitter               ; -                    ; -                   ;
; PCP2[8]         ; J25   ; 6        ; 115          ; 51           ; 0            ; no              ; no                     ; no            ; 2         ; no              ; no         ; no            ; no       ; Off          ; 2.5 V        ; Default          ; Series 50 Ohm without Calibration ; --                        ; no                         ; no                          ; Fitter               ; -                    ; -                   ;
; PCP2[9]         ; F21   ; 7        ; 107          ; 73           ; 14           ; no              ; no                     ; no            ; 2         ; no              ; no         ; no            ; no       ; Off          ; 2.5 V        ; Default          ; Series 50 Ohm without Calibration ; --                        ; no                         ; no                          ; Fitter               ; -                    ; -                   ;
; RegDst          ; C20   ; 7        ; 85           ; 73           ; 7            ; no              ; no                     ; no            ; 2         ; no              ; no         ; no            ; no       ; Off          ; 2.5 V        ; Default          ; Series 50 Ohm without Calibration ; --                        ; no                         ; no                          ; Fitter               ; -                    ; -                   ;
; RegWrite        ; C19   ; 7        ; 83           ; 73           ; 7            ; no              ; no                     ; no            ; 2         ; no              ; no         ; no            ; no       ; Off          ; 2.5 V        ; Default          ; Series 50 Ohm without Calibration ; --                        ; no                         ; no                          ; Fitter               ; -                    ; -                   ;
+-----------------+-------+----------+--------------+--------------+--------------+-----------------+------------------------+---------------+-----------+-----------------+------------+---------------+----------+--------------+--------------+------------------+-----------------------------------+---------------------------+----------------------------+-----------------------------+----------------------+----------------------+---------------------+


+------------------------------------------------------------------------------------------------------------------------------------+
; Dual Purpose and Dedicated Pins                                                                                                    ;
+----------+----------------------------------------+--------------------------+-------------------------+---------------------------+
; Location ; Pin Name                               ; Reserved As              ; User Signal Name        ; Pin Type                  ;
+----------+----------------------------------------+--------------------------+-------------------------+---------------------------+
; F4       ; DIFFIO_L5n, DATA1, ASDO                ; As input tri-stated      ; ~ALTERA_ASDO_DATA1~     ; Dual Purpose Pin          ;
; E2       ; DIFFIO_L8p, FLASH_nCE, nCSO            ; As input tri-stated      ; ~ALTERA_FLASH_nCE_nCSO~ ; Dual Purpose Pin          ;
; M6       ; nSTATUS                                ; -                        ; -                       ; Dedicated Programming Pin ;
; P3       ; DCLK                                   ; As output driving ground ; ~ALTERA_DCLK~           ; Dual Purpose Pin          ;
; N7       ; DATA0                                  ; As input tri-stated      ; ~ALTERA_DATA0~          ; Dual Purpose Pin          ;
; P4       ; nCONFIG                                ; -                        ; -                       ; Dedicated Programming Pin ;
; R8       ; nCE                                    ; -                        ; -                       ; Dedicated Programming Pin ;
; P24      ; CONF_DONE                              ; -                        ; -                       ; Dedicated Programming Pin ;
; N22      ; MSEL0                                  ; -                        ; -                       ; Dedicated Programming Pin ;
; P23      ; MSEL1                                  ; -                        ; -                       ; Dedicated Programming Pin ;
; M22      ; MSEL2                                  ; -                        ; -                       ; Dedicated Programming Pin ;
; P22      ; MSEL3                                  ; -                        ; -                       ; Dedicated Programming Pin ;
; P28      ; DIFFIO_R23n, nCEO                      ; Use as programming pin   ; ~ALTERA_nCEO~           ; Dual Purpose Pin          ;
; P27      ; DIFFIO_R23p, CLKUSR                    ; Use as regular IO        ; PCP2[14]                ; Dual Purpose Pin          ;
; G28      ; DIFFIO_R15n, nWE                       ; Use as regular IO        ; PCP2[11]                ; Dual Purpose Pin          ;
; G27      ; DIFFIO_R15p, nOE                       ; Use as regular IO        ; PCP2[12]                ; Dual Purpose Pin          ;
; F28      ; DIFFIO_R13n, nAVD                      ; Use as regular IO        ; INSOUT[2]               ; Dual Purpose Pin          ;
; F27      ; DIFFIO_R13p                            ; Use as regular IO        ; EN                      ; Dual Purpose Pin          ;
; E28      ; DIFFIO_R12n, PADD23                    ; Use as regular IO        ; INSOUT[5]               ; Dual Purpose Pin          ;
; D28      ; DIFFIO_R9n, PADD22                     ; Use as regular IO        ; JUMPMUX_OUT[5]          ; Dual Purpose Pin          ;
; D27      ; DIFFIO_R9p, PADD21                     ; Use as regular IO        ; INSOUT[9]               ; Dual Purpose Pin          ;
; C27      ; DIFFIO_R8n, PADD20, DQS2R/CQ3R,CDPCLK5 ; Use as regular IO        ; INSOUT[15]              ; Dual Purpose Pin          ;
; C18      ; DIFFIO_T50n, PADD1                     ; Use as regular IO        ; MemWrite                ; Dual Purpose Pin          ;
; D18      ; DIFFIO_T50p, PADD2                     ; Use as regular IO        ; ALUSrc                  ; Dual Purpose Pin          ;
+----------+----------------------------------------+--------------------------+-------------------------+---------------------------+


+------------------------------------------------------------+
; I/O Bank Usage                                             ;
+----------+------------------+---------------+--------------+
; I/O Bank ; Usage            ; VCCIO Voltage ; VREF Voltage ;
+----------+------------------+---------------+--------------+
; 1        ; 5 / 56 ( 9 % )   ; 2.5V          ; --           ;
; 2        ; 0 / 63 ( 0 % )   ; 2.5V          ; --           ;
; 3        ; 0 / 73 ( 0 % )   ; 2.5V          ; --           ;
; 4        ; 3 / 71 ( 4 % )   ; 2.5V          ; --           ;
; 5        ; 18 / 65 ( 28 % ) ; 2.5V          ; --           ;
; 6        ; 51 / 58 ( 88 % ) ; 2.5V          ; --           ;
; 7        ; 25 / 72 ( 35 % ) ; 2.5V          ; --           ;
; 8        ; 0 / 71 ( 0 % )   ; 2.5V          ; --           ;
+----------+------------------+---------------+--------------+


+-----------------------------------------------------------------------------------------------------------------------------------------------------------------------------------------+
; All Package Pins                                                                                                                                                                        ;
+----------+------------+----------+-----------------------------------------------------------+--------+--------------+---------+------------+-----------------+----------+--------------+
; Location ; Pad Number ; I/O Bank ; Pin Name/Usage                                            ; Dir.   ; I/O Standard ; Voltage ; I/O Type   ; User Assignment ; Bus Hold ; Weak Pull Up ;
+----------+------------+----------+-----------------------------------------------------------+--------+--------------+---------+------------+-----------------+----------+--------------+
; A2       ;            ; 8        ; VCCIO8                                                    ; power  ;              ; 2.5V    ; --         ;                 ; --       ; --           ;
; A3       ; 535        ; 8        ; RESERVED_INPUT_WITH_WEAK_PULLUP                           ;        ;              ;         ; Column I/O ;                 ; no       ; On           ;
; A4       ; 532        ; 8        ; RESERVED_INPUT_WITH_WEAK_PULLUP                           ;        ;              ;         ; Column I/O ;                 ; no       ; On           ;
; A5       ;            ; 8        ; VCCIO8                                                    ; power  ;              ; 2.5V    ; --         ;                 ; --       ; --           ;
; A6       ; 504        ; 8        ; RESERVED_INPUT_WITH_WEAK_PULLUP                           ;        ;              ;         ; Column I/O ;                 ; no       ; On           ;
; A7       ; 501        ; 8        ; RESERVED_INPUT_WITH_WEAK_PULLUP                           ;        ;              ;         ; Column I/O ;                 ; no       ; On           ;
; A8       ; 517        ; 8        ; RESERVED_INPUT_WITH_WEAK_PULLUP                           ;        ;              ;         ; Column I/O ;                 ; no       ; On           ;
; A9       ;            ; 8        ; VCCIO8                                                    ; power  ;              ; 2.5V    ; --         ;                 ; --       ; --           ;
; A10      ; 491        ; 8        ; RESERVED_INPUT_WITH_WEAK_PULLUP                           ;        ;              ;         ; Column I/O ;                 ; no       ; On           ;
; A11      ; 487        ; 8        ; RESERVED_INPUT_WITH_WEAK_PULLUP                           ;        ;              ;         ; Column I/O ;                 ; no       ; On           ;
; A12      ; 482        ; 8        ; RESERVED_INPUT_WITH_WEAK_PULLUP                           ;        ;              ;         ; Column I/O ;                 ; no       ; On           ;
; A13      ;            ; 8        ; VCCIO8                                                    ; power  ;              ; 2.5V    ; --         ;                 ; --       ; --           ;
; A14      ; 472        ; 8        ; GND+                                                      ;        ;              ;         ; Column I/O ;                 ; --       ; --           ;
; A15      ; 470        ; 7        ; GND+                                                      ;        ;              ;         ; Column I/O ;                 ; --       ; --           ;
; A16      ;            ; 7        ; VCCIO7                                                    ; power  ;              ; 2.5V    ; --         ;                 ; --       ; --           ;
; A17      ; 462        ; 7        ; RESERVED_INPUT_WITH_WEAK_PULLUP                           ;        ;              ;         ; Column I/O ;                 ; no       ; On           ;
; A18      ; 442        ; 7        ; RESERVED_INPUT_WITH_WEAK_PULLUP                           ;        ;              ;         ; Column I/O ;                 ; no       ; On           ;
; A19      ; 440        ; 7        ; RESERVED_INPUT_WITH_WEAK_PULLUP                           ;        ;              ;         ; Column I/O ;                 ; no       ; On           ;
; A20      ;            ; 7        ; VCCIO7                                                    ; power  ;              ; 2.5V    ; --         ;                 ; --       ; --           ;
; A21      ; 425        ; 7        ; ALUOp[2]                                                  ; output ; 2.5 V        ;         ; Column I/O ; N               ; no       ; Off          ;
; A22      ; 423        ; 7        ; RESERVED_INPUT_WITH_WEAK_PULLUP                           ;        ;              ;         ; Column I/O ;                 ; no       ; On           ;
; A23      ; 412        ; 7        ; JOUT[8]                                                   ; output ; 2.5 V        ;         ; Column I/O ; N               ; no       ; Off          ;
; A24      ;            ; 7        ; VCCIO7                                                    ; power  ;              ; 2.5V    ; --         ;                 ; --       ; --           ;
; A25      ; 405        ; 7        ; JOUT[15]                                                  ; output ; 2.5 V        ;         ; Column I/O ; N               ; no       ; Off          ;
; A26      ; 404        ; 7        ; JUMPMUX_OUT[15]                                           ; output ; 2.5 V        ;         ; Column I/O ; N               ; no       ; Off          ;
; A27      ;            ; 7        ; VCCIO7                                                    ; power  ;              ; 2.5V    ; --         ;                 ; --       ; --           ;
; AA1      ;            ; 2        ; VCCIO2                                                    ; power  ;              ; 2.5V    ; --         ;                 ; --       ; --           ;
; AA2      ;            ;          ; GND                                                       ; gnd    ;              ;         ; --         ;                 ; --       ; --           ;
; AA3      ; 102        ; 2        ; RESERVED_INPUT_WITH_WEAK_PULLUP                           ;        ;              ;         ; Row I/O    ;                 ; no       ; On           ;
; AA4      ; 101        ; 2        ; RESERVED_INPUT_WITH_WEAK_PULLUP                           ;        ;              ;         ; Row I/O    ;                 ; no       ; On           ;
; AA5      ; 119        ; 2        ; RESERVED_INPUT_WITH_WEAK_PULLUP                           ;        ;              ;         ; Row I/O    ;                 ; no       ; On           ;
; AA6      ; 118        ; 2        ; RESERVED_INPUT_WITH_WEAK_PULLUP                           ;        ;              ;         ; Row I/O    ;                 ; no       ; On           ;
; AA7      ; 120        ; 2        ; RESERVED_INPUT_WITH_WEAK_PULLUP                           ;        ;              ;         ; Row I/O    ;                 ; no       ; On           ;
; AA8      ; 154        ; 3        ; RESERVED_INPUT_WITH_WEAK_PULLUP                           ;        ;              ;         ; Column I/O ;                 ; no       ; On           ;
; AA9      ;            ;          ; GNDA1                                                     ; gnd    ;              ;         ; --         ;                 ; --       ; --           ;
; AA10     ; 155        ; 3        ; RESERVED_INPUT_WITH_WEAK_PULLUP                           ;        ;              ;         ; Column I/O ;                 ; no       ; On           ;
; AA11     ;            ; 3        ; VCCIO3                                                    ; power  ;              ; 2.5V    ; --         ;                 ; --       ; --           ;
; AA12     ; 188        ; 3        ; RESERVED_INPUT_WITH_WEAK_PULLUP                           ;        ;              ;         ; Column I/O ;                 ; no       ; On           ;
; AA13     ; 190        ; 3        ; RESERVED_INPUT_WITH_WEAK_PULLUP                           ;        ;              ;         ; Column I/O ;                 ; no       ; On           ;
; AA14     ; 191        ; 3        ; RESERVED_INPUT_WITH_WEAK_PULLUP                           ;        ;              ;         ; Column I/O ;                 ; no       ; On           ;
; AA15     ; 213        ; 4        ; RESERVED_INPUT_WITH_WEAK_PULLUP                           ;        ;              ;         ; Column I/O ;                 ; --       ; --           ;
; AA16     ; 211        ; 4        ; RESERVED_INPUT_WITH_WEAK_PULLUP                           ;        ;              ;         ; Column I/O ;                 ; no       ; On           ;
; AA17     ; 241        ; 4        ; RESERVED_INPUT_WITH_WEAK_PULLUP                           ;        ;              ;         ; Column I/O ;                 ; no       ; On           ;
; AA18     ;            ; 4        ; VCCIO4                                                    ; power  ;              ; 2.5V    ; --         ;                 ; --       ; --           ;
; AA19     ; 264        ; 4        ; RESERVED_INPUT_WITH_WEAK_PULLUP                           ;        ;              ;         ; Column I/O ;                 ; no       ; On           ;
; AA20     ;            ;          ; GNDA4                                                     ; gnd    ;              ;         ; --         ;                 ; --       ; --           ;
; AA21     ; 269        ; 4        ; RESERVED_INPUT_WITH_WEAK_PULLUP                           ;        ;              ;         ; Column I/O ;                 ; no       ; On           ;
; AA22     ; 275        ; 5        ; RESERVED_INPUT_WITH_WEAK_PULLUP                           ;        ;              ;         ; Row I/O    ;                 ; no       ; On           ;
; AA23     ; 280        ; 5        ; RESERVED_INPUT_WITH_WEAK_PULLUP                           ;        ;              ;         ; Row I/O    ;                 ; no       ; On           ;
; AA24     ; 279        ; 5        ; RESERVED_INPUT_WITH_WEAK_PULLUP                           ;        ;              ;         ; Row I/O    ;                 ; --       ; --           ;
; AA25     ; 294        ; 5        ; DOUT[1]                                                   ; output ; 2.5 V        ;         ; Row I/O    ; N               ; no       ; Off          ;
; AA26     ; 293        ; 5        ; RESERVED_INPUT_WITH_WEAK_PULLUP                           ;        ;              ;         ; Row I/O    ;                 ; no       ; On           ;
; AA27     ;            ;          ; GND                                                       ; gnd    ;              ;         ; --         ;                 ; --       ; --           ;
; AA28     ;            ; 5        ; VCCIO5                                                    ; power  ;              ; 2.5V    ; --         ;                 ; --       ; --           ;
; AB1      ; 86         ; 2        ; RESERVED_INPUT_WITH_WEAK_PULLUP                           ;        ;              ;         ; Row I/O    ;                 ; no       ; On           ;
; AB2      ; 85         ; 2        ; RESERVED_INPUT_WITH_WEAK_PULLUP                           ;        ;              ;         ; Row I/O    ;                 ; no       ; On           ;
; AB3      ; 99         ; 2        ; RESERVED_INPUT_WITH_WEAK_PULLUP                           ;        ;              ;         ; Row I/O    ;                 ; no       ; On           ;
; AB4      ; 121        ; 2        ; RESERVED_INPUT_WITH_WEAK_PULLUP                           ;        ;              ;         ; Row I/O    ;                 ; --       ; --           ;
; AB5      ; 127        ; 2        ; RESERVED_INPUT_WITH_WEAK_PULLUP                           ;        ;              ;         ; Row I/O    ;                 ; no       ; On           ;
; AB6      ; 126        ; 2        ; RESERVED_INPUT_WITH_WEAK_PULLUP                           ;        ;              ;         ; Row I/O    ;                 ; no       ; On           ;
; AB7      ; 152        ; 3        ; RESERVED_INPUT_WITH_WEAK_PULLUP                           ;        ;              ;         ; Column I/O ;                 ; no       ; On           ;
; AB8      ; 148        ; 3        ; RESERVED_INPUT_WITH_WEAK_PULLUP                           ;        ;              ;         ; Column I/O ;                 ; no       ; On           ;
; AB9      ; 147        ; 3        ; RESERVED_INPUT_WITH_WEAK_PULLUP                           ;        ;              ;         ; Column I/O ;                 ; no       ; On           ;
; AB10     ; 173        ; 3        ; RESERVED_INPUT_WITH_WEAK_PULLUP                           ;        ;              ;         ; Column I/O ;                 ; no       ; On           ;
; AB11     ; 164        ; 3        ; RESERVED_INPUT_WITH_WEAK_PULLUP                           ;        ;              ;         ; Column I/O ;                 ; --       ; --           ;
; AB12     ; 180        ; 3        ; RESERVED_INPUT_WITH_WEAK_PULLUP                           ;        ;              ;         ; Column I/O ;                 ; no       ; On           ;
; AB13     ; 181        ; 3        ; RESERVED_INPUT_WITH_WEAK_PULLUP                           ;        ;              ;         ; Column I/O ;                 ; --       ; --           ;
; AB14     ; 192        ; 3        ; RESERVED_INPUT_WITH_WEAK_PULLUP                           ;        ;              ;         ; Column I/O ;                 ; no       ; On           ;
; AB15     ; 214        ; 4        ; RESERVED_INPUT_WITH_WEAK_PULLUP                           ;        ;              ;         ; Column I/O ;                 ; no       ; On           ;
; AB16     ; 212        ; 4        ; ALUOp[0]                                                  ; output ; 2.5 V        ;         ; Column I/O ; N               ; no       ; Off          ;
; AB17     ; 242        ; 4        ; RESERVED_INPUT_WITH_WEAK_PULLUP                           ;        ;              ;         ; Column I/O ;                 ; no       ; On           ;
; AB18     ; 254        ; 4        ; RESERVED_INPUT_WITH_WEAK_PULLUP                           ;        ;              ;         ; Column I/O ;                 ; no       ; On           ;
; AB19     ; 253        ; 4        ; RESERVED_INPUT_WITH_WEAK_PULLUP                           ;        ;              ;         ; Column I/O ;                 ; no       ; On           ;
; AB20     ; 257        ; 4        ; RESERVED_INPUT_WITH_WEAK_PULLUP                           ;        ;              ;         ; Column I/O ;                 ; --       ; --           ;
; AB21     ; 266        ; 4        ; RESERVED_INPUT_WITH_WEAK_PULLUP                           ;        ;              ;         ; Column I/O ;                 ; no       ; On           ;
; AB22     ; 265        ; 4        ; RESERVED_INPUT_WITH_WEAK_PULLUP                           ;        ;              ;         ; Column I/O ;                 ; no       ; On           ;
; AB23     ; 276        ; 5        ; RESERVED_INPUT_WITH_WEAK_PULLUP                           ;        ;              ;         ; Row I/O    ;                 ; no       ; On           ;
; AB24     ; 274        ; 5        ; RESERVED_INPUT_WITH_WEAK_PULLUP                           ;        ;              ;         ; Row I/O    ;                 ; no       ; On           ;
; AB25     ; 292        ; 5        ; RESERVED_INPUT_WITH_WEAK_PULLUP                           ;        ;              ;         ; Row I/O    ;                 ; no       ; On           ;
; AB26     ; 291        ; 5        ; RESERVED_INPUT_WITH_WEAK_PULLUP                           ;        ;              ;         ; Row I/O    ;                 ; no       ; On           ;
; AB27     ; 296        ; 5        ; DOUT[10]                                                  ; output ; 2.5 V        ;         ; Row I/O    ; N               ; no       ; Off          ;
; AB28     ; 295        ; 5        ; DOUT[7]                                                   ; output ; 2.5 V        ;         ; Row I/O    ; N               ; no       ; Off          ;
; AC1      ; 94         ; 2        ; RESERVED_INPUT_WITH_WEAK_PULLUP                           ;        ;              ;         ; Row I/O    ;                 ; no       ; On           ;
; AC2      ; 93         ; 2        ; RESERVED_INPUT_WITH_WEAK_PULLUP                           ;        ;              ;         ; Row I/O    ;                 ; no       ; On           ;
; AC3      ; 95         ; 2        ; RESERVED_INPUT_WITH_WEAK_PULLUP                           ;        ;              ;         ; Row I/O    ;                 ; no       ; On           ;
; AC4      ; 125        ; 2        ; RESERVED_INPUT_WITH_WEAK_PULLUP                           ;        ;              ;         ; Row I/O    ;                 ; no       ; On           ;
; AC5      ; 124        ; 2        ; RESERVED_INPUT_WITH_WEAK_PULLUP                           ;        ;              ;         ; Row I/O    ;                 ; no       ; On           ;
; AC6      ;            ;          ; GND                                                       ; gnd    ;              ;         ; --         ;                 ; --       ; --           ;
; AC7      ; 144        ; 3        ; RESERVED_INPUT_WITH_WEAK_PULLUP                           ;        ;              ;         ; Column I/O ;                 ; no       ; On           ;
; AC8      ; 153        ; 3        ; RESERVED_INPUT_WITH_WEAK_PULLUP                           ;        ;              ;         ; Column I/O ;                 ; no       ; On           ;
; AC9      ;            ;          ; GND                                                       ; gnd    ;              ;         ; --         ;                 ; --       ; --           ;
; AC10     ; 174        ; 3        ; RESERVED_INPUT_WITH_WEAK_PULLUP                           ;        ;              ;         ; Column I/O ;                 ; no       ; On           ;
; AC11     ; 185        ; 3        ; RESERVED_INPUT_WITH_WEAK_PULLUP                           ;        ;              ;         ; Column I/O ;                 ; no       ; On           ;
; AC12     ; 179        ; 3        ; RESERVED_INPUT_WITH_WEAK_PULLUP                           ;        ;              ;         ; Column I/O ;                 ; no       ; On           ;
; AC13     ;            ;          ; GND                                                       ; gnd    ;              ;         ; --         ;                 ; --       ; --           ;
; AC14     ; 195        ; 3        ; RESERVED_INPUT_WITH_WEAK_PULLUP                           ;        ;              ;         ; Column I/O ;                 ; no       ; On           ;
; AC15     ; 203        ; 4        ; RESERVED_INPUT_WITH_WEAK_PULLUP                           ;        ;              ;         ; Column I/O ;                 ; no       ; On           ;
; AC16     ;            ;          ; GND                                                       ; gnd    ;              ;         ; --         ;                 ; --       ; --           ;
; AC17     ; 221        ; 4        ; RESERVED_INPUT_WITH_WEAK_PULLUP                           ;        ;              ;         ; Column I/O ;                 ; no       ; On           ;
; AC18     ; 240        ; 4        ; DOUT[0]                                                   ; output ; 2.5 V        ;         ; Column I/O ; N               ; no       ; Off          ;
; AC19     ; 247        ; 4        ; RESERVED_INPUT_WITH_WEAK_PULLUP                           ;        ;              ;         ; Column I/O ;                 ; no       ; On           ;
; AC20     ;            ;          ; GND                                                       ; gnd    ;              ;         ; --         ;                 ; --       ; --           ;
; AC21     ; 258        ; 4        ; RESERVED_INPUT_WITH_WEAK_PULLUP                           ;        ;              ;         ; Column I/O ;                 ; no       ; On           ;
; AC22     ; 267        ; 4        ; RESERVED_INPUT_WITH_WEAK_PULLUP                           ;        ;              ;         ; Column I/O ;                 ; no       ; On           ;
; AC23     ;            ;          ; GND                                                       ; gnd    ;              ;         ; --         ;                 ; --       ; --           ;
; AC24     ; 273        ; 5        ; RESERVED_INPUT_WITH_WEAK_PULLUP                           ;        ;              ;         ; Row I/O    ;                 ; no       ; On           ;
; AC25     ; 272        ; 5        ; RESERVED_INPUT_WITH_WEAK_PULLUP                           ;        ;              ;         ; Row I/O    ;                 ; no       ; On           ;
; AC26     ; 282        ; 5        ; RESERVED_INPUT_WITH_WEAK_PULLUP                           ;        ;              ;         ; Row I/O    ;                 ; no       ; On           ;
; AC27     ; 290        ; 5        ; RESERVED_INPUT_WITH_WEAK_PULLUP                           ;        ;              ;         ; Row I/O    ;                 ; no       ; On           ;
; AC28     ; 289        ; 5        ; RESERVED_INPUT_WITH_WEAK_PULLUP                           ;        ;              ;         ; Row I/O    ;                 ; no       ; On           ;
; AD1      ; 98         ; 2        ; RESERVED_INPUT_WITH_WEAK_PULLUP                           ;        ;              ;         ; Row I/O    ;                 ; no       ; On           ;
; AD2      ; 97         ; 2        ; RESERVED_INPUT_WITH_WEAK_PULLUP                           ;        ;              ;         ; Row I/O    ;                 ; no       ; On           ;
; AD3      ; 96         ; 2        ; RESERVED_INPUT_WITH_WEAK_PULLUP                           ;        ;              ;         ; Row I/O    ;                 ; no       ; On           ;
; AD4      ; 130        ; 3        ; RESERVED_INPUT_WITH_WEAK_PULLUP                           ;        ;              ;         ; Column I/O ;                 ; no       ; On           ;
; AD5      ; 128        ; 3        ; RESERVED_INPUT_WITH_WEAK_PULLUP                           ;        ;              ;         ; Column I/O ;                 ; no       ; On           ;
; AD6      ;            ; 3        ; VCCIO3                                                    ; power  ;              ; 2.5V    ; --         ;                 ; --       ; --           ;
; AD7      ; 134        ; 3        ; RESERVED_INPUT_WITH_WEAK_PULLUP                           ;        ;              ;         ; Column I/O ;                 ; no       ; On           ;
; AD8      ; 143        ; 3        ; RESERVED_INPUT_WITH_WEAK_PULLUP                           ;        ;              ;         ; Column I/O ;                 ; no       ; On           ;
; AD9      ;            ; 3        ; VCCIO3                                                    ; power  ;              ; 2.5V    ; --         ;                 ; --       ; --           ;
; AD10     ; 149        ; 3        ; RESERVED_INPUT_WITH_WEAK_PULLUP                           ;        ;              ;         ; Column I/O ;                 ; no       ; On           ;
; AD11     ; 186        ; 3        ; RESERVED_INPUT_WITH_WEAK_PULLUP                           ;        ;              ;         ; Column I/O ;                 ; no       ; On           ;
; AD12     ; 182        ; 3        ; RESERVED_INPUT_WITH_WEAK_PULLUP                           ;        ;              ;         ; Column I/O ;                 ; no       ; On           ;
; AD13     ;            ; 3        ; VCCIO3                                                    ; power  ;              ; 2.5V    ; --         ;                 ; --       ; --           ;
; AD14     ; 196        ; 3        ; RESERVED_INPUT_WITH_WEAK_PULLUP                           ;        ;              ;         ; Column I/O ;                 ; no       ; On           ;
; AD15     ; 204        ; 4        ; RESERVED_INPUT_WITH_WEAK_PULLUP                           ;        ;              ;         ; Column I/O ;                 ; no       ; On           ;
; AD16     ;            ; 4        ; VCCIO4                                                    ; power  ;              ; 2.5V    ; --         ;                 ; --       ; --           ;
; AD17     ; 222        ; 4        ; RESERVED_INPUT_WITH_WEAK_PULLUP                           ;        ;              ;         ; Column I/O ;                 ; no       ; On           ;
; AD18     ; 237        ; 4        ; RESERVED_INPUT_WITH_WEAK_PULLUP                           ;        ;              ;         ; Column I/O ;                 ; no       ; On           ;
; AD19     ; 248        ; 4        ; RESERVED_INPUT_WITH_WEAK_PULLUP                           ;        ;              ;         ; Column I/O ;                 ; no       ; On           ;
; AD20     ;            ; 4        ; VCCIO4                                                    ; power  ;              ; 2.5V    ; --         ;                 ; --       ; --           ;
; AD21     ; 259        ; 4        ; RESERVED_INPUT_WITH_WEAK_PULLUP                           ;        ;              ;         ; Column I/O ;                 ; no       ; On           ;
; AD22     ; 268        ; 4        ; RESERVED_INPUT_WITH_WEAK_PULLUP                           ;        ;              ;         ; Column I/O ;                 ; no       ; On           ;
; AD23     ;            ; 4        ; VCCIO4                                                    ; power  ;              ; 2.5V    ; --         ;                 ; --       ; --           ;
; AD24     ; 260        ; 4        ; RESERVED_INPUT_WITH_WEAK_PULLUP                           ;        ;              ;         ; Column I/O ;                 ; no       ; On           ;
; AD25     ; 255        ; 4        ; RESERVED_INPUT_WITH_WEAK_PULLUP                           ;        ;              ;         ; Column I/O ;                 ; no       ; On           ;
; AD26     ; 281        ; 5        ; RESERVED_INPUT_WITH_WEAK_PULLUP                           ;        ;              ;         ; Row I/O    ;                 ; no       ; On           ;
; AD27     ; 286        ; 5        ; RESERVED_INPUT_WITH_WEAK_PULLUP                           ;        ;              ;         ; Row I/O    ;                 ; no       ; On           ;
; AD28     ; 285        ; 5        ; RESERVED_INPUT_WITH_WEAK_PULLUP                           ;        ;              ;         ; Row I/O    ;                 ; no       ; On           ;
; AE1      ; 106        ; 2        ; RESERVED_INPUT_WITH_WEAK_PULLUP                           ;        ;              ;         ; Row I/O    ;                 ; no       ; On           ;
; AE2      ; 105        ; 2        ; RESERVED_INPUT_WITH_WEAK_PULLUP                           ;        ;              ;         ; Row I/O    ;                 ; no       ; On           ;
; AE3      ; 122        ; 2        ; RESERVED_INPUT_WITH_WEAK_PULLUP                           ;        ;              ;         ; Row I/O    ;                 ; no       ; On           ;
; AE4      ; 132        ; 3        ; RESERVED_INPUT_WITH_WEAK_PULLUP                           ;        ;              ;         ; Column I/O ;                 ; no       ; On           ;
; AE5      ; 135        ; 3        ; RESERVED_INPUT_WITH_WEAK_PULLUP                           ;        ;              ;         ; Column I/O ;                 ; no       ; On           ;
; AE6      ; 129        ; 3        ; RESERVED_INPUT_WITH_WEAK_PULLUP                           ;        ;              ;         ; Column I/O ;                 ; no       ; On           ;
; AE7      ; 158        ; 3        ; RESERVED_INPUT_WITH_WEAK_PULLUP                           ;        ;              ;         ; Column I/O ;                 ; no       ; On           ;
; AE8      ; 161        ; 3        ; RESERVED_INPUT_WITH_WEAK_PULLUP                           ;        ;              ;         ; Column I/O ;                 ; no       ; On           ;
; AE9      ; 163        ; 3        ; RESERVED_INPUT_WITH_WEAK_PULLUP                           ;        ;              ;         ; Column I/O ;                 ; no       ; On           ;
; AE10     ; 165        ; 3        ; RESERVED_INPUT_WITH_WEAK_PULLUP                           ;        ;              ;         ; Column I/O ;                 ; no       ; On           ;
; AE11     ; 171        ; 3        ; RESERVED_INPUT_WITH_WEAK_PULLUP                           ;        ;              ;         ; Column I/O ;                 ; no       ; On           ;
; AE12     ; 169        ; 3        ; RESERVED_INPUT_WITH_WEAK_PULLUP                           ;        ;              ;         ; Column I/O ;                 ; no       ; On           ;
; AE13     ; 177        ; 3        ; RESERVED_INPUT_WITH_WEAK_PULLUP                           ;        ;              ;         ; Column I/O ;                 ; no       ; On           ;
; AE14     ; 183        ; 3        ; RESERVED_INPUT_WITH_WEAK_PULLUP                           ;        ;              ;         ; Column I/O ;                 ; no       ; On           ;
; AE15     ; 205        ; 4        ; RESERVED_INPUT_WITH_WEAK_PULLUP                           ;        ;              ;         ; Column I/O ;                 ; no       ; On           ;
; AE16     ; 209        ; 4        ; RESERVED_INPUT_WITH_WEAK_PULLUP                           ;        ;              ;         ; Column I/O ;                 ; no       ; On           ;
; AE17     ; 215        ; 4        ; RESERVED_INPUT_WITH_WEAK_PULLUP                           ;        ;              ;         ; Column I/O ;                 ; no       ; On           ;
; AE18     ; 225        ; 4        ; RESERVED_INPUT_WITH_WEAK_PULLUP                           ;        ;              ;         ; Column I/O ;                 ; no       ; On           ;
; AE19     ; 231        ; 4        ; RESERVED_INPUT_WITH_WEAK_PULLUP                           ;        ;              ;         ; Column I/O ;                 ; no       ; On           ;
; AE20     ; 235        ; 4        ; RESERVED_INPUT_WITH_WEAK_PULLUP                           ;        ;              ;         ; Column I/O ;                 ; no       ; On           ;
; AE21     ; 238        ; 4        ; RESERVED_INPUT_WITH_WEAK_PULLUP                           ;        ;              ;         ; Column I/O ;                 ; no       ; On           ;
; AE22     ; 251        ; 4        ; RESERVED_INPUT_WITH_WEAK_PULLUP                           ;        ;              ;         ; Column I/O ;                 ; no       ; On           ;
; AE23     ; 261        ; 4        ; RESERVED_INPUT_WITH_WEAK_PULLUP                           ;        ;              ;         ; Column I/O ;                 ; no       ; On           ;
; AE24     ; 256        ; 4        ; RESERVED_INPUT_WITH_WEAK_PULLUP                           ;        ;              ;         ; Column I/O ;                 ; no       ; On           ;
; AE25     ; 243        ; 4        ; RESERVED_INPUT_WITH_WEAK_PULLUP                           ;        ;              ;         ; Column I/O ;                 ; no       ; On           ;
; AE26     ; 278        ; 5        ; RESERVED_INPUT_WITH_WEAK_PULLUP                           ;        ;              ;         ; Row I/O    ;                 ; no       ; On           ;
; AE27     ; 284        ; 5        ; RESERVED_INPUT_WITH_WEAK_PULLUP                           ;        ;              ;         ; Row I/O    ;                 ; no       ; On           ;
; AE28     ; 283        ; 5        ; RESERVED_INPUT_WITH_WEAK_PULLUP                           ;        ;              ;         ; Row I/O    ;                 ; no       ; On           ;
; AF1      ;            ;          ; GND                                                       ; gnd    ;              ;         ; --         ;                 ; --       ; --           ;
; AF2      ; 123        ; 2        ; RESERVED_INPUT_WITH_WEAK_PULLUP                           ;        ;              ;         ; Row I/O    ;                 ; no       ; On           ;
; AF3      ; 138        ; 3        ; RESERVED_INPUT_WITH_WEAK_PULLUP                           ;        ;              ;         ; Column I/O ;                 ; no       ; On           ;
; AF4      ; 131        ; 3        ; RESERVED_INPUT_WITH_WEAK_PULLUP                           ;        ;              ;         ; Column I/O ;                 ; no       ; On           ;
; AF5      ; 136        ; 3        ; RESERVED_INPUT_WITH_WEAK_PULLUP                           ;        ;              ;         ; Column I/O ;                 ; no       ; On           ;
; AF6      ; 139        ; 3        ; RESERVED_INPUT_WITH_WEAK_PULLUP                           ;        ;              ;         ; Column I/O ;                 ; no       ; On           ;
; AF7      ; 159        ; 3        ; RESERVED_INPUT_WITH_WEAK_PULLUP                           ;        ;              ;         ; Column I/O ;                 ; no       ; On           ;
; AF8      ; 162        ; 3        ; RESERVED_INPUT_WITH_WEAK_PULLUP                           ;        ;              ;         ; Column I/O ;                 ; no       ; On           ;
; AF9      ; 160        ; 3        ; RESERVED_INPUT_WITH_WEAK_PULLUP                           ;        ;              ;         ; Column I/O ;                 ; no       ; On           ;
; AF10     ; 166        ; 3        ; RESERVED_INPUT_WITH_WEAK_PULLUP                           ;        ;              ;         ; Column I/O ;                 ; no       ; On           ;
; AF11     ; 172        ; 3        ; RESERVED_INPUT_WITH_WEAK_PULLUP                           ;        ;              ;         ; Column I/O ;                 ; no       ; On           ;
; AF12     ; 170        ; 3        ; RESERVED_INPUT_WITH_WEAK_PULLUP                           ;        ;              ;         ; Column I/O ;                 ; no       ; On           ;
; AF13     ; 178        ; 3        ; RESERVED_INPUT_WITH_WEAK_PULLUP                           ;        ;              ;         ; Column I/O ;                 ; no       ; On           ;
; AF14     ; 184        ; 3        ; RESERVED_INPUT_WITH_WEAK_PULLUP                           ;        ;              ;         ; Column I/O ;                 ; no       ; On           ;
; AF15     ; 206        ; 4        ; RESERVED_INPUT_WITH_WEAK_PULLUP                           ;        ;              ;         ; Column I/O ;                 ; no       ; On           ;
; AF16     ; 210        ; 4        ; RESERVED_INPUT_WITH_WEAK_PULLUP                           ;        ;              ;         ; Column I/O ;                 ; no       ; On           ;
; AF17     ; 216        ; 4        ; RESERVED_INPUT_WITH_WEAK_PULLUP                           ;        ;              ;         ; Column I/O ;                 ; no       ; On           ;
; AF18     ; 226        ; 4        ; RESERVED_INPUT_WITH_WEAK_PULLUP                           ;        ;              ;         ; Column I/O ;                 ; no       ; On           ;
; AF19     ; 232        ; 4        ; RESERVED_INPUT_WITH_WEAK_PULLUP                           ;        ;              ;         ; Column I/O ;                 ; no       ; On           ;
; AF20     ; 236        ; 4        ; RESERVED_INPUT_WITH_WEAK_PULLUP                           ;        ;              ;         ; Column I/O ;                 ; no       ; On           ;
; AF21     ; 239        ; 4        ; DOUT[12]                                                  ; output ; 2.5 V        ;         ; Column I/O ; N               ; no       ; Off          ;
; AF22     ; 252        ; 4        ; RESERVED_INPUT_WITH_WEAK_PULLUP                           ;        ;              ;         ; Column I/O ;                 ; no       ; On           ;
; AF23     ; 262        ; 4        ; RESERVED_INPUT_WITH_WEAK_PULLUP                           ;        ;              ;         ; Column I/O ;                 ; no       ; On           ;
; AF24     ; 233        ; 4        ; RESERVED_INPUT_WITH_WEAK_PULLUP                           ;        ;              ;         ; Column I/O ;                 ; no       ; On           ;
; AF25     ; 234        ; 4        ; RESERVED_INPUT_WITH_WEAK_PULLUP                           ;        ;              ;         ; Column I/O ;                 ; no       ; On           ;
; AF26     ; 244        ; 4        ; RESERVED_INPUT_WITH_WEAK_PULLUP                           ;        ;              ;         ; Column I/O ;                 ; no       ; On           ;
; AF27     ; 277        ; 5        ; RESERVED_INPUT_WITH_WEAK_PULLUP                           ;        ;              ;         ; Row I/O    ;                 ; no       ; On           ;
; AF28     ;            ;          ; GND                                                       ; gnd    ;              ;         ; --         ;                 ; --       ; --           ;
; AG1      ;            ; 2        ; VCCIO2                                                    ; power  ;              ; 2.5V    ; --         ;                 ; --       ; --           ;
; AG2      ;            ;          ; GND                                                       ; gnd    ;              ;         ; --         ;                 ; --       ; --           ;
; AG3      ; 133        ; 3        ; RESERVED_INPUT_WITH_WEAK_PULLUP                           ;        ;              ;         ; Column I/O ;                 ; no       ; On           ;
; AG4      ; 141        ; 3        ; RESERVED_INPUT_WITH_WEAK_PULLUP                           ;        ;              ;         ; Column I/O ;                 ; no       ; On           ;
; AG5      ;            ;          ; GND                                                       ; gnd    ;              ;         ; --         ;                 ; --       ; --           ;
; AG6      ; 145        ; 3        ; RESERVED_INPUT_WITH_WEAK_PULLUP                           ;        ;              ;         ; Column I/O ;                 ; no       ; On           ;
; AG7      ; 150        ; 3        ; RESERVED_INPUT_WITH_WEAK_PULLUP                           ;        ;              ;         ; Column I/O ;                 ; no       ; On           ;
; AG8      ; 156        ; 3        ; RESERVED_INPUT_WITH_WEAK_PULLUP                           ;        ;              ;         ; Column I/O ;                 ; no       ; On           ;
; AG9      ;            ;          ; GND                                                       ; gnd    ;              ;         ; --         ;                 ; --       ; --           ;
; AG10     ; 167        ; 3        ; RESERVED_INPUT_WITH_WEAK_PULLUP                           ;        ;              ;         ; Column I/O ;                 ; no       ; On           ;
; AG11     ; 175        ; 3        ; RESERVED_INPUT_WITH_WEAK_PULLUP                           ;        ;              ;         ; Column I/O ;                 ; no       ; On           ;
; AG12     ; 193        ; 3        ; RESERVED_INPUT_WITH_WEAK_PULLUP                           ;        ;              ;         ; Column I/O ;                 ; no       ; On           ;
; AG13     ;            ;          ; GND                                                       ; gnd    ;              ;         ; --         ;                 ; --       ; --           ;
; AG14     ; 199        ; 3        ; GND+                                                      ;        ;              ;         ; Column I/O ;                 ; --       ; --           ;
; AG15     ; 201        ; 4        ; GND+                                                      ;        ;              ;         ; Column I/O ;                 ; --       ; --           ;
; AG16     ;            ;          ; GND                                                       ; gnd    ;              ;         ; --         ;                 ; --       ; --           ;
; AG17     ; 207        ; 4        ; RESERVED_INPUT_WITH_WEAK_PULLUP                           ;        ;              ;         ; Column I/O ;                 ; no       ; On           ;
; AG18     ; 217        ; 4        ; RESERVED_INPUT_WITH_WEAK_PULLUP                           ;        ;              ;         ; Column I/O ;                 ; no       ; On           ;
; AG19     ; 219        ; 4        ; RESERVED_INPUT_WITH_WEAK_PULLUP                           ;        ;              ;         ; Column I/O ;                 ; no       ; On           ;
; AG20     ;            ;          ; GND                                                       ; gnd    ;              ;         ; --         ;                 ; --       ; --           ;
; AG21     ; 223        ; 4        ; RESERVED_INPUT_WITH_WEAK_PULLUP                           ;        ;              ;         ; Column I/O ;                 ; no       ; On           ;
; AG22     ; 227        ; 4        ; RESERVED_INPUT_WITH_WEAK_PULLUP                           ;        ;              ;         ; Column I/O ;                 ; no       ; On           ;
; AG23     ; 229        ; 4        ; RESERVED_INPUT_WITH_WEAK_PULLUP                           ;        ;              ;         ; Column I/O ;                 ; no       ; On           ;
; AG24     ;            ;          ; GND                                                       ; gnd    ;              ;         ; --         ;                 ; --       ; --           ;
; AG25     ; 245        ; 4        ; RESERVED_INPUT_WITH_WEAK_PULLUP                           ;        ;              ;         ; Column I/O ;                 ; no       ; On           ;
; AG26     ; 270        ; 4        ; RESERVED_INPUT_WITH_WEAK_PULLUP                           ;        ;              ;         ; Column I/O ;                 ; no       ; On           ;
; AG27     ;            ;          ; GND                                                       ; gnd    ;              ;         ; --         ;                 ; --       ; --           ;
; AG28     ;            ; 5        ; VCCIO5                                                    ; power  ;              ; 2.5V    ; --         ;                 ; --       ; --           ;
; AH2      ;            ; 3        ; VCCIO3                                                    ; power  ;              ; 2.5V    ; --         ;                 ; --       ; --           ;
; AH3      ; 137        ; 3        ; RESERVED_INPUT_WITH_WEAK_PULLUP                           ;        ;              ;         ; Column I/O ;                 ; no       ; On           ;
; AH4      ; 142        ; 3        ; RESERVED_INPUT_WITH_WEAK_PULLUP                           ;        ;              ;         ; Column I/O ;                 ; no       ; On           ;
; AH5      ;            ; 3        ; VCCIO3                                                    ; power  ;              ; 2.5V    ; --         ;                 ; --       ; --           ;
; AH6      ; 146        ; 3        ; RESERVED_INPUT_WITH_WEAK_PULLUP                           ;        ;              ;         ; Column I/O ;                 ; no       ; On           ;
; AH7      ; 151        ; 3        ; RESERVED_INPUT_WITH_WEAK_PULLUP                           ;        ;              ;         ; Column I/O ;                 ; no       ; On           ;
; AH8      ; 157        ; 3        ; RESERVED_INPUT_WITH_WEAK_PULLUP                           ;        ;              ;         ; Column I/O ;                 ; no       ; On           ;
; AH9      ;            ; 3        ; VCCIO3                                                    ; power  ;              ; 2.5V    ; --         ;                 ; --       ; --           ;
; AH10     ; 168        ; 3        ; RESERVED_INPUT_WITH_WEAK_PULLUP                           ;        ;              ;         ; Column I/O ;                 ; no       ; On           ;
; AH11     ; 176        ; 3        ; RESERVED_INPUT_WITH_WEAK_PULLUP                           ;        ;              ;         ; Column I/O ;                 ; no       ; On           ;
; AH12     ; 194        ; 3        ; RESERVED_INPUT_WITH_WEAK_PULLUP                           ;        ;              ;         ; Column I/O ;                 ; no       ; On           ;
; AH13     ;            ; 3        ; VCCIO3                                                    ; power  ;              ; 2.5V    ; --         ;                 ; --       ; --           ;
; AH14     ; 200        ; 3        ; GND+                                                      ;        ;              ;         ; Column I/O ;                 ; --       ; --           ;
; AH15     ; 202        ; 4        ; GND+                                                      ;        ;              ;         ; Column I/O ;                 ; --       ; --           ;
; AH16     ;            ; 4        ; VCCIO4                                                    ; power  ;              ; 2.5V    ; --         ;                 ; --       ; --           ;
; AH17     ; 208        ; 4        ; RESERVED_INPUT_WITH_WEAK_PULLUP                           ;        ;              ;         ; Column I/O ;                 ; no       ; On           ;
; AH18     ; 218        ; 4        ; RESERVED_INPUT_WITH_WEAK_PULLUP                           ;        ;              ;         ; Column I/O ;                 ; no       ; On           ;
; AH19     ; 220        ; 4        ; RESERVED_INPUT_WITH_WEAK_PULLUP                           ;        ;              ;         ; Column I/O ;                 ; no       ; On           ;
; AH20     ;            ; 4        ; VCCIO4                                                    ; power  ;              ; 2.5V    ; --         ;                 ; --       ; --           ;
; AH21     ; 224        ; 4        ; RESERVED_INPUT_WITH_WEAK_PULLUP                           ;        ;              ;         ; Column I/O ;                 ; no       ; On           ;
; AH22     ; 228        ; 4        ; RESERVED_INPUT_WITH_WEAK_PULLUP                           ;        ;              ;         ; Column I/O ;                 ; no       ; On           ;
; AH23     ; 230        ; 4        ; RESERVED_INPUT_WITH_WEAK_PULLUP                           ;        ;              ;         ; Column I/O ;                 ; no       ; On           ;
; AH24     ;            ; 4        ; VCCIO4                                                    ; power  ;              ; 2.5V    ; --         ;                 ; --       ; --           ;
; AH25     ; 246        ; 4        ; RESERVED_INPUT_WITH_WEAK_PULLUP                           ;        ;              ;         ; Column I/O ;                 ; no       ; On           ;
; AH26     ; 271        ; 4        ; RESERVED_INPUT_WITH_WEAK_PULLUP                           ;        ;              ;         ; Column I/O ;                 ; no       ; On           ;
; AH27     ;            ; 4        ; VCCIO4                                                    ; power  ;              ; 2.5V    ; --         ;                 ; --       ; --           ;
; B1       ;            ; 1        ; VCCIO1                                                    ; power  ;              ; 2.5V    ; --         ;                 ; --       ; --           ;
; B2       ;            ;          ; GND                                                       ; gnd    ;              ;         ; --         ;                 ; --       ; --           ;
; B3       ; 534        ; 8        ; RESERVED_INPUT_WITH_WEAK_PULLUP                           ;        ;              ;         ; Column I/O ;                 ; no       ; On           ;
; B4       ; 533        ; 8        ; RESERVED_INPUT_WITH_WEAK_PULLUP                           ;        ;              ;         ; Column I/O ;                 ; no       ; On           ;
; B5       ;            ;          ; GND                                                       ; gnd    ;              ;         ; --         ;                 ; --       ; --           ;
; B6       ; 505        ; 8        ; RESERVED_INPUT_WITH_WEAK_PULLUP                           ;        ;              ;         ; Column I/O ;                 ; no       ; On           ;
; B7       ; 502        ; 8        ; RESERVED_INPUT_WITH_WEAK_PULLUP                           ;        ;              ;         ; Column I/O ;                 ; no       ; On           ;
; B8       ; 518        ; 8        ; RESERVED_INPUT_WITH_WEAK_PULLUP                           ;        ;              ;         ; Column I/O ;                 ; no       ; On           ;
; B9       ;            ;          ; GND                                                       ; gnd    ;              ;         ; --         ;                 ; --       ; --           ;
; B10      ; 492        ; 8        ; RESERVED_INPUT_WITH_WEAK_PULLUP                           ;        ;              ;         ; Column I/O ;                 ; no       ; On           ;
; B11      ; 488        ; 8        ; RESERVED_INPUT_WITH_WEAK_PULLUP                           ;        ;              ;         ; Column I/O ;                 ; no       ; On           ;
; B12      ;            ;          ; GND                                                       ; gnd    ;              ;         ; --         ;                 ; --       ; --           ;
; B13      ;            ;          ; GND                                                       ; gnd    ;              ;         ; --         ;                 ; --       ; --           ;
; B14      ; 473        ; 8        ; GND+                                                      ;        ;              ;         ; Column I/O ;                 ; --       ; --           ;
; B15      ; 471        ; 7        ; GND+                                                      ;        ;              ;         ; Column I/O ;                 ; --       ; --           ;
; B16      ;            ;          ; GND                                                       ; gnd    ;              ;         ; --         ;                 ; --       ; --           ;
; B17      ; 463        ; 7        ; RESERVED_INPUT_WITH_WEAK_PULLUP                           ;        ;              ;         ; Column I/O ;                 ; no       ; On           ;
; B18      ; 443        ; 7        ; RESERVED_INPUT_WITH_WEAK_PULLUP                           ;        ;              ;         ; Column I/O ;                 ; no       ; On           ;
; B19      ; 441        ; 7        ; RESERVED_INPUT_WITH_WEAK_PULLUP                           ;        ;              ;         ; Column I/O ;                 ; no       ; On           ;
; B20      ;            ;          ; GND                                                       ; gnd    ;              ;         ; --         ;                 ; --       ; --           ;
; B21      ; 426        ; 7        ; OPCODE[0]                                                 ; input  ; 2.5 V        ;         ; Column I/O ; N               ; no       ; Off          ;
; B22      ; 424        ; 7        ; RESERVED_INPUT_WITH_WEAK_PULLUP                           ;        ;              ;         ; Column I/O ;                 ; no       ; On           ;
; B23      ; 413        ; 7        ; JOUT[6]                                                   ; output ; 2.5 V        ;         ; Column I/O ; N               ; no       ; Off          ;
; B24      ;            ;          ; GND                                                       ; gnd    ;              ;         ; --         ;                 ; --       ; --           ;
; B25      ; 406        ; 7        ; JUMPMUX_OUT[13]                                           ; output ; 2.5 V        ;         ; Column I/O ; N               ; no       ; Off          ;
; B26      ; 401        ; 7        ; JUMPMUX_OUT[14]                                           ; output ; 2.5 V        ;         ; Column I/O ; N               ; no       ; Off          ;
; B27      ;            ;          ; GND                                                       ; gnd    ;              ;         ; --         ;                 ; --       ; --           ;
; B28      ;            ; 6        ; VCCIO6                                                    ; power  ;              ; 2.5V    ; --         ;                 ; --       ; --           ;
; C1       ;            ;          ; GND                                                       ; gnd    ;              ;         ; --         ;                 ; --       ; --           ;
; C2       ; 1          ; 1        ; RESERVED_INPUT_WITH_WEAK_PULLUP                           ;        ;              ;         ; Row I/O    ;                 ; no       ; On           ;
; C3       ; 543        ; 8        ; RESERVED_INPUT_WITH_WEAK_PULLUP                           ;        ;              ;         ; Column I/O ;                 ; no       ; On           ;
; C4       ; 539        ; 8        ; RESERVED_INPUT_WITH_WEAK_PULLUP                           ;        ;              ;         ; Column I/O ;                 ; no       ; On           ;
; C5       ; 538        ; 8        ; RESERVED_INPUT_WITH_WEAK_PULLUP                           ;        ;              ;         ; Column I/O ;                 ; no       ; On           ;
; C6       ; 536        ; 8        ; RESERVED_INPUT_WITH_WEAK_PULLUP                           ;        ;              ;         ; Column I/O ;                 ; no       ; On           ;
; C7       ; 521        ; 8        ; RESERVED_INPUT_WITH_WEAK_PULLUP                           ;        ;              ;         ; Column I/O ;                 ; no       ; On           ;
; C8       ; 519        ; 8        ; RESERVED_INPUT_WITH_WEAK_PULLUP                           ;        ;              ;         ; Column I/O ;                 ; no       ; On           ;
; C9       ; 510        ; 8        ; RESERVED_INPUT_WITH_WEAK_PULLUP                           ;        ;              ;         ; Column I/O ;                 ; no       ; On           ;
; C10      ; 495        ; 8        ; RESERVED_INPUT_WITH_WEAK_PULLUP                           ;        ;              ;         ; Column I/O ;                 ; no       ; On           ;
; C11      ; 508        ; 8        ; RESERVED_INPUT_WITH_WEAK_PULLUP                           ;        ;              ;         ; Column I/O ;                 ; no       ; On           ;
; C12      ; 478        ; 8        ; RESERVED_INPUT_WITH_WEAK_PULLUP                           ;        ;              ;         ; Column I/O ;                 ; no       ; On           ;
; C13      ; 474        ; 8        ; RESERVED_INPUT_WITH_WEAK_PULLUP                           ;        ;              ;         ; Column I/O ;                 ; no       ; On           ;
; C14      ; 476        ; 8        ; RESERVED_INPUT_WITH_WEAK_PULLUP                           ;        ;              ;         ; Column I/O ;                 ; no       ; On           ;
; C15      ; 468        ; 7        ; RESERVED_INPUT_WITH_WEAK_PULLUP                           ;        ;              ;         ; Column I/O ;                 ; no       ; On           ;
; C16      ; 460        ; 7        ; RESERVED_INPUT_WITH_WEAK_PULLUP                           ;        ;              ;         ; Column I/O ;                 ; no       ; On           ;
; C17      ; 438        ; 7        ; RESERVED_INPUT_WITH_WEAK_PULLUP                           ;        ;              ;         ; Column I/O ;                 ; no       ; On           ;
; C18      ; 429        ; 7        ; MemWrite                                                  ; output ; 2.5 V        ;         ; Column I/O ; N               ; no       ; Off          ;
; C19      ; 435        ; 7        ; RegWrite                                                  ; output ; 2.5 V        ;         ; Column I/O ; N               ; no       ; Off          ;
; C20      ; 431        ; 7        ; RegDst                                                    ; output ; 2.5 V        ;         ; Column I/O ; N               ; no       ; Off          ;
; C21      ; 422        ; 7        ; RESERVED_INPUT_WITH_WEAK_PULLUP                           ;        ;              ;         ; Column I/O ;                 ; no       ; On           ;
; C22      ; 418        ; 7        ; RESERVED_INPUT_WITH_WEAK_PULLUP                           ;        ;              ;         ; Column I/O ;                 ; no       ; On           ;
; C23      ; 415        ; 7        ; RESERVED_INPUT_WITH_WEAK_PULLUP                           ;        ;              ;         ; Column I/O ;                 ; no       ; On           ;
; C24      ; 416        ; 7        ; RESERVED_INPUT_WITH_WEAK_PULLUP                           ;        ;              ;         ; Column I/O ;                 ; no       ; On           ;
; C25      ; 411        ; 7        ; JOUT[7]                                                   ; output ; 2.5 V        ;         ; Column I/O ; N               ; no       ; Off          ;
; C26      ; 400        ; 7        ; JOUT[14]                                                  ; output ; 2.5 V        ;         ; Column I/O ; N               ; no       ; Off          ;
; C27      ; 382        ; 6        ; INSOUT[15]                                                ; output ; 2.5 V        ;         ; Row I/O    ; N               ; no       ; Off          ;
; C28      ;            ;          ; GND                                                       ; gnd    ;              ;         ; --         ;                 ; --       ; --           ;
; D1       ; 3          ; 1        ; RESERVED_INPUT_WITH_WEAK_PULLUP                           ;        ;              ;         ; Row I/O    ;                 ; no       ; On           ;
; D2       ; 2          ; 1        ; RESERVED_INPUT_WITH_WEAK_PULLUP                           ;        ;              ;         ; Row I/O    ;                 ; no       ; On           ;
; D3       ;            ;          ; GND                                                       ; gnd    ;              ;         ; --         ;                 ; --       ; --           ;
; D4       ; 540        ; 8        ; RESERVED_INPUT_WITH_WEAK_PULLUP                           ;        ;              ;         ; Column I/O ;                 ; no       ; On           ;
; D5       ; 537        ; 8        ; RESERVED_INPUT_WITH_WEAK_PULLUP                           ;        ;              ;         ; Column I/O ;                 ; no       ; On           ;
; D6       ; 524        ; 8        ; RESERVED_INPUT_WITH_WEAK_PULLUP                           ;        ;              ;         ; Column I/O ;                 ; no       ; On           ;
; D7       ; 522        ; 8        ; RESERVED_INPUT_WITH_WEAK_PULLUP                           ;        ;              ;         ; Column I/O ;                 ; no       ; On           ;
; D8       ; 520        ; 8        ; RESERVED_INPUT_WITH_WEAK_PULLUP                           ;        ;              ;         ; Column I/O ;                 ; no       ; On           ;
; D9       ; 511        ; 8        ; RESERVED_INPUT_WITH_WEAK_PULLUP                           ;        ;              ;         ; Column I/O ;                 ; no       ; On           ;
; D10      ; 496        ; 8        ; RESERVED_INPUT_WITH_WEAK_PULLUP                           ;        ;              ;         ; Column I/O ;                 ; no       ; On           ;
; D11      ; 509        ; 8        ; RESERVED_INPUT_WITH_WEAK_PULLUP                           ;        ;              ;         ; Column I/O ;                 ; no       ; On           ;
; D12      ; 479        ; 8        ; RESERVED_INPUT_WITH_WEAK_PULLUP                           ;        ;              ;         ; Column I/O ;                 ; no       ; On           ;
; D13      ; 475        ; 8        ; RESERVED_INPUT_WITH_WEAK_PULLUP                           ;        ;              ;         ; Column I/O ;                 ; no       ; On           ;
; D14      ; 477        ; 8        ; RESERVED_INPUT_WITH_WEAK_PULLUP                           ;        ;              ;         ; Column I/O ;                 ; no       ; On           ;
; D15      ; 469        ; 7        ; RESERVED_INPUT_WITH_WEAK_PULLUP                           ;        ;              ;         ; Column I/O ;                 ; no       ; On           ;
; D16      ; 461        ; 7        ; RESERVED_INPUT_WITH_WEAK_PULLUP                           ;        ;              ;         ; Column I/O ;                 ; no       ; On           ;
; D17      ; 439        ; 7        ; RESERVED_INPUT_WITH_WEAK_PULLUP                           ;        ;              ;         ; Column I/O ;                 ; no       ; On           ;
; D18      ; 430        ; 7        ; ALUSrc                                                    ; output ; 2.5 V        ;         ; Column I/O ; N               ; no       ; Off          ;
; D19      ; 436        ; 7        ; RESERVED_INPUT_WITH_WEAK_PULLUP                           ;        ;              ;         ; Column I/O ;                 ; no       ; On           ;
; D20      ; 432        ; 7        ; ALUCon                                                    ; output ; 2.5 V        ;         ; Column I/O ; N               ; no       ; Off          ;
; D21      ; 419        ; 7        ; RESERVED_INPUT_WITH_WEAK_PULLUP                           ;        ;              ;         ; Column I/O ;                 ; no       ; On           ;
; D22      ; 402        ; 7        ; INSOUT[0]                                                 ; output ; 2.5 V        ;         ; Column I/O ; N               ; no       ; Off          ;
; D23      ; 414        ; 7        ; RESERVED_INPUT_WITH_WEAK_PULLUP                           ;        ;              ;         ; Column I/O ;                 ; no       ; On           ;
; D24      ; 417        ; 7        ; RESERVED_INPUT_WITH_WEAK_PULLUP                           ;        ;              ;         ; Column I/O ;                 ; no       ; On           ;
; D25      ; 410        ; 7        ; JUMPMUX_OUT[7]                                            ; output ; 2.5 V        ;         ; Column I/O ; N               ; no       ; Off          ;
; D26      ; 383        ; 6        ; JUMPMUX_OUT[3]                                            ; output ; 2.5 V        ;         ; Row I/O    ; N               ; no       ; Off          ;
; D27      ; 381        ; 6        ; INSOUT[9]                                                 ; output ; 2.5 V        ;         ; Row I/O    ; N               ; no       ; Off          ;
; D28      ; 380        ; 6        ; JUMPMUX_OUT[5]                                            ; output ; 2.5 V        ;         ; Row I/O    ; N               ; no       ; Off          ;
; E1       ; 17         ; 1        ; RESERVED_INPUT_WITH_WEAK_PULLUP                           ;        ;              ;         ; Row I/O    ;                 ; no       ; On           ;
; E2       ; 16         ; 1        ; ~ALTERA_FLASH_nCE_nCSO~ / RESERVED_INPUT_WITH_WEAK_PULLUP ; input  ; 2.5 V        ;         ; Row I/O    ; N               ; no       ; On           ;
; E3       ; 7          ; 1        ; RESERVED_INPUT_WITH_WEAK_PULLUP                           ;        ;              ;         ; Row I/O    ;                 ; no       ; On           ;
; E4       ; 541        ; 8        ; RESERVED_INPUT_WITH_WEAK_PULLUP                           ;        ;              ;         ; Column I/O ;                 ; no       ; On           ;
; E5       ; 542        ; 8        ; RESERVED_INPUT_WITH_WEAK_PULLUP                           ;        ;              ;         ; Column I/O ;                 ; no       ; On           ;
; E6       ;            ; 8        ; VCCIO8                                                    ; power  ;              ; 2.5V    ; --         ;                 ; --       ; --           ;
; E7       ; 523        ; 8        ; RESERVED_INPUT_WITH_WEAK_PULLUP                           ;        ;              ;         ; Column I/O ;                 ; no       ; On           ;
; E8       ; 526        ; 8        ; RESERVED_INPUT_WITH_WEAK_PULLUP                           ;        ;              ;         ; Column I/O ;                 ; no       ; On           ;
; E9       ;            ; 8        ; VCCIO8                                                    ; power  ;              ; 2.5V    ; --         ;                 ; --       ; --           ;
; E10      ; 516        ; 8        ; RESERVED_INPUT_WITH_WEAK_PULLUP                           ;        ;              ;         ; Column I/O ;                 ; no       ; On           ;
; E11      ; 499        ; 8        ; RESERVED_INPUT_WITH_WEAK_PULLUP                           ;        ;              ;         ; Column I/O ;                 ; no       ; On           ;
; E12      ; 497        ; 8        ; RESERVED_INPUT_WITH_WEAK_PULLUP                           ;        ;              ;         ; Column I/O ;                 ; no       ; On           ;
; E13      ;            ; 8        ; VCCIO8                                                    ; power  ;              ; 2.5V    ; --         ;                 ; --       ; --           ;
; E14      ; 486        ; 8        ; RESERVED_INPUT_WITH_WEAK_PULLUP                           ;        ;              ;         ; Column I/O ;                 ; no       ; On           ;
; E15      ; 467        ; 7        ; RESERVED_INPUT_WITH_WEAK_PULLUP                           ;        ;              ;         ; Column I/O ;                 ; no       ; On           ;
; E16      ;            ; 7        ; VCCIO7                                                    ; power  ;              ; 2.5V    ; --         ;                 ; --       ; --           ;
; E17      ; 456        ; 7        ; RESERVED_INPUT_WITH_WEAK_PULLUP                           ;        ;              ;         ; Column I/O ;                 ; no       ; On           ;
; E18      ; 427        ; 7        ; OPCODE[3]                                                 ; input  ; 2.5 V        ;         ; Column I/O ; N               ; no       ; Off          ;
; E19      ; 421        ; 7        ; RESERVED_INPUT_WITH_WEAK_PULLUP                           ;        ;              ;         ; Column I/O ;                 ; no       ; On           ;
; E20      ;            ; 7        ; VCCIO7                                                    ; power  ;              ; 2.5V    ; --         ;                 ; --       ; --           ;
; E21      ; 407        ; 7        ; JOUT[13]                                                  ; output ; 2.5 V        ;         ; Column I/O ; N               ; no       ; Off          ;
; E22      ; 403        ; 7        ; INSOUT[8]                                                 ; output ; 2.5 V        ;         ; Column I/O ; N               ; no       ; Off          ;
; E23      ;            ; 7        ; VCCIO7                                                    ; power  ;              ; 2.5V    ; --         ;                 ; --       ; --           ;
; E24      ; 433        ; 7        ; ALUOp[1]                                                  ; output ; 2.5 V        ;         ; Column I/O ; N               ; no       ; Off          ;
; E25      ; 434        ; 7        ; RESERVED_INPUT_WITH_WEAK_PULLUP                           ;        ;              ;         ; Column I/O ;                 ; no       ; On           ;
; E26      ; 378        ; 6        ; PCP2[1]                                                   ; output ; 2.5 V        ;         ; Row I/O    ; N               ; no       ; Off          ;
; E27      ; 375        ; 6        ; RST                                                       ; input  ; 2.5 V        ;         ; Row I/O    ; N               ; no       ; Off          ;
; E28      ; 374        ; 6        ; INSOUT[5]                                                 ; output ; 2.5 V        ;         ; Row I/O    ; N               ; no       ; Off          ;
; F1       ; 19         ; 1        ; RESERVED_INPUT_WITH_WEAK_PULLUP                           ;        ;              ;         ; Row I/O    ;                 ; no       ; On           ;
; F2       ; 18         ; 1        ; RESERVED_INPUT_WITH_WEAK_PULLUP                           ;        ;              ;         ; Row I/O    ;                 ; no       ; On           ;
; F3       ; 8          ; 1        ; RESERVED_INPUT_WITH_WEAK_PULLUP                           ;        ;              ;         ; Row I/O    ;                 ; no       ; On           ;
; F4       ; 10         ; 1        ; ~ALTERA_ASDO_DATA1~ / RESERVED_INPUT_WITH_WEAK_PULLUP     ; input  ; 2.5 V        ;         ; Row I/O    ; N               ; no       ; On           ;
; F5       ; 9          ; 1        ; RESERVED_INPUT_WITH_WEAK_PULLUP                           ;        ;              ;         ; Row I/O    ;                 ; no       ; On           ;
; F6       ;            ;          ; GND                                                       ; gnd    ;              ;         ; --         ;                 ; --       ; --           ;
; F7       ; 531        ; 8        ; RESERVED_INPUT_WITH_WEAK_PULLUP                           ;        ;              ;         ; Column I/O ;                 ; no       ; On           ;
; F8       ; 527        ; 8        ; RESERVED_INPUT_WITH_WEAK_PULLUP                           ;        ;              ;         ; Column I/O ;                 ; no       ; On           ;
; F9       ;            ;          ; GND                                                       ; gnd    ;              ;         ; --         ;                 ; --       ; --           ;
; F10      ; 512        ; 8        ; RESERVED_INPUT_WITH_WEAK_PULLUP                           ;        ;              ;         ; Column I/O ;                 ; no       ; On           ;
; F11      ; 500        ; 8        ; RESERVED_INPUT_WITH_WEAK_PULLUP                           ;        ;              ;         ; Column I/O ;                 ; no       ; On           ;
; F12      ; 498        ; 8        ; RESERVED_INPUT_WITH_WEAK_PULLUP                           ;        ;              ;         ; Column I/O ;                 ; no       ; On           ;
; F13      ;            ;          ; GND                                                       ; gnd    ;              ;         ; --         ;                 ; --       ; --           ;
; F14      ; 485        ; 8        ; RESERVED_INPUT_WITH_WEAK_PULLUP                           ;        ;              ;         ; Column I/O ;                 ; no       ; On           ;
; F15      ; 466        ; 7        ; RESERVED_INPUT_WITH_WEAK_PULLUP                           ;        ;              ;         ; Column I/O ;                 ; no       ; On           ;
; F16      ;            ;          ; GND                                                       ; gnd    ;              ;         ; --         ;                 ; --       ; --           ;
; F17      ; 455        ; 7        ; RESERVED_INPUT_WITH_WEAK_PULLUP                           ;        ;              ;         ; Column I/O ;                 ; no       ; On           ;
; F18      ; 428        ; 7        ; OPCODE[2]                                                 ; input  ; 2.5 V        ;         ; Column I/O ; N               ; no       ; Off          ;
; F19      ; 420        ; 7        ; RESERVED_INPUT_WITH_WEAK_PULLUP                           ;        ;              ;         ; Column I/O ;                 ; no       ; On           ;
; F20      ;            ;          ; GND                                                       ; gnd    ;              ;         ; --         ;                 ; --       ; --           ;
; F21      ; 408        ; 7        ; PCP2[9]                                                   ; output ; 2.5 V        ;         ; Column I/O ; N               ; no       ; Off          ;
; F22      ; 409        ; 7        ; PCP2[13]                                                  ; output ; 2.5 V        ;         ; Column I/O ; N               ; no       ; Off          ;
; F23      ;            ;          ; GND                                                       ; gnd    ;              ;         ; --         ;                 ; --       ; --           ;
; F24      ; 396        ; 6        ; JOUT[11]                                                  ; output ; 2.5 V        ;         ; Row I/O    ; N               ; no       ; Off          ;
; F25      ; 395        ; 6        ; JOUT[12]                                                  ; output ; 2.5 V        ;         ; Row I/O    ; N               ; no       ; Off          ;
; F26      ; 379        ; 6        ; JUMPMUX_OUT[4]                                            ; output ; 2.5 V        ;         ; Row I/O    ; N               ; no       ; Off          ;
; F27      ; 373        ; 6        ; EN                                                        ; input  ; 2.5 V        ;         ; Row I/O    ; N               ; no       ; Off          ;
; F28      ; 372        ; 6        ; INSOUT[2]                                                 ; output ; 2.5 V        ;         ; Row I/O    ; N               ; no       ; Off          ;
; G1       ; 26         ; 1        ; RESERVED_INPUT_WITH_WEAK_PULLUP                           ;        ;              ;         ; Row I/O    ;                 ; no       ; On           ;
; G2       ; 25         ; 1        ; RESERVED_INPUT_WITH_WEAK_PULLUP                           ;        ;              ;         ; Row I/O    ;                 ; no       ; On           ;
; G3       ; 13         ; 1        ; RESERVED_INPUT_WITH_WEAK_PULLUP                           ;        ;              ;         ; Row I/O    ;                 ; no       ; On           ;
; G4       ; 12         ; 1        ; RESERVED_INPUT_WITH_WEAK_PULLUP                           ;        ;              ;         ; Row I/O    ;                 ; no       ; On           ;
; G5       ; 6          ; 1        ; RESERVED_INPUT_WITH_WEAK_PULLUP                           ;        ;              ;         ; Row I/O    ;                 ; no       ; On           ;
; G6       ; 5          ; 1        ; RESERVED_INPUT_WITH_WEAK_PULLUP                           ;        ;              ;         ; Row I/O    ;                 ; no       ; On           ;
; G7       ; 530        ; 8        ; RESERVED_INPUT_WITH_WEAK_PULLUP                           ;        ;              ;         ; Column I/O ;                 ; no       ; On           ;
; G8       ; 528        ; 8        ; RESERVED_INPUT_WITH_WEAK_PULLUP                           ;        ;              ;         ; Column I/O ;                 ; no       ; On           ;
; G9       ; 525        ; 8        ; RESERVED_INPUT_WITH_WEAK_PULLUP                           ;        ;              ;         ; Column I/O ;                 ; --       ; --           ;
; G10      ; 513        ; 8        ; RESERVED_INPUT_WITH_WEAK_PULLUP                           ;        ;              ;         ; Column I/O ;                 ; no       ; On           ;
; G11      ; 506        ; 8        ; RESERVED_INPUT_WITH_WEAK_PULLUP                           ;        ;              ;         ; Column I/O ;                 ; no       ; On           ;
; G12      ; 503        ; 8        ; RESERVED_INPUT_WITH_WEAK_PULLUP                           ;        ;              ;         ; Column I/O ;                 ; --       ; --           ;
; G13      ; 493        ; 8        ; RESERVED_INPUT_WITH_WEAK_PULLUP                           ;        ;              ;         ; Column I/O ;                 ; no       ; On           ;
; G14      ; 484        ; 8        ; RESERVED_INPUT_WITH_WEAK_PULLUP                           ;        ;              ;         ; Column I/O ;                 ; --       ; --           ;
; G15      ; 457        ; 7        ; RESERVED_INPUT_WITH_WEAK_PULLUP                           ;        ;              ;         ; Column I/O ;                 ; --       ; --           ;
; G16      ; 453        ; 7        ; RESERVED_INPUT_WITH_WEAK_PULLUP                           ;        ;              ;         ; Column I/O ;                 ; no       ; On           ;
; G17      ; 437        ; 7        ; OPCODE[1]                                                 ; input  ; 2.5 V        ;         ; Column I/O ; N               ; no       ; Off          ;
; G18      ; 452        ; 7        ; RESERVED_INPUT_WITH_WEAK_PULLUP                           ;        ;              ;         ; Column I/O ;                 ; no       ; On           ;
; G19      ; 451        ; 7        ; RESERVED_INPUT_WITH_WEAK_PULLUP                           ;        ;              ;         ; Column I/O ;                 ; no       ; On           ;
; G20      ; 444        ; 7        ; RESERVED_INPUT_WITH_WEAK_PULLUP                           ;        ;              ;         ; Column I/O ;                 ; no       ; On           ;
; G21      ; 445        ; 7        ; RESERVED_INPUT_WITH_WEAK_PULLUP                           ;        ;              ;         ; Column I/O ;                 ; no       ; On           ;
; G22      ; 449        ; 7        ; RESERVED_INPUT_WITH_WEAK_PULLUP                           ;        ;              ;         ; Column I/O ;                 ; no       ; On           ;
; G23      ; 398        ; 6        ; JUMPMUX_OUT[12]                                           ; output ; 2.5 V        ;         ; Row I/O    ; N               ; no       ; Off          ;
; G24      ; 397        ; 6        ; JOUT[2]                                                   ; output ; 2.5 V        ;         ; Row I/O    ; N               ; no       ; Off          ;
; G25      ; 393        ; 6        ; JUMPMUX_OUT[0]                                            ; output ; 2.5 V        ;         ; Row I/O    ; N               ; no       ; Off          ;
; G26      ; 392        ; 6        ; PCP2[15]                                                  ; output ; 2.5 V        ;         ; Row I/O    ; N               ; no       ; Off          ;
; G27      ; 367        ; 6        ; PCP2[12]                                                  ; output ; 2.5 V        ;         ; Row I/O    ; N               ; no       ; Off          ;
; G28      ; 366        ; 6        ; PCP2[11]                                                  ; output ; 2.5 V        ;         ; Row I/O    ; N               ; no       ; Off          ;
; H1       ;            ; 1        ; VCCIO1                                                    ; power  ;              ; 2.5V    ; --         ;                 ; --       ; --           ;
; H2       ;            ;          ; GND                                                       ; gnd    ;              ;         ; --         ;                 ; --       ; --           ;
; H3       ; 15         ; 1        ; RESERVED_INPUT_WITH_WEAK_PULLUP                           ;        ;              ;         ; Row I/O    ;                 ; no       ; On           ;
; H4       ; 14         ; 1        ; RESERVED_INPUT_WITH_WEAK_PULLUP                           ;        ;              ;         ; Row I/O    ;                 ; no       ; On           ;
; H5       ; 20         ; 1        ; RESERVED_INPUT_WITH_WEAK_PULLUP                           ;        ;              ;         ; Row I/O    ;                 ; no       ; On           ;
; H6       ; 11         ; 1        ; RESERVED_INPUT_WITH_WEAK_PULLUP                           ;        ;              ;         ; Row I/O    ;                 ; no       ; On           ;
; H7       ; 4          ; 1        ; RESERVED_INPUT_WITH_WEAK_PULLUP                           ;        ;              ;         ; Row I/O    ;                 ; --       ; --           ;
; H8       ; 529        ; 8        ; RESERVED_INPUT_WITH_WEAK_PULLUP                           ;        ;              ;         ; Column I/O ;                 ; no       ; On           ;
; H9       ;            ;          ; GNDA3                                                     ; gnd    ;              ;         ; --         ;                 ; --       ; --           ;
; H10      ; 514        ; 8        ; RESERVED_INPUT_WITH_WEAK_PULLUP                           ;        ;              ;         ; Column I/O ;                 ; no       ; On           ;
; H11      ;            ; 8        ; VCCIO8                                                    ; power  ;              ; 2.5V    ; --         ;                 ; --       ; --           ;
; H12      ; 507        ; 8        ; RESERVED_INPUT_WITH_WEAK_PULLUP                           ;        ;              ;         ; Column I/O ;                 ; no       ; On           ;
; H13      ; 494        ; 8        ; RESERVED_INPUT_WITH_WEAK_PULLUP                           ;        ;              ;         ; Column I/O ;                 ; no       ; On           ;
; H14      ; 480        ; 8        ; RESERVED_INPUT_WITH_WEAK_PULLUP                           ;        ;              ;         ; Column I/O ;                 ; no       ; On           ;
; H15      ; 464        ; 7        ; RESERVED_INPUT_WITH_WEAK_PULLUP                           ;        ;              ;         ; Column I/O ;                 ; no       ; On           ;
; H16      ; 459        ; 7        ; RESERVED_INPUT_WITH_WEAK_PULLUP                           ;        ;              ;         ; Column I/O ;                 ; no       ; On           ;
; H17      ; 454        ; 7        ; RESERVED_INPUT_WITH_WEAK_PULLUP                           ;        ;              ;         ; Column I/O ;                 ; no       ; On           ;
; H18      ;            ; 7        ; VCCIO7                                                    ; power  ;              ; 2.5V    ; --         ;                 ; --       ; --           ;
; H19      ; 446        ; 7        ; RESERVED_INPUT_WITH_WEAK_PULLUP                           ;        ;              ;         ; Column I/O ;                 ; no       ; On           ;
; H20      ;            ;          ; GNDA2                                                     ; gnd    ;              ;         ; --         ;                 ; --       ; --           ;
; H21      ; 448        ; 7        ; RESERVED_INPUT_WITH_WEAK_PULLUP                           ;        ;              ;         ; Column I/O ;                 ; no       ; On           ;
; H22      ; 399        ; 6        ; JOUT[10]                                                  ; output ; 2.5 V        ;         ; Row I/O    ; N               ; no       ; Off          ;
; H23      ; 391        ; 6        ; JUMPMUX_OUT[10]                                           ; output ; 2.5 V        ;         ; Row I/O    ; N               ; no       ; Off          ;
; H24      ; 390        ; 6        ; JOUT[3]                                                   ; output ; 2.5 V        ;         ; Row I/O    ; N               ; no       ; Off          ;
; H25      ; 377        ; 6        ; INSOUT[3]                                                 ; output ; 2.5 V        ;         ; Row I/O    ; N               ; no       ; Off          ;
; H26      ; 376        ; 6        ; PCP2[2]                                                   ; output ; 2.5 V        ;         ; Row I/O    ; N               ; no       ; Off          ;
; H27      ;            ;          ; GND                                                       ; gnd    ;              ;         ; --         ;                 ; --       ; --           ;
; H28      ;            ; 6        ; VCCIO6                                                    ; power  ;              ; 2.5V    ; --         ;                 ; --       ; --           ;
; J1       ; 64         ; 1        ; CLK                                                       ; input  ; 2.5 V        ;         ; Row I/O    ; N               ; no       ; Off          ;
; J2       ;            ;          ; GND                                                       ; gnd    ;              ;         ; --         ;                 ; --       ; --           ;
; J3       ; 23         ; 1        ; RESERVED_INPUT_WITH_WEAK_PULLUP                           ;        ;              ;         ; Row I/O    ;                 ; no       ; On           ;
; J4       ; 22         ; 1        ; RESERVED_INPUT_WITH_WEAK_PULLUP                           ;        ;              ;         ; Row I/O    ;                 ; no       ; On           ;
; J5       ; 36         ; 1        ; RESERVED_INPUT_WITH_WEAK_PULLUP                           ;        ;              ;         ; Row I/O    ;                 ; no       ; On           ;
; J6       ; 35         ; 1        ; RESERVED_INPUT_WITH_WEAK_PULLUP                           ;        ;              ;         ; Row I/O    ;                 ; no       ; On           ;
; J7       ; 37         ; 1        ; RESERVED_INPUT_WITH_WEAK_PULLUP                           ;        ;              ;         ; Row I/O    ;                 ; no       ; On           ;
; J8       ;            ; --       ; VCCA3                                                     ; power  ;              ; 2.5V    ; --         ;                 ; --       ; --           ;
; J9       ;            ;          ; VCCD_PLL3                                                 ; power  ;              ; 1.2V    ; --         ;                 ; --       ; --           ;
; J10      ; 515        ; 8        ; RESERVED_INPUT_WITH_WEAK_PULLUP                           ;        ;              ;         ; Column I/O ;                 ; no       ; On           ;
; J11      ;            ;          ; GND                                                       ; gnd    ;              ;         ; --         ;                 ; --       ; --           ;
; J12      ; 490        ; 8        ; RESERVED_INPUT_WITH_WEAK_PULLUP                           ;        ;              ;         ; Column I/O ;                 ; no       ; On           ;
; J13      ; 489        ; 8        ; RESERVED_INPUT_WITH_WEAK_PULLUP                           ;        ;              ;         ; Column I/O ;                 ; no       ; On           ;
; J14      ; 481        ; 8        ; RESERVED_INPUT_WITH_WEAK_PULLUP                           ;        ;              ;         ; Column I/O ;                 ; no       ; On           ;
; J15      ; 465        ; 7        ; RESERVED_INPUT_WITH_WEAK_PULLUP                           ;        ;              ;         ; Column I/O ;                 ; no       ; On           ;
; J16      ; 458        ; 7        ; RESERVED_INPUT_WITH_WEAK_PULLUP                           ;        ;              ;         ; Column I/O ;                 ; no       ; On           ;
; J17      ; 450        ; 7        ; RESERVED_INPUT_WITH_WEAK_PULLUP                           ;        ;              ;         ; Column I/O ;                 ; no       ; On           ;
; J18      ;            ;          ; GND                                                       ; gnd    ;              ;         ; --         ;                 ; --       ; --           ;
; J19      ; 447        ; 7        ; RESERVED_INPUT_WITH_WEAK_PULLUP                           ;        ;              ;         ; Column I/O ;                 ; no       ; On           ;
; J20      ;            ;          ; VCCD_PLL2                                                 ; power  ;              ; 1.2V    ; --         ;                 ; --       ; --           ;
; J21      ;            ; --       ; VCCA2                                                     ; power  ;              ; 2.5V    ; --         ;                 ; --       ; --           ;
; J22      ; 394        ; 6        ; JUMPMUX_OUT[11]                                           ; output ; 2.5 V        ;         ; Row I/O    ; N               ; no       ; Off          ;
; J23      ; 387        ; 6        ; JOUT[4]                                                   ; output ; 2.5 V        ;         ; Row I/O    ; N               ; no       ; Off          ;
; J24      ; 386        ; 6        ; JOUT[5]                                                   ; output ; 2.5 V        ;         ; Row I/O    ; N               ; no       ; Off          ;
; J25      ; 365        ; 6        ; PCP2[8]                                                   ; output ; 2.5 V        ;         ; Row I/O    ; N               ; no       ; Off          ;
; J26      ; 364        ; 6        ; JOUT[1]                                                   ; output ; 2.5 V        ;         ; Row I/O    ; N               ; no       ; Off          ;
; J27      ; 338        ; 6        ; GND+                                                      ;        ;              ;         ; Row I/O    ;                 ; --       ; --           ;
; J28      ; 337        ; 6        ; GND+                                                      ;        ;              ;         ; Row I/O    ;                 ; --       ; --           ;
; K1       ; 28         ; 1        ; RESERVED_INPUT_WITH_WEAK_PULLUP                           ;        ;              ;         ; Row I/O    ;                 ; no       ; On           ;
; K2       ; 27         ; 1        ; RESERVED_INPUT_WITH_WEAK_PULLUP                           ;        ;              ;         ; Row I/O    ;                 ; no       ; On           ;
; K3       ; 30         ; 1        ; RESERVED_INPUT_WITH_WEAK_PULLUP                           ;        ;              ;         ; Row I/O    ;                 ; no       ; On           ;
; K4       ; 29         ; 1        ; RESERVED_INPUT_WITH_WEAK_PULLUP                           ;        ;              ;         ; Row I/O    ;                 ; no       ; On           ;
; K5       ;            ; 1        ; VCCIO1                                                    ; power  ;              ; 2.5V    ; --         ;                 ; --       ; --           ;
; K6       ;            ;          ; GND                                                       ; gnd    ;              ;         ; --         ;                 ; --       ; --           ;
; K7       ; 38         ; 1        ; RESERVED_INPUT_WITH_WEAK_PULLUP                           ;        ;              ;         ; Row I/O    ;                 ; no       ; On           ;
; K8       ; 39         ; 1        ; RESERVED_INPUT_WITH_WEAK_PULLUP                           ;        ;              ;         ; Row I/O    ;                 ; no       ; On           ;
; K9       ;            ;          ; VCCINT                                                    ; power  ;              ; 1.2V    ; --         ;                 ; --       ; --           ;
; K10      ;            ;          ; GND                                                       ; gnd    ;              ;         ; --         ;                 ; --       ; --           ;
; K11      ;            ;          ; VCCINT                                                    ; power  ;              ; 1.2V    ; --         ;                 ; --       ; --           ;
; K12      ;            ;          ; GND                                                       ; gnd    ;              ;         ; --         ;                 ; --       ; --           ;
; K13      ;            ;          ; VCCINT                                                    ; power  ;              ; 1.2V    ; --         ;                 ; --       ; --           ;
; K14      ;            ;          ; GND                                                       ; gnd    ;              ;         ; --         ;                 ; --       ; --           ;
; K15      ;            ;          ; VCCINT                                                    ; power  ;              ; 1.2V    ; --         ;                 ; --       ; --           ;
; K16      ;            ;          ; GND                                                       ; gnd    ;              ;         ; --         ;                 ; --       ; --           ;
; K17      ;            ;          ; VCCINT                                                    ; power  ;              ; 1.2V    ; --         ;                 ; --       ; --           ;
; K18      ;            ;          ; GND                                                       ; gnd    ;              ;         ; --         ;                 ; --       ; --           ;
; K19      ;            ;          ; VCCINT                                                    ; power  ;              ; 1.2V    ; --         ;                 ; --       ; --           ;
; K20      ;            ;          ; GND                                                       ; gnd    ;              ;         ; --         ;                 ; --       ; --           ;
; K21      ; 389        ; 6        ; INSOUT[1]                                                 ; output ; 2.5 V        ;         ; Row I/O    ; N               ; no       ; Off          ;
; K22      ; 388        ; 6        ; JUMPMUX_OUT[2]                                            ; output ; 2.5 V        ;         ; Row I/O    ; N               ; no       ; Off          ;
; K23      ;            ;          ; GND                                                       ; gnd    ;              ;         ; --         ;                 ; --       ; --           ;
; K24      ;            ; 6        ; VCCIO6                                                    ; power  ;              ; 2.5V    ; --         ;                 ; --       ; --           ;
; K25      ; 371        ; 6        ; INSOUT[4]                                                 ; output ; 2.5 V        ;         ; Row I/O    ; N               ; no       ; Off          ;
; K26      ; 370        ; 6        ; PCP2[0]                                                   ; output ; 2.5 V        ;         ; Row I/O    ; N               ; no       ; Off          ;
; K27      ; 362        ; 6        ; INSOUT[7]                                                 ; output ; 2.5 V        ;         ; Row I/O    ; N               ; no       ; Off          ;
; K28      ; 361        ; 6        ; JUMPMUX_OUT[8]                                            ; output ; 2.5 V        ;         ; Row I/O    ; N               ; no       ; Off          ;
; L1       ; 49         ; 1        ; RESERVED_INPUT_WITH_WEAK_PULLUP                           ;        ;              ;         ; Row I/O    ;                 ; no       ; On           ;
; L2       ; 48         ; 1        ; RESERVED_INPUT_WITH_WEAK_PULLUP                           ;        ;              ;         ; Row I/O    ;                 ; no       ; On           ;
; L3       ; 32         ; 1        ; RESERVED_INPUT_WITH_WEAK_PULLUP                           ;        ;              ;         ; Row I/O    ;                 ; no       ; On           ;
; L4       ; 31         ; 1        ; RESERVED_INPUT_WITH_WEAK_PULLUP                           ;        ;              ;         ; Row I/O    ;                 ; no       ; On           ;
; L5       ; 21         ; 1        ; RESERVED_INPUT_WITH_WEAK_PULLUP                           ;        ;              ;         ; Row I/O    ;                 ; --       ; --           ;
; L6       ; 43         ; 1        ; RESERVED_INPUT_WITH_WEAK_PULLUP                           ;        ;              ;         ; Row I/O    ;                 ; no       ; On           ;
; L7       ; 42         ; 1        ; RESERVED_INPUT_WITH_WEAK_PULLUP                           ;        ;              ;         ; Row I/O    ;                 ; no       ; On           ;
; L8       ; 40         ; 1        ; RESERVED_INPUT_WITH_WEAK_PULLUP                           ;        ;              ;         ; Row I/O    ;                 ; no       ; On           ;
; L9       ;            ;          ; GND                                                       ; gnd    ;              ;         ; --         ;                 ; --       ; --           ;
; L10      ;            ;          ; VCCINT                                                    ; power  ;              ; 1.2V    ; --         ;                 ; --       ; --           ;
; L11      ;            ;          ; GND                                                       ; gnd    ;              ;         ; --         ;                 ; --       ; --           ;
; L12      ;            ;          ; VCCINT                                                    ; power  ;              ; 1.2V    ; --         ;                 ; --       ; --           ;
; L13      ;            ;          ; GND                                                       ; gnd    ;              ;         ; --         ;                 ; --       ; --           ;
; L14      ;            ;          ; VCCINT                                                    ; power  ;              ; 1.2V    ; --         ;                 ; --       ; --           ;
; L15      ;            ;          ; GND                                                       ; gnd    ;              ;         ; --         ;                 ; --       ; --           ;
; L16      ;            ;          ; VCCINT                                                    ; power  ;              ; 1.2V    ; --         ;                 ; --       ; --           ;
; L17      ;            ;          ; GND                                                       ; gnd    ;              ;         ; --         ;                 ; --       ; --           ;
; L18      ;            ;          ; VCCINT                                                    ; power  ;              ; 1.2V    ; --         ;                 ; --       ; --           ;
; L19      ;            ;          ; GND                                                       ; gnd    ;              ;         ; --         ;                 ; --       ; --           ;
; L20      ;            ;          ; VCCINT                                                    ; power  ;              ; 1.2V    ; --         ;                 ; --       ; --           ;
; L21      ; 385        ; 6        ; PCP2[3]                                                   ; output ; 2.5 V        ;         ; Row I/O    ; N               ; no       ; Off          ;
; L22      ; 384        ; 6        ; JOUT[0]                                                   ; output ; 2.5 V        ;         ; Row I/O    ; N               ; no       ; Off          ;
; L23      ; 360        ; 6        ; JUMPMUX_OUT[6]                                            ; output ; 2.5 V        ;         ; Row I/O    ; N               ; no       ; Off          ;
; L24      ; 359        ; 6        ; PCP2[10]                                                  ; output ; 2.5 V        ;         ; Row I/O    ; N               ; no       ; Off          ;
; L25      ; 369        ; 6        ; JUMPMUX_OUT[1]                                            ; output ; 2.5 V        ;         ; Row I/O    ; N               ; no       ; Off          ;
; L26      ; 363        ; 6        ; INSOUT[14]                                                ; output ; 2.5 V        ;         ; Row I/O    ; N               ; no       ; Off          ;
; L27      ; 358        ; 6        ; PCP2[6]                                                   ; output ; 2.5 V        ;         ; Row I/O    ; N               ; no       ; Off          ;
; L28      ; 357        ; 6        ; PCP2[4]                                                   ; output ; 2.5 V        ;         ; Row I/O    ; N               ; no       ; Off          ;
; M1       ; 51         ; 1        ; RESERVED_INPUT_WITH_WEAK_PULLUP                           ;        ;              ;         ; Row I/O    ;                 ; no       ; On           ;
; M2       ; 50         ; 1        ; RESERVED_INPUT_WITH_WEAK_PULLUP                           ;        ;              ;         ; Row I/O    ;                 ; no       ; On           ;
; M3       ; 34         ; 1        ; RESERVED_INPUT_WITH_WEAK_PULLUP                           ;        ;              ;         ; Row I/O    ;                 ; no       ; On           ;
; M4       ; 33         ; 1        ; RESERVED_INPUT_WITH_WEAK_PULLUP                           ;        ;              ;         ; Row I/O    ;                 ; no       ; On           ;
; M5       ; 41         ; 1        ; RESERVED_INPUT_WITH_WEAK_PULLUP                           ;        ;              ;         ; Row I/O    ;                 ; --       ; --           ;
; M6       ; 24         ; 1        ; ^nSTATUS                                                  ;        ;              ;         ; --         ;                 ; --       ; --           ;
; M7       ; 47         ; 1        ; RESERVED_INPUT_WITH_WEAK_PULLUP                           ;        ;              ;         ; Row I/O    ;                 ; no       ; On           ;
; M8       ; 46         ; 1        ; RESERVED_INPUT_WITH_WEAK_PULLUP                           ;        ;              ;         ; Row I/O    ;                 ; no       ; On           ;
; M9       ;            ;          ; VCCINT                                                    ; power  ;              ; 1.2V    ; --         ;                 ; --       ; --           ;
; M10      ;            ;          ; GND                                                       ; gnd    ;              ;         ; --         ;                 ; --       ; --           ;
; M11      ;            ;          ; VCCINT                                                    ; power  ;              ; 1.2V    ; --         ;                 ; --       ; --           ;
; M12      ;            ;          ; GND                                                       ; gnd    ;              ;         ; --         ;                 ; --       ; --           ;
; M13      ;            ;          ; VCCINT                                                    ; power  ;              ; 1.2V    ; --         ;                 ; --       ; --           ;
; M14      ;            ;          ; GND                                                       ; gnd    ;              ;         ; --         ;                 ; --       ; --           ;
; M15      ;            ;          ; VCCINT                                                    ; power  ;              ; 1.2V    ; --         ;                 ; --       ; --           ;
; M16      ;            ;          ; GND                                                       ; gnd    ;              ;         ; --         ;                 ; --       ; --           ;
; M17      ;            ;          ; VCCINT                                                    ; power  ;              ; 1.2V    ; --         ;                 ; --       ; --           ;
; M18      ;            ;          ; GND                                                       ; gnd    ;              ;         ; --         ;                 ; --       ; --           ;
; M19      ;            ;          ; VCCINT                                                    ; power  ;              ; 1.2V    ; --         ;                 ; --       ; --           ;
; M20      ;            ;          ; GND                                                       ; gnd    ;              ;         ; --         ;                 ; --       ; --           ;
; M21      ; 368        ; 6        ; PCP2[7]                                                   ; output ; 2.5 V        ;         ; Row I/O    ; N               ; no       ; Off          ;
; M22      ; 342        ; 6        ; ^MSEL2                                                    ;        ;              ;         ; --         ;                 ; --       ; --           ;
; M23      ; 344        ; 6        ; RESERVED_INPUT_WITH_WEAK_PULLUP                           ;        ;              ;         ; Row I/O    ;                 ; no       ; On           ;
; M24      ; 347        ; 6        ; INSOUT[10]                                                ; output ; 2.5 V        ;         ; Row I/O    ; N               ; no       ; Off          ;
; M25      ; 356        ; 6        ; INSOUT[6]                                                 ; output ; 2.5 V        ;         ; Row I/O    ; N               ; no       ; Off          ;
; M26      ; 355        ; 6        ; INSOUT[12]                                                ; output ; 2.5 V        ;         ; Row I/O    ; N               ; no       ; Off          ;
; M27      ; 354        ; 6        ; PCP2[5]                                                   ; output ; 2.5 V        ;         ; Row I/O    ; N               ; no       ; Off          ;
; M28      ; 353        ; 6        ; JOUT[9]                                                   ; output ; 2.5 V        ;         ; Row I/O    ; N               ; no       ; Off          ;
; N1       ;            ; 1        ; VCCIO1                                                    ; power  ;              ; 2.5V    ; --         ;                 ; --       ; --           ;
; N2       ;            ;          ; GND                                                       ; gnd    ;              ;         ; --         ;                 ; --       ; --           ;
; N3       ; 45         ; 1        ; RESERVED_INPUT_WITH_WEAK_PULLUP                           ;        ;              ;         ; Row I/O    ;                 ; no       ; On           ;
; N4       ; 44         ; 1        ; RESERVED_INPUT_WITH_WEAK_PULLUP                           ;        ;              ;         ; Row I/O    ;                 ; no       ; On           ;
; N5       ;            ; 1        ; VCCIO1                                                    ; power  ;              ; 2.5V    ; --         ;                 ; --       ; --           ;
; N6       ;            ;          ; GND                                                       ; gnd    ;              ;         ; --         ;                 ; --       ; --           ;
; N7       ; 56         ; 1        ; ~ALTERA_DATA0~ / RESERVED_INPUT_WITH_WEAK_PULLUP          ; input  ; 2.5 V        ;         ; Row I/O    ; N               ; no       ; On           ;
; N8       ; 54         ; 1        ; RESERVED_INPUT_WITH_WEAK_PULLUP                           ;        ;              ;         ; Row I/O    ;                 ; no       ; On           ;
; N9       ;            ;          ; GND                                                       ; gnd    ;              ;         ; --         ;                 ; --       ; --           ;
; N10      ;            ;          ; VCCINT                                                    ; power  ;              ; 1.2V    ; --         ;                 ; --       ; --           ;
; N11      ;            ;          ; GND                                                       ; gnd    ;              ;         ; --         ;                 ; --       ; --           ;
; N12      ;            ;          ; VCCINT                                                    ; power  ;              ; 1.2V    ; --         ;                 ; --       ; --           ;
; N13      ;            ;          ; GND                                                       ; gnd    ;              ;         ; --         ;                 ; --       ; --           ;
; N14      ;            ;          ; VCCINT                                                    ; power  ;              ; 1.2V    ; --         ;                 ; --       ; --           ;
; N15      ;            ;          ; GND                                                       ; gnd    ;              ;         ; --         ;                 ; --       ; --           ;
; N16      ;            ;          ; VCCINT                                                    ; power  ;              ; 1.2V    ; --         ;                 ; --       ; --           ;
; N17      ;            ;          ; GND                                                       ; gnd    ;              ;         ; --         ;                 ; --       ; --           ;
; N18      ;            ;          ; VCCINT                                                    ; power  ;              ; 1.2V    ; --         ;                 ; --       ; --           ;
; N19      ;            ;          ; GND                                                       ; gnd    ;              ;         ; --         ;                 ; --       ; --           ;
; N20      ;            ;          ; VCCINT                                                    ; power  ;              ; 1.2V    ; --         ;                 ; --       ; --           ;
; N21      ; 348        ; 6        ; RESERVED_INPUT_WITH_WEAK_PULLUP                           ;        ;              ;         ; Row I/O    ;                 ; --       ; --           ;
; N22      ; 340        ; 6        ; ^MSEL0                                                    ;        ;              ;         ; --         ;                 ; --       ; --           ;
; N23      ;            ;          ; GND                                                       ; gnd    ;              ;         ; --         ;                 ; --       ; --           ;
; N24      ;            ; 6        ; VCCIO6                                                    ; power  ;              ; 2.5V    ; --         ;                 ; --       ; --           ;
; N25      ; 352        ; 6        ; JUMPMUX_OUT[9]                                            ; output ; 2.5 V        ;         ; Row I/O    ; N               ; no       ; Off          ;
; N26      ; 351        ; 6        ; RESERVED_INPUT_WITH_WEAK_PULLUP                           ;        ;              ;         ; Row I/O    ;                 ; no       ; On           ;
; N27      ;            ;          ; GND                                                       ; gnd    ;              ;         ; --         ;                 ; --       ; --           ;
; N28      ;            ; 6        ; VCCIO6                                                    ; power  ;              ; 2.5V    ; --         ;                 ; --       ; --           ;
; P1       ; 53         ; 1        ; RESERVED_INPUT_WITH_WEAK_PULLUP                           ;        ;              ;         ; Row I/O    ;                 ; no       ; On           ;
; P2       ; 52         ; 1        ; RESERVED_INPUT_WITH_WEAK_PULLUP                           ;        ;              ;         ; Row I/O    ;                 ; no       ; On           ;
; P3       ; 55         ; 1        ; ~ALTERA_DCLK~                                             ; output ; 2.5 V        ;         ; Row I/O    ; N               ; no       ; On           ;
; P4       ; 57         ; 1        ; ^nCONFIG                                                  ;        ;              ;         ; --         ;                 ; --       ; --           ;
; P5       ; 59         ; 1        ; #TCK                                                      ; input  ;              ;         ; --         ;                 ; --       ; --           ;
; P6       ; 61         ; 1        ; #TDO                                                      ; output ;              ;         ; --         ;                 ; --       ; --           ;
; P7       ; 58         ; 1        ; #TDI                                                      ; input  ;              ;         ; --         ;                 ; --       ; --           ;
; P8       ; 60         ; 1        ; #TMS                                                      ; input  ;              ;         ; --         ;                 ; --       ; --           ;
; P9       ;            ;          ; VCCINT                                                    ; power  ;              ; 1.2V    ; --         ;                 ; --       ; --           ;
; P10      ;            ;          ; GND                                                       ; gnd    ;              ;         ; --         ;                 ; --       ; --           ;
; P11      ;            ;          ; VCCINT                                                    ; power  ;              ; 1.2V    ; --         ;                 ; --       ; --           ;
; P12      ;            ;          ; GND                                                       ; gnd    ;              ;         ; --         ;                 ; --       ; --           ;
; P13      ;            ;          ; VCCINT                                                    ; power  ;              ; 1.2V    ; --         ;                 ; --       ; --           ;
; P14      ;            ;          ; GND                                                       ; gnd    ;              ;         ; --         ;                 ; --       ; --           ;
; P15      ;            ;          ; VCCINT                                                    ; power  ;              ; 1.2V    ; --         ;                 ; --       ; --           ;
; P16      ;            ;          ; GND                                                       ; gnd    ;              ;         ; --         ;                 ; --       ; --           ;
; P17      ;            ;          ; VCCINT                                                    ; power  ;              ; 1.2V    ; --         ;                 ; --       ; --           ;
; P18      ;            ;          ; GND                                                       ; gnd    ;              ;         ; --         ;                 ; --       ; --           ;
; P19      ;            ;          ; VCCINT                                                    ; power  ;              ; 1.2V    ; --         ;                 ; --       ; --           ;
; P20      ;            ;          ; GND                                                       ; gnd    ;              ;         ; --         ;                 ; --       ; --           ;
; P21      ; 334        ; 5        ; INSOUT[11]                                                ; output ; 2.5 V        ;         ; Row I/O    ; N               ; no       ; Off          ;
; P22      ; 343        ; 6        ; ^MSEL3                                                    ;        ;              ;         ; --         ;                 ; --       ; --           ;
; P23      ; 341        ; 6        ; ^MSEL1                                                    ;        ;              ;         ; --         ;                 ; --       ; --           ;
; P24      ; 339        ; 6        ; ^CONF_DONE                                                ;        ;              ;         ; --         ;                 ; --       ; --           ;
; P25      ; 346        ; 6        ; RESERVED_INPUT_WITH_WEAK_PULLUP                           ;        ;              ;         ; Row I/O    ;                 ; no       ; On           ;
; P26      ; 345        ; 6        ; RESERVED_INPUT_WITH_WEAK_PULLUP                           ;        ;              ;         ; Row I/O    ;                 ; no       ; On           ;
; P27      ; 350        ; 6        ; PCP2[14]                                                  ; output ; 2.5 V        ;         ; Row I/O    ; N               ; no       ; Off          ;
; P28      ; 349        ; 6        ; ~ALTERA_nCEO~ / RESERVED_OUTPUT_OPEN_DRAIN                ; output ; 2.5 V        ;         ; Row I/O    ; N               ; no       ; Off          ;
; R1       ; 68         ; 2        ; RESERVED_INPUT_WITH_WEAK_PULLUP                           ;        ;              ;         ; Row I/O    ;                 ; no       ; On           ;
; R2       ; 67         ; 2        ; RESERVED_INPUT_WITH_WEAK_PULLUP                           ;        ;              ;         ; Row I/O    ;                 ; no       ; On           ;
; R3       ; 73         ; 2        ; RESERVED_INPUT_WITH_WEAK_PULLUP                           ;        ;              ;         ; Row I/O    ;                 ; no       ; On           ;
; R4       ; 74         ; 2        ; RESERVED_INPUT_WITH_WEAK_PULLUP                           ;        ;              ;         ; Row I/O    ;                 ; no       ; On           ;
; R5       ; 77         ; 2        ; RESERVED_INPUT_WITH_WEAK_PULLUP                           ;        ;              ;         ; Row I/O    ;                 ; no       ; On           ;
; R6       ; 70         ; 2        ; RESERVED_INPUT_WITH_WEAK_PULLUP                           ;        ;              ;         ; Row I/O    ;                 ; no       ; On           ;
; R7       ; 69         ; 2        ; RESERVED_INPUT_WITH_WEAK_PULLUP                           ;        ;              ;         ; Row I/O    ;                 ; no       ; On           ;
; R8       ; 62         ; 1        ; ^nCE                                                      ;        ;              ;         ; --         ;                 ; --       ; --           ;
; R9       ;            ;          ; GND                                                       ; gnd    ;              ;         ; --         ;                 ; --       ; --           ;
; R10      ;            ;          ; VCCINT                                                    ; power  ;              ; 1.2V    ; --         ;                 ; --       ; --           ;
; R11      ;            ;          ; GND                                                       ; gnd    ;              ;         ; --         ;                 ; --       ; --           ;
; R12      ;            ;          ; VCCINT                                                    ; power  ;              ; 1.2V    ; --         ;                 ; --       ; --           ;
; R13      ;            ;          ; GND                                                       ; gnd    ;              ;         ; --         ;                 ; --       ; --           ;
; R14      ;            ;          ; VCCINT                                                    ; power  ;              ; 1.2V    ; --         ;                 ; --       ; --           ;
; R15      ;            ;          ; GND                                                       ; gnd    ;              ;         ; --         ;                 ; --       ; --           ;
; R16      ;            ;          ; VCCINT                                                    ; power  ;              ; 1.2V    ; --         ;                 ; --       ; --           ;
; R17      ;            ;          ; GND                                                       ; gnd    ;              ;         ; --         ;                 ; --       ; --           ;
; R18      ;            ;          ; VCCINT                                                    ; power  ;              ; 1.2V    ; --         ;                 ; --       ; --           ;
; R19      ;            ;          ; GND                                                       ; gnd    ;              ;         ; --         ;                 ; --       ; --           ;
; R20      ;            ;          ; VCCINT                                                    ; power  ;              ; 1.2V    ; --         ;                 ; --       ; --           ;
; R21      ; 333        ; 5        ; RESERVED_INPUT_WITH_WEAK_PULLUP                           ;        ;              ;         ; Row I/O    ;                 ; no       ; On           ;
; R22      ; 332        ; 5        ; INSOUT[13]                                                ; output ; 2.5 V        ;         ; Row I/O    ; N               ; no       ; Off          ;
; R23      ; 331        ; 5        ; RESERVED_INPUT_WITH_WEAK_PULLUP                           ;        ;              ;         ; Row I/O    ;                 ; no       ; On           ;
; R24      ; 330        ; 5        ; RESERVED_INPUT_WITH_WEAK_PULLUP                           ;        ;              ;         ; Row I/O    ;                 ; no       ; On           ;
; R25      ; 327        ; 5        ; RESERVED_INPUT_WITH_WEAK_PULLUP                           ;        ;              ;         ; Row I/O    ;                 ; no       ; On           ;
; R26      ; 326        ; 5        ; RESERVED_INPUT_WITH_WEAK_PULLUP                           ;        ;              ;         ; Row I/O    ;                 ; no       ; On           ;
; R27      ; 329        ; 5        ; RESERVED_INPUT_WITH_WEAK_PULLUP                           ;        ;              ;         ; Row I/O    ;                 ; no       ; On           ;
; R28      ; 328        ; 5        ; RESERVED_INPUT_WITH_WEAK_PULLUP                           ;        ;              ;         ; Row I/O    ;                 ; no       ; On           ;
; T1       ;            ; 2        ; VCCIO2                                                    ; power  ;              ; 2.5V    ; --         ;                 ; --       ; --           ;
; T2       ;            ;          ; GND                                                       ; gnd    ;              ;         ; --         ;                 ; --       ; --           ;
; T3       ; 76         ; 2        ; RESERVED_INPUT_WITH_WEAK_PULLUP                           ;        ;              ;         ; Row I/O    ;                 ; no       ; On           ;
; T4       ; 75         ; 2        ; RESERVED_INPUT_WITH_WEAK_PULLUP                           ;        ;              ;         ; Row I/O    ;                 ; no       ; On           ;
; T5       ;            ; 2        ; VCCIO2                                                    ; power  ;              ; 2.5V    ; --         ;                 ; --       ; --           ;
; T6       ;            ;          ; GND                                                       ; gnd    ;              ;         ; --         ;                 ; --       ; --           ;
; T7       ; 78         ; 2        ; RESERVED_INPUT_WITH_WEAK_PULLUP                           ;        ;              ;         ; Row I/O    ;                 ; --       ; --           ;
; T8       ; 100        ; 2        ; RESERVED_INPUT_WITH_WEAK_PULLUP                           ;        ;              ;         ; Row I/O    ;                 ; --       ; --           ;
; T9       ;            ;          ; VCCINT                                                    ; power  ;              ; 1.2V    ; --         ;                 ; --       ; --           ;
; T10      ;            ;          ; GND                                                       ; gnd    ;              ;         ; --         ;                 ; --       ; --           ;
; T11      ;            ;          ; VCCINT                                                    ; power  ;              ; 1.2V    ; --         ;                 ; --       ; --           ;
; T12      ;            ;          ; GND                                                       ; gnd    ;              ;         ; --         ;                 ; --       ; --           ;
; T13      ;            ;          ; VCCINT                                                    ; power  ;              ; 1.2V    ; --         ;                 ; --       ; --           ;
; T14      ;            ;          ; GND                                                       ; gnd    ;              ;         ; --         ;                 ; --       ; --           ;
; T15      ;            ;          ; VCCINT                                                    ; power  ;              ; 1.2V    ; --         ;                 ; --       ; --           ;
; T16      ;            ;          ; GND                                                       ; gnd    ;              ;         ; --         ;                 ; --       ; --           ;
; T17      ;            ;          ; VCCINT                                                    ; power  ;              ; 1.2V    ; --         ;                 ; --       ; --           ;
; T18      ;            ;          ; GND                                                       ; gnd    ;              ;         ; --         ;                 ; --       ; --           ;
; T19      ;            ;          ; VCCINT                                                    ; power  ;              ; 1.2V    ; --         ;                 ; --       ; --           ;
; T20      ;            ;          ; GND                                                       ; gnd    ;              ;         ; --         ;                 ; --       ; --           ;
; T21      ; 325        ; 5        ; RESERVED_INPUT_WITH_WEAK_PULLUP                           ;        ;              ;         ; Row I/O    ;                 ; no       ; On           ;
; T22      ; 324        ; 5        ; RESERVED_INPUT_WITH_WEAK_PULLUP                           ;        ;              ;         ; Row I/O    ;                 ; no       ; On           ;
; T23      ;            ;          ; GND                                                       ; gnd    ;              ;         ; --         ;                 ; --       ; --           ;
; T24      ;            ; 5        ; VCCIO5                                                    ; power  ;              ; 2.5V    ; --         ;                 ; --       ; --           ;
; T25      ; 323        ; 5        ; RESERVED_INPUT_WITH_WEAK_PULLUP                           ;        ;              ;         ; Row I/O    ;                 ; no       ; On           ;
; T26      ; 322        ; 5        ; RESERVED_INPUT_WITH_WEAK_PULLUP                           ;        ;              ;         ; Row I/O    ;                 ; no       ; On           ;
; T27      ;            ;          ; GND                                                       ; gnd    ;              ;         ; --         ;                 ; --       ; --           ;
; T28      ;            ; 5        ; VCCIO5                                                    ; power  ;              ; 2.5V    ; --         ;                 ; --       ; --           ;
; U1       ; 80         ; 2        ; RESERVED_INPUT_WITH_WEAK_PULLUP                           ;        ;              ;         ; Row I/O    ;                 ; no       ; On           ;
; U2       ; 79         ; 2        ; RESERVED_INPUT_WITH_WEAK_PULLUP                           ;        ;              ;         ; Row I/O    ;                 ; no       ; On           ;
; U3       ; 71         ; 2        ; RESERVED_INPUT_WITH_WEAK_PULLUP                           ;        ;              ;         ; Row I/O    ;                 ; no       ; On           ;
; U4       ; 72         ; 2        ; RESERVED_INPUT_WITH_WEAK_PULLUP                           ;        ;              ;         ; Row I/O    ;                 ; no       ; On           ;
; U5       ; 90         ; 2        ; RESERVED_INPUT_WITH_WEAK_PULLUP                           ;        ;              ;         ; Row I/O    ;                 ; no       ; On           ;
; U6       ; 89         ; 2        ; RESERVED_INPUT_WITH_WEAK_PULLUP                           ;        ;              ;         ; Row I/O    ;                 ; no       ; On           ;
; U7       ; 103        ; 2        ; RESERVED_INPUT_WITH_WEAK_PULLUP                           ;        ;              ;         ; Row I/O    ;                 ; no       ; On           ;
; U8       ; 104        ; 2        ; RESERVED_INPUT_WITH_WEAK_PULLUP                           ;        ;              ;         ; Row I/O    ;                 ; no       ; On           ;
; U9       ;            ;          ; GND                                                       ; gnd    ;              ;         ; --         ;                 ; --       ; --           ;
; U10      ;            ;          ; VCCINT                                                    ; power  ;              ; 1.2V    ; --         ;                 ; --       ; --           ;
; U11      ;            ;          ; GND                                                       ; gnd    ;              ;         ; --         ;                 ; --       ; --           ;
; U12      ;            ;          ; VCCINT                                                    ; power  ;              ; 1.2V    ; --         ;                 ; --       ; --           ;
; U13      ;            ;          ; GND                                                       ; gnd    ;              ;         ; --         ;                 ; --       ; --           ;
; U14      ;            ;          ; VCCINT                                                    ; power  ;              ; 1.2V    ; --         ;                 ; --       ; --           ;
; U15      ;            ;          ; GND                                                       ; gnd    ;              ;         ; --         ;                 ; --       ; --           ;
; U16      ;            ;          ; VCCINT                                                    ; power  ;              ; 1.2V    ; --         ;                 ; --       ; --           ;
; U17      ;            ;          ; GND                                                       ; gnd    ;              ;         ; --         ;                 ; --       ; --           ;
; U18      ;            ;          ; VCCINT                                                    ; power  ;              ; 1.2V    ; --         ;                 ; --       ; --           ;
; U19      ;            ;          ; GND                                                       ; gnd    ;              ;         ; --         ;                 ; --       ; --           ;
; U20      ;            ;          ; VCCINT                                                    ; power  ;              ; 1.2V    ; --         ;                 ; --       ; --           ;
; U21      ; 319        ; 5        ; RESERVED_INPUT_WITH_WEAK_PULLUP                           ;        ;              ;         ; Row I/O    ;                 ; no       ; On           ;
; U22      ; 313        ; 5        ; RESERVED_INPUT_WITH_WEAK_PULLUP                           ;        ;              ;         ; Row I/O    ;                 ; no       ; On           ;
; U23      ; 305        ; 5        ; DOUT[14]                                                  ; output ; 2.5 V        ;         ; Row I/O    ; N               ; no       ; Off          ;
; U24      ; 316        ; 5        ; DOUT[3]                                                   ; output ; 2.5 V        ;         ; Row I/O    ; N               ; no       ; Off          ;
; U25      ; 315        ; 5        ; MemtoReg                                                  ; output ; 2.5 V        ;         ; Row I/O    ; N               ; no       ; Off          ;
; U26      ; 314        ; 5        ; RESERVED_INPUT_WITH_WEAK_PULLUP                           ;        ;              ;         ; Row I/O    ;                 ; no       ; On           ;
; U27      ; 318        ; 5        ; RESERVED_INPUT_WITH_WEAK_PULLUP                           ;        ;              ;         ; Row I/O    ;                 ; no       ; On           ;
; U28      ; 317        ; 5        ; DOUT[4]                                                   ; output ; 2.5 V        ;         ; Row I/O    ; N               ; no       ; Off          ;
; V1       ; 84         ; 2        ; RESERVED_INPUT_WITH_WEAK_PULLUP                           ;        ;              ;         ; Row I/O    ;                 ; no       ; On           ;
; V2       ; 83         ; 2        ; RESERVED_INPUT_WITH_WEAK_PULLUP                           ;        ;              ;         ; Row I/O    ;                 ; no       ; On           ;
; V3       ; 82         ; 2        ; RESERVED_INPUT_WITH_WEAK_PULLUP                           ;        ;              ;         ; Row I/O    ;                 ; no       ; On           ;
; V4       ; 81         ; 2        ; RESERVED_INPUT_WITH_WEAK_PULLUP                           ;        ;              ;         ; Row I/O    ;                 ; no       ; On           ;
; V5       ; 108        ; 2        ; RESERVED_INPUT_WITH_WEAK_PULLUP                           ;        ;              ;         ; Row I/O    ;                 ; no       ; On           ;
; V6       ; 107        ; 2        ; RESERVED_INPUT_WITH_WEAK_PULLUP                           ;        ;              ;         ; Row I/O    ;                 ; no       ; On           ;
; V7       ; 110        ; 2        ; RESERVED_INPUT_WITH_WEAK_PULLUP                           ;        ;              ;         ; Row I/O    ;                 ; no       ; On           ;
; V8       ; 109        ; 2        ; RESERVED_INPUT_WITH_WEAK_PULLUP                           ;        ;              ;         ; Row I/O    ;                 ; no       ; On           ;
; V9       ;            ;          ; VCCINT                                                    ; power  ;              ; 1.2V    ; --         ;                 ; --       ; --           ;
; V10      ;            ;          ; GND                                                       ; gnd    ;              ;         ; --         ;                 ; --       ; --           ;
; V11      ;            ;          ; VCCINT                                                    ; power  ;              ; 1.2V    ; --         ;                 ; --       ; --           ;
; V12      ;            ;          ; GND                                                       ; gnd    ;              ;         ; --         ;                 ; --       ; --           ;
; V13      ;            ;          ; VCCINT                                                    ; power  ;              ; 1.2V    ; --         ;                 ; --       ; --           ;
; V14      ;            ;          ; GND                                                       ; gnd    ;              ;         ; --         ;                 ; --       ; --           ;
; V15      ;            ;          ; VCCINT                                                    ; power  ;              ; 1.2V    ; --         ;                 ; --       ; --           ;
; V16      ;            ;          ; GND                                                       ; gnd    ;              ;         ; --         ;                 ; --       ; --           ;
; V17      ;            ;          ; VCCINT                                                    ; power  ;              ; 1.2V    ; --         ;                 ; --       ; --           ;
; V18      ;            ;          ; GND                                                       ; gnd    ;              ;         ; --         ;                 ; --       ; --           ;
; V19      ;            ;          ; VCCINT                                                    ; power  ;              ; 1.2V    ; --         ;                 ; --       ; --           ;
; V20      ;            ;          ; GND                                                       ; gnd    ;              ;         ; --         ;                 ; --       ; --           ;
; V21      ; 311        ; 5        ; DOUT[2]                                                   ; output ; 2.5 V        ;         ; Row I/O    ; N               ; no       ; Off          ;
; V22      ; 312        ; 5        ; RESERVED_INPUT_WITH_WEAK_PULLUP                           ;        ;              ;         ; Row I/O    ;                 ; no       ; On           ;
; V23      ; 309        ; 5        ; RESERVED_INPUT_WITH_WEAK_PULLUP                           ;        ;              ;         ; Row I/O    ;                 ; no       ; On           ;
; V24      ; 308        ; 5        ; RESERVED_INPUT_WITH_WEAK_PULLUP                           ;        ;              ;         ; Row I/O    ;                 ; no       ; On           ;
; V25      ; 307        ; 5        ; RESERVED_INPUT_WITH_WEAK_PULLUP                           ;        ;              ;         ; Row I/O    ;                 ; no       ; On           ;
; V26      ; 306        ; 5        ; RESERVED_INPUT_WITH_WEAK_PULLUP                           ;        ;              ;         ; Row I/O    ;                 ; no       ; On           ;
; V27      ; 304        ; 5        ; DOUT[15]                                                  ; output ; 2.5 V        ;         ; Row I/O    ; N               ; no       ; Off          ;
; V28      ; 303        ; 5        ; DOUT[8]                                                   ; output ; 2.5 V        ;         ; Row I/O    ; N               ; no       ; Off          ;
; W1       ; 88         ; 2        ; RESERVED_INPUT_WITH_WEAK_PULLUP                           ;        ;              ;         ; Row I/O    ;                 ; no       ; On           ;
; W2       ; 87         ; 2        ; RESERVED_INPUT_WITH_WEAK_PULLUP                           ;        ;              ;         ; Row I/O    ;                 ; no       ; On           ;
; W3       ; 112        ; 2        ; RESERVED_INPUT_WITH_WEAK_PULLUP                           ;        ;              ;         ; Row I/O    ;                 ; no       ; On           ;
; W4       ; 111        ; 2        ; RESERVED_INPUT_WITH_WEAK_PULLUP                           ;        ;              ;         ; Row I/O    ;                 ; no       ; On           ;
; W5       ;            ; 2        ; VCCIO2                                                    ; power  ;              ; 2.5V    ; --         ;                 ; --       ; --           ;
; W6       ;            ;          ; GND                                                       ; gnd    ;              ;         ; --         ;                 ; --       ; --           ;
; W7       ; 115        ; 2        ; RESERVED_INPUT_WITH_WEAK_PULLUP                           ;        ;              ;         ; Row I/O    ;                 ; no       ; On           ;
; W8       ; 116        ; 2        ; RESERVED_INPUT_WITH_WEAK_PULLUP                           ;        ;              ;         ; Row I/O    ;                 ; no       ; On           ;
; W9       ;            ;          ; GND                                                       ; gnd    ;              ;         ; --         ;                 ; --       ; --           ;
; W10      ;            ;          ; VCCINT                                                    ; power  ;              ; 1.2V    ; --         ;                 ; --       ; --           ;
; W11      ;            ;          ; GND                                                       ; gnd    ;              ;         ; --         ;                 ; --       ; --           ;
; W12      ;            ;          ; VCCINT                                                    ; power  ;              ; 1.2V    ; --         ;                 ; --       ; --           ;
; W13      ;            ;          ; GND                                                       ; gnd    ;              ;         ; --         ;                 ; --       ; --           ;
; W14      ;            ;          ; VCCINT                                                    ; power  ;              ; 1.2V    ; --         ;                 ; --       ; --           ;
; W15      ;            ;          ; GND                                                       ; gnd    ;              ;         ; --         ;                 ; --       ; --           ;
; W16      ;            ;          ; VCCINT                                                    ; power  ;              ; 1.2V    ; --         ;                 ; --       ; --           ;
; W17      ;            ;          ; GND                                                       ; gnd    ;              ;         ; --         ;                 ; --       ; --           ;
; W18      ;            ;          ; VCCINT                                                    ; power  ;              ; 1.2V    ; --         ;                 ; --       ; --           ;
; W19      ;            ;          ; GND                                                       ; gnd    ;              ;         ; --         ;                 ; --       ; --           ;
; W20      ;            ;          ; VCCINT                                                    ; power  ;              ; 1.2V    ; --         ;                 ; --       ; --           ;
; W21      ; 310        ; 5        ; DOUT[5]                                                   ; output ; 2.5 V        ;         ; Row I/O    ; N               ; no       ; Off          ;
; W22      ; 321        ; 5        ; RESERVED_INPUT_WITH_WEAK_PULLUP                           ;        ;              ;         ; Row I/O    ;                 ; no       ; On           ;
; W23      ;            ;          ; GND                                                       ; gnd    ;              ;         ; --         ;                 ; --       ; --           ;
; W24      ;            ; 5        ; VCCIO5                                                    ; power  ;              ; 2.5V    ; --         ;                 ; --       ; --           ;
; W25      ; 300        ; 5        ; RESERVED_INPUT_WITH_WEAK_PULLUP                           ;        ;              ;         ; Row I/O    ;                 ; no       ; On           ;
; W26      ; 299        ; 5        ; MemRead                                                   ; output ; 2.5 V        ;         ; Row I/O    ; N               ; no       ; Off          ;
; W27      ; 301        ; 5        ; DOUT[6]                                                   ; output ; 2.5 V        ;         ; Row I/O    ; N               ; no       ; Off          ;
; W28      ; 302        ; 5        ; DOUT[11]                                                  ; output ; 2.5 V        ;         ; Row I/O    ; N               ; no       ; Off          ;
; Y1       ; 66         ; 2        ; GND+                                                      ;        ;              ;         ; Row I/O    ;                 ; --       ; --           ;
; Y2       ; 65         ; 2        ; GND+                                                      ;        ;              ;         ; Row I/O    ;                 ; --       ; --           ;
; Y3       ; 92         ; 2        ; RESERVED_INPUT_WITH_WEAK_PULLUP                           ;        ;              ;         ; Row I/O    ;                 ; no       ; On           ;
; Y4       ; 91         ; 2        ; RESERVED_INPUT_WITH_WEAK_PULLUP                           ;        ;              ;         ; Row I/O    ;                 ; no       ; On           ;
; Y5       ; 114        ; 2        ; RESERVED_INPUT_WITH_WEAK_PULLUP                           ;        ;              ;         ; Row I/O    ;                 ; no       ; On           ;
; Y6       ; 113        ; 2        ; RESERVED_INPUT_WITH_WEAK_PULLUP                           ;        ;              ;         ; Row I/O    ;                 ; no       ; On           ;
; Y7       ; 117        ; 2        ; RESERVED_INPUT_WITH_WEAK_PULLUP                           ;        ;              ;         ; Row I/O    ;                 ; no       ; On           ;
; Y8       ;            ; --       ; VCCA1                                                     ; power  ;              ; 2.5V    ; --         ;                 ; --       ; --           ;
; Y9       ;            ;          ; VCCD_PLL1                                                 ; power  ;              ; 1.2V    ; --         ;                 ; --       ; --           ;
; Y10      ; 140        ; 3        ; RESERVED_INPUT_WITH_WEAK_PULLUP                           ;        ;              ;         ; Column I/O ;                 ; --       ; --           ;
; Y11      ;            ;          ; GND                                                       ; gnd    ;              ;         ; --         ;                 ; --       ; --           ;
; Y12      ; 187        ; 3        ; RESERVED_INPUT_WITH_WEAK_PULLUP                           ;        ;              ;         ; Column I/O ;                 ; no       ; On           ;
; Y13      ; 189        ; 3        ; RESERVED_INPUT_WITH_WEAK_PULLUP                           ;        ;              ;         ; Column I/O ;                 ; no       ; On           ;
; Y14      ; 197        ; 3        ; RESERVED_INPUT_WITH_WEAK_PULLUP                           ;        ;              ;         ; Column I/O ;                 ; no       ; On           ;
; Y15      ; 198        ; 3        ; RESERVED_INPUT_WITH_WEAK_PULLUP                           ;        ;              ;         ; Column I/O ;                 ; no       ; On           ;
; Y16      ; 250        ; 4        ; RESERVED_INPUT_WITH_WEAK_PULLUP                           ;        ;              ;         ; Column I/O ;                 ; no       ; On           ;
; Y17      ; 249        ; 4        ; RESERVED_INPUT_WITH_WEAK_PULLUP                           ;        ;              ;         ; Column I/O ;                 ; no       ; On           ;
; Y18      ;            ;          ; GND                                                       ; gnd    ;              ;         ; --         ;                 ; --       ; --           ;
; Y19      ; 263        ; 4        ; RESERVED_INPUT_WITH_WEAK_PULLUP                           ;        ;              ;         ; Column I/O ;                 ; no       ; On           ;
; Y20      ;            ;          ; VCCD_PLL4                                                 ; power  ;              ; 1.2V    ; --         ;                 ; --       ; --           ;
; Y21      ;            ; --       ; VCCA4                                                     ; power  ;              ; 2.5V    ; --         ;                 ; --       ; --           ;
; Y22      ; 320        ; 5        ; RESERVED_INPUT_WITH_WEAK_PULLUP                           ;        ;              ;         ; Row I/O    ;                 ; no       ; On           ;
; Y23      ; 288        ; 5        ; RESERVED_INPUT_WITH_WEAK_PULLUP                           ;        ;              ;         ; Row I/O    ;                 ; no       ; On           ;
; Y24      ; 287        ; 5        ; RESERVED_INPUT_WITH_WEAK_PULLUP                           ;        ;              ;         ; Row I/O    ;                 ; no       ; On           ;
; Y25      ; 298        ; 5        ; DOUT[9]                                                   ; output ; 2.5 V        ;         ; Row I/O    ; N               ; no       ; Off          ;
; Y26      ; 297        ; 5        ; DOUT[13]                                                  ; output ; 2.5 V        ;         ; Row I/O    ; N               ; no       ; Off          ;
; Y27      ; 336        ; 5        ; GND+                                                      ;        ;              ;         ; Row I/O    ;                 ; --       ; --           ;
; Y28      ; 335        ; 5        ; GND+                                                      ;        ;              ;         ; Row I/O    ;                 ; --       ; --           ;
+----------+------------+----------+-----------------------------------------------------------+--------+--------------+---------+------------+-----------------+----------+--------------+
Note: Pin directions (input, output or bidir) are based on device operating in user mode.


+-------------------------------------------------+
; I/O Assignment Warnings                         ;
+-----------------+-------------------------------+
; Pin Name        ; Reason                        ;
+-----------------+-------------------------------+
; RegDst          ; Incomplete set of assignments ;
; MemRead         ; Incomplete set of assignments ;
; MemtoReg        ; Incomplete set of assignments ;
; MemWrite        ; Incomplete set of assignments ;
; ALUSrc          ; Incomplete set of assignments ;
; RegWrite        ; Incomplete set of assignments ;
; ALUCon          ; Incomplete set of assignments ;
; ALUOp[2]        ; Incomplete set of assignments ;
; ALUOp[1]        ; Incomplete set of assignments ;
; ALUOp[0]        ; Incomplete set of assignments ;
; DOUT[15]        ; Incomplete set of assignments ;
; DOUT[14]        ; Incomplete set of assignments ;
; DOUT[13]        ; Incomplete set of assignments ;
; DOUT[12]        ; Incomplete set of assignments ;
; DOUT[11]        ; Incomplete set of assignments ;
; DOUT[10]        ; Incomplete set of assignments ;
; DOUT[9]         ; Incomplete set of assignments ;
; DOUT[8]         ; Incomplete set of assignments ;
; DOUT[7]         ; Incomplete set of assignments ;
; DOUT[6]         ; Incomplete set of assignments ;
; DOUT[5]         ; Incomplete set of assignments ;
; DOUT[4]         ; Incomplete set of assignments ;
; DOUT[3]         ; Incomplete set of assignments ;
; DOUT[2]         ; Incomplete set of assignments ;
; DOUT[1]         ; Incomplete set of assignments ;
; DOUT[0]         ; Incomplete set of assignments ;
; INSOUT[15]      ; Incomplete set of assignments ;
; INSOUT[14]      ; Incomplete set of assignments ;
; INSOUT[13]      ; Incomplete set of assignments ;
; INSOUT[12]      ; Incomplete set of assignments ;
; INSOUT[11]      ; Incomplete set of assignments ;
; INSOUT[10]      ; Incomplete set of assignments ;
; INSOUT[9]       ; Incomplete set of assignments ;
; INSOUT[8]       ; Incomplete set of assignments ;
; INSOUT[7]       ; Incomplete set of assignments ;
; INSOUT[6]       ; Incomplete set of assignments ;
; INSOUT[5]       ; Incomplete set of assignments ;
; INSOUT[4]       ; Incomplete set of assignments ;
; INSOUT[3]       ; Incomplete set of assignments ;
; INSOUT[2]       ; Incomplete set of assignments ;
; INSOUT[1]       ; Incomplete set of assignments ;
; INSOUT[0]       ; Incomplete set of assignments ;
; JOUT[15]        ; Incomplete set of assignments ;
; JOUT[14]        ; Incomplete set of assignments ;
; JOUT[13]        ; Incomplete set of assignments ;
; JOUT[12]        ; Incomplete set of assignments ;
; JOUT[11]        ; Incomplete set of assignments ;
; JOUT[10]        ; Incomplete set of assignments ;
; JOUT[9]         ; Incomplete set of assignments ;
; JOUT[8]         ; Incomplete set of assignments ;
; JOUT[7]         ; Incomplete set of assignments ;
; JOUT[6]         ; Incomplete set of assignments ;
; JOUT[5]         ; Incomplete set of assignments ;
; JOUT[4]         ; Incomplete set of assignments ;
; JOUT[3]         ; Incomplete set of assignments ;
; JOUT[2]         ; Incomplete set of assignments ;
; JOUT[1]         ; Incomplete set of assignments ;
; JOUT[0]         ; Incomplete set of assignments ;
; JUMPMUX_OUT[15] ; Incomplete set of assignments ;
; JUMPMUX_OUT[14] ; Incomplete set of assignments ;
; JUMPMUX_OUT[13] ; Incomplete set of assignments ;
; JUMPMUX_OUT[12] ; Incomplete set of assignments ;
; JUMPMUX_OUT[11] ; Incomplete set of assignments ;
; JUMPMUX_OUT[10] ; Incomplete set of assignments ;
; JUMPMUX_OUT[9]  ; Incomplete set of assignments ;
; JUMPMUX_OUT[8]  ; Incomplete set of assignments ;
; JUMPMUX_OUT[7]  ; Incomplete set of assignments ;
; JUMPMUX_OUT[6]  ; Incomplete set of assignments ;
; JUMPMUX_OUT[5]  ; Incomplete set of assignments ;
; JUMPMUX_OUT[4]  ; Incomplete set of assignments ;
; JUMPMUX_OUT[3]  ; Incomplete set of assignments ;
; JUMPMUX_OUT[2]  ; Incomplete set of assignments ;
; JUMPMUX_OUT[1]  ; Incomplete set of assignments ;
; JUMPMUX_OUT[0]  ; Incomplete set of assignments ;
; PCP2[15]        ; Incomplete set of assignments ;
; PCP2[14]        ; Incomplete set of assignments ;
; PCP2[13]        ; Incomplete set of assignments ;
; PCP2[12]        ; Incomplete set of assignments ;
; PCP2[11]        ; Incomplete set of assignments ;
; PCP2[10]        ; Incomplete set of assignments ;
; PCP2[9]         ; Incomplete set of assignments ;
; PCP2[8]         ; Incomplete set of assignments ;
; PCP2[7]         ; Incomplete set of assignments ;
; PCP2[6]         ; Incomplete set of assignments ;
; PCP2[5]         ; Incomplete set of assignments ;
; PCP2[4]         ; Incomplete set of assignments ;
; PCP2[3]         ; Incomplete set of assignments ;
; PCP2[2]         ; Incomplete set of assignments ;
; PCP2[1]         ; Incomplete set of assignments ;
; PCP2[0]         ; Incomplete set of assignments ;
; OPCODE[1]       ; Incomplete set of assignments ;
; OPCODE[2]       ; Incomplete set of assignments ;
; OPCODE[3]       ; Incomplete set of assignments ;
; OPCODE[0]       ; Incomplete set of assignments ;
; RST             ; Incomplete set of assignments ;
; CLK             ; Incomplete set of assignments ;
; EN              ; Incomplete set of assignments ;
; RegDst          ; Missing location assignment   ;
; MemRead         ; Missing location assignment   ;
; MemtoReg        ; Missing location assignment   ;
; MemWrite        ; Missing location assignment   ;
; ALUSrc          ; Missing location assignment   ;
; RegWrite        ; Missing location assignment   ;
; ALUCon          ; Missing location assignment   ;
; ALUOp[2]        ; Missing location assignment   ;
; ALUOp[1]        ; Missing location assignment   ;
; ALUOp[0]        ; Missing location assignment   ;
; DOUT[15]        ; Missing location assignment   ;
; DOUT[14]        ; Missing location assignment   ;
; DOUT[13]        ; Missing location assignment   ;
; DOUT[12]        ; Missing location assignment   ;
; DOUT[11]        ; Missing location assignment   ;
; DOUT[10]        ; Missing location assignment   ;
; DOUT[9]         ; Missing location assignment   ;
; DOUT[8]         ; Missing location assignment   ;
; DOUT[7]         ; Missing location assignment   ;
; DOUT[6]         ; Missing location assignment   ;
; DOUT[5]         ; Missing location assignment   ;
; DOUT[4]         ; Missing location assignment   ;
; DOUT[3]         ; Missing location assignment   ;
; DOUT[2]         ; Missing location assignment   ;
; DOUT[1]         ; Missing location assignment   ;
; DOUT[0]         ; Missing location assignment   ;
; INSOUT[15]      ; Missing location assignment   ;
; INSOUT[14]      ; Missing location assignment   ;
; INSOUT[13]      ; Missing location assignment   ;
; INSOUT[12]      ; Missing location assignment   ;
; INSOUT[11]      ; Missing location assignment   ;
; INSOUT[10]      ; Missing location assignment   ;
; INSOUT[9]       ; Missing location assignment   ;
; INSOUT[8]       ; Missing location assignment   ;
; INSOUT[7]       ; Missing location assignment   ;
; INSOUT[6]       ; Missing location assignment   ;
; INSOUT[5]       ; Missing location assignment   ;
; INSOUT[4]       ; Missing location assignment   ;
; INSOUT[3]       ; Missing location assignment   ;
; INSOUT[2]       ; Missing location assignment   ;
; INSOUT[1]       ; Missing location assignment   ;
; INSOUT[0]       ; Missing location assignment   ;
; JOUT[15]        ; Missing location assignment   ;
; JOUT[14]        ; Missing location assignment   ;
; JOUT[13]        ; Missing location assignment   ;
; JOUT[12]        ; Missing location assignment   ;
; JOUT[11]        ; Missing location assignment   ;
; JOUT[10]        ; Missing location assignment   ;
; JOUT[9]         ; Missing location assignment   ;
; JOUT[8]         ; Missing location assignment   ;
; JOUT[7]         ; Missing location assignment   ;
; JOUT[6]         ; Missing location assignment   ;
; JOUT[5]         ; Missing location assignment   ;
; JOUT[4]         ; Missing location assignment   ;
; JOUT[3]         ; Missing location assignment   ;
; JOUT[2]         ; Missing location assignment   ;
; JOUT[1]         ; Missing location assignment   ;
; JOUT[0]         ; Missing location assignment   ;
; JUMPMUX_OUT[15] ; Missing location assignment   ;
; JUMPMUX_OUT[14] ; Missing location assignment   ;
; JUMPMUX_OUT[13] ; Missing location assignment   ;
; JUMPMUX_OUT[12] ; Missing location assignment   ;
; JUMPMUX_OUT[11] ; Missing location assignment   ;
; JUMPMUX_OUT[10] ; Missing location assignment   ;
; JUMPMUX_OUT[9]  ; Missing location assignment   ;
; JUMPMUX_OUT[8]  ; Missing location assignment   ;
; JUMPMUX_OUT[7]  ; Missing location assignment   ;
; JUMPMUX_OUT[6]  ; Missing location assignment   ;
; JUMPMUX_OUT[5]  ; Missing location assignment   ;
; JUMPMUX_OUT[4]  ; Missing location assignment   ;
; JUMPMUX_OUT[3]  ; Missing location assignment   ;
; JUMPMUX_OUT[2]  ; Missing location assignment   ;
; JUMPMUX_OUT[1]  ; Missing location assignment   ;
; JUMPMUX_OUT[0]  ; Missing location assignment   ;
; PCP2[15]        ; Missing location assignment   ;
; PCP2[14]        ; Missing location assignment   ;
; PCP2[13]        ; Missing location assignment   ;
; PCP2[12]        ; Missing location assignment   ;
; PCP2[11]        ; Missing location assignment   ;
; PCP2[10]        ; Missing location assignment   ;
; PCP2[9]         ; Missing location assignment   ;
; PCP2[8]         ; Missing location assignment   ;
; PCP2[7]         ; Missing location assignment   ;
; PCP2[6]         ; Missing location assignment   ;
; PCP2[5]         ; Missing location assignment   ;
; PCP2[4]         ; Missing location assignment   ;
; PCP2[3]         ; Missing location assignment   ;
; PCP2[2]         ; Missing location assignment   ;
; PCP2[1]         ; Missing location assignment   ;
; PCP2[0]         ; Missing location assignment   ;
; OPCODE[1]       ; Missing location assignment   ;
; OPCODE[2]       ; Missing location assignment   ;
; OPCODE[3]       ; Missing location assignment   ;
; OPCODE[0]       ; Missing location assignment   ;
; RST             ; Missing location assignment   ;
; CLK             ; Missing location assignment   ;
; EN              ; Missing location assignment   ;
+-----------------+-------------------------------+


+------------------------------------------------------------------------------------------------------------------------------------------------------------------------------------------------------------------------------------------------------------------------------------------------------------------------+
; Fitter Resource Utilization by Entity                                                                                                                                                                                                                                                                                  ;
+----------------------------+-------------+---------------------------+---------------+-------------+------+--------------+---------+-----------+------+--------------+--------------+-------------------+------------------+--------------------------------------------------------------+-------------+--------------+
; Compilation Hierarchy Node ; Logic Cells ; Dedicated Logic Registers ; I/O Registers ; Memory Bits ; M9Ks ; DSP Elements ; DSP 9x9 ; DSP 18x18 ; Pins ; Virtual Pins ; LUT-Only LCs ; Register-Only LCs ; LUT/Register LCs ; Full Hierarchy Name                                          ; Entity Name ; Library Name ;
+----------------------------+-------------+---------------------------+---------------+-------------+------+--------------+---------+-----------+------+--------------+--------------+-------------------+------------------+--------------------------------------------------------------+-------------+--------------+
; |m16dp1                    ; 118 (0)     ; 16 (0)                    ; 0 (0)         ; 0           ; 0    ; 0            ; 0       ; 0         ; 97   ; 0            ; 102 (0)      ; 0 (0)             ; 16 (0)           ; |m16dp1                                                      ; m16dp1      ; work         ;
;    |ADD16:inst3|           ; 18 (0)      ; 0 (0)                     ; 0 (0)         ; 0           ; 0    ; 0            ; 0       ; 0         ; 0    ; 0            ; 18 (0)       ; 0 (0)             ; 0 (0)            ; |m16dp1|ADD16:inst3                                          ; ADD16       ; work         ;
;       |ADD4:add_1|         ; 6 (6)       ; 0 (0)                     ; 0 (0)         ; 0           ; 0    ; 0            ; 0       ; 0         ; 0    ; 0            ; 6 (6)        ; 0 (0)             ; 0 (0)            ; |m16dp1|ADD16:inst3|ADD4:add_1                               ; ADD4        ; work         ;
;       |ADD4:add_2|         ; 4 (4)       ; 0 (0)                     ; 0 (0)         ; 0           ; 0    ; 0            ; 0       ; 0         ; 0    ; 0            ; 4 (4)        ; 0 (0)             ; 0 (0)            ; |m16dp1|ADD16:inst3|ADD4:add_2                               ; ADD4        ; work         ;
;       |ADD4:add_3|         ; 4 (4)       ; 0 (0)                     ; 0 (0)         ; 0           ; 0    ; 0            ; 0       ; 0         ; 0    ; 0            ; 4 (4)        ; 0 (0)             ; 0 (0)            ; |m16dp1|ADD16:inst3|ADD4:add_3                               ; ADD4        ; work         ;
;       |ADD4:add_4|         ; 4 (4)       ; 0 (0)                     ; 0 (0)         ; 0           ; 0    ; 0            ; 0       ; 0         ; 0    ; 0            ; 4 (4)        ; 0 (0)             ; 0 (0)            ; |m16dp1|ADD16:inst3|ADD4:add_4                               ; ADD4        ; work         ;
;    |INCTWO:inst2|          ; 23 (0)      ; 0 (0)                     ; 0 (0)         ; 0           ; 0    ; 0            ; 0       ; 0         ; 0    ; 0            ; 22 (0)       ; 0 (0)             ; 1 (0)            ; |m16dp1|INCTWO:inst2                                         ; INCTWO      ; work         ;
;       |ALU16:alu0|         ; 23 (0)      ; 0 (0)                     ; 0 (0)         ; 0           ; 0    ; 0            ; 0       ; 0         ; 0    ; 0            ; 22 (0)       ; 0 (0)             ; 1 (0)            ; |m16dp1|INCTWO:inst2|ALU16:alu0                              ; ALU16       ; work         ;
;          |ALU4:alu0|       ; 4 (0)       ; 0 (0)                     ; 0 (0)         ; 0           ; 0    ; 0            ; 0       ; 0         ; 0    ; 0            ; 4 (0)        ; 0 (0)             ; 0 (0)            ; |m16dp1|INCTWO:inst2|ALU16:alu0|ALU4:alu0                    ; ALU4        ; work         ;
;             |ADD4:adder|   ; 4 (4)       ; 0 (0)                     ; 0 (0)         ; 0           ; 0    ; 0            ; 0       ; 0         ; 0    ; 0            ; 4 (4)        ; 0 (0)             ; 0 (0)            ; |m16dp1|INCTWO:inst2|ALU16:alu0|ALU4:alu0|ADD4:adder         ; ADD4        ; work         ;
;          |ALU4:alu1|       ; 7 (0)       ; 0 (0)                     ; 0 (0)         ; 0           ; 0    ; 0            ; 0       ; 0         ; 0    ; 0            ; 6 (0)        ; 0 (0)             ; 1 (0)            ; |m16dp1|INCTWO:inst2|ALU16:alu0|ALU4:alu1                    ; ALU4        ; work         ;
;             |ADD4:adder|   ; 7 (7)       ; 0 (0)                     ; 0 (0)         ; 0           ; 0    ; 0            ; 0       ; 0         ; 0    ; 0            ; 6 (6)        ; 0 (0)             ; 1 (1)            ; |m16dp1|INCTWO:inst2|ALU16:alu0|ALU4:alu1|ADD4:adder         ; ADD4        ; work         ;
;          |ALU4:alu2|       ; 7 (0)       ; 0 (0)                     ; 0 (0)         ; 0           ; 0    ; 0            ; 0       ; 0         ; 0    ; 0            ; 7 (0)        ; 0 (0)             ; 0 (0)            ; |m16dp1|INCTWO:inst2|ALU16:alu0|ALU4:alu2                    ; ALU4        ; work         ;
;             |ADD4:adder|   ; 7 (7)       ; 0 (0)                     ; 0 (0)         ; 0           ; 0    ; 0            ; 0       ; 0         ; 0    ; 0            ; 7 (7)        ; 0 (0)             ; 0 (0)            ; |m16dp1|INCTWO:inst2|ALU16:alu0|ALU4:alu2|ADD4:adder         ; ADD4        ; work         ;
;          |ALU4:alu3|       ; 5 (0)       ; 0 (0)                     ; 0 (0)         ; 0           ; 0    ; 0            ; 0       ; 0         ; 0    ; 0            ; 5 (0)        ; 0 (0)             ; 0 (0)            ; |m16dp1|INCTWO:inst2|ALU16:alu0|ALU4:alu3                    ; ALU4        ; work         ;
;             |ADD4:adder|   ; 5 (5)       ; 0 (0)                     ; 0 (0)         ; 0           ; 0    ; 0            ; 0       ; 0         ; 0    ; 0            ; 5 (5)        ; 0 (0)             ; 0 (0)            ; |m16dp1|INCTWO:inst2|ALU16:alu0|ALU4:alu3|ADD4:adder         ; ADD4        ; work         ;
;    |INS_MEM:inst1|         ; 24 (21)     ; 0 (0)                     ; 0 (0)         ; 0           ; 0    ; 0            ; 0       ; 0         ; 0    ; 0            ; 22 (19)      ; 0 (0)             ; 2 (2)            ; |m16dp1|INS_MEM:inst1                                        ; INS_MEM     ; work         ;
;       |DCD5X32:dec|        ; 3 (1)       ; 0 (0)                     ; 0 (0)         ; 0           ; 0    ; 0            ; 0       ; 0         ; 0    ; 0            ; 3 (1)        ; 0 (0)             ; 0 (0)            ; |m16dp1|INS_MEM:inst1|DCD5X32:dec                            ; DCD5X32     ; work         ;
;          |DCD3X8_EN:dcd_0| ; 2 (0)       ; 0 (0)                     ; 0 (0)         ; 0           ; 0    ; 0            ; 0       ; 0         ; 0    ; 0            ; 2 (0)        ; 0 (0)             ; 0 (0)            ; |m16dp1|INS_MEM:inst1|DCD5X32:dec|DCD3X8_EN:dcd_0            ; DCD3X8_EN   ; work         ;
;             |DCD3x8:dcd|   ; 2 (2)       ; 0 (0)                     ; 0 (0)         ; 0           ; 0    ; 0            ; 0       ; 0         ; 0    ; 0            ; 2 (2)        ; 0 (0)             ; 0 (0)            ; |m16dp1|INS_MEM:inst1|DCD5X32:dec|DCD3X8_EN:dcd_0|DCD3x8:dcd ; DCD3x8      ; work         ;
;    |MUX2X16:JUMPMUX|       ; 16 (16)     ; 0 (0)                     ; 0 (0)         ; 0           ; 0    ; 0            ; 0       ; 0         ; 0    ; 0            ; 16 (16)      ; 0 (0)             ; 0 (0)            ; |m16dp1|MUX2X16:JUMPMUX                                      ; MUX2X16     ; work         ;
;    |MUX2X16:inst7|         ; 13 (13)     ; 0 (0)                     ; 0 (0)         ; 0           ; 0    ; 0            ; 0       ; 0         ; 0    ; 0            ; 13 (13)      ; 0 (0)             ; 0 (0)            ; |m16dp1|MUX2X16:inst7                                        ; MUX2X16     ; work         ;
;    |PC:inst|               ; 19 (3)      ; 16 (0)                    ; 0 (0)         ; 0           ; 0    ; 0            ; 0       ; 0         ; 0    ; 0            ; 3 (3)        ; 0 (0)             ; 16 (13)          ; |m16dp1|PC:inst                                              ; PC          ; work         ;
;       |REG16:reg|          ; 16 (0)      ; 16 (0)                    ; 0 (0)         ; 0           ; 0    ; 0            ; 0       ; 0         ; 0    ; 0            ; 0 (0)        ; 0 (0)             ; 16 (0)           ; |m16dp1|PC:inst|REG16:reg                                    ; REG16       ; work         ;
;          |REG8:reg_1|      ; 8 (8)       ; 8 (8)                     ; 0 (0)         ; 0           ; 0    ; 0            ; 0       ; 0         ; 0    ; 0            ; 0 (0)        ; 0 (0)             ; 8 (8)            ; |m16dp1|PC:inst|REG16:reg|REG8:reg_1                         ; REG8        ; work         ;
;          |REG8:reg_2|      ; 8 (8)       ; 8 (8)                     ; 0 (0)         ; 0           ; 0    ; 0            ; 0       ; 0         ; 0    ; 0            ; 0 (0)        ; 0 (0)             ; 8 (8)            ; |m16dp1|PC:inst|REG16:reg|REG8:reg_2                         ; REG8        ; work         ;
;    |m16dp:inst6|           ; 8 (0)       ; 0 (0)                     ; 0 (0)         ; 0           ; 0    ; 0            ; 0       ; 0         ; 0    ; 0            ; 8 (0)        ; 0 (0)             ; 0 (0)            ; |m16dp1|m16dp:inst6                                          ; m16dp       ; work         ;
;       |CONTROL:inst|       ; 8 (8)       ; 0 (0)                     ; 0 (0)         ; 0           ; 0    ; 0            ; 0       ; 0         ; 0    ; 0            ; 8 (8)        ; 0 (0)             ; 0 (0)            ; |m16dp1|m16dp:inst6|CONTROL:inst                             ; CONTROL     ; work         ;
+----------------------------+-------------+---------------------------+---------------+-------------+------+--------------+---------+-----------+------+--------------+--------------+-------------------+------------------+--------------------------------------------------------------+-------------+--------------+
Note: For table entries with two numbers listed, the numbers in parentheses indicate the number of resources of the given type used by the specific entity alone. The numbers listed outside of parentheses indicate the total resources of the given type used by the specific entity and all of its sub-entities in the hierarchy.


+-------------------------------------------------------------------------------------------------+
; Delay Chain Summary                                                                             ;
+-----------------+----------+---------------+---------------+-----------------------+-----+------+
; Name            ; Pin Type ; Pad to Core 0 ; Pad to Core 1 ; Pad to Input Register ; TCO ; TCOE ;
+-----------------+----------+---------------+---------------+-----------------------+-----+------+
; RegDst          ; Output   ; --            ; --            ; --                    ; --  ; --   ;
; MemRead         ; Output   ; --            ; --            ; --                    ; --  ; --   ;
; MemtoReg        ; Output   ; --            ; --            ; --                    ; --  ; --   ;
; MemWrite        ; Output   ; --            ; --            ; --                    ; --  ; --   ;
; ALUSrc          ; Output   ; --            ; --            ; --                    ; --  ; --   ;
; RegWrite        ; Output   ; --            ; --            ; --                    ; --  ; --   ;
; ALUCon          ; Output   ; --            ; --            ; --                    ; --  ; --   ;
; ALUOp[2]        ; Output   ; --            ; --            ; --                    ; --  ; --   ;
; ALUOp[1]        ; Output   ; --            ; --            ; --                    ; --  ; --   ;
; ALUOp[0]        ; Output   ; --            ; --            ; --                    ; --  ; --   ;
; DOUT[15]        ; Output   ; --            ; --            ; --                    ; --  ; --   ;
; DOUT[14]        ; Output   ; --            ; --            ; --                    ; --  ; --   ;
; DOUT[13]        ; Output   ; --            ; --            ; --                    ; --  ; --   ;
; DOUT[12]        ; Output   ; --            ; --            ; --                    ; --  ; --   ;
; DOUT[11]        ; Output   ; --            ; --            ; --                    ; --  ; --   ;
; DOUT[10]        ; Output   ; --            ; --            ; --                    ; --  ; --   ;
; DOUT[9]         ; Output   ; --            ; --            ; --                    ; --  ; --   ;
; DOUT[8]         ; Output   ; --            ; --            ; --                    ; --  ; --   ;
; DOUT[7]         ; Output   ; --            ; --            ; --                    ; --  ; --   ;
; DOUT[6]         ; Output   ; --            ; --            ; --                    ; --  ; --   ;
; DOUT[5]         ; Output   ; --            ; --            ; --                    ; --  ; --   ;
; DOUT[4]         ; Output   ; --            ; --            ; --                    ; --  ; --   ;
; DOUT[3]         ; Output   ; --            ; --            ; --                    ; --  ; --   ;
; DOUT[2]         ; Output   ; --            ; --            ; --                    ; --  ; --   ;
; DOUT[1]         ; Output   ; --            ; --            ; --                    ; --  ; --   ;
; DOUT[0]         ; Output   ; --            ; --            ; --                    ; --  ; --   ;
; INSOUT[15]      ; Output   ; --            ; --            ; --                    ; --  ; --   ;
; INSOUT[14]      ; Output   ; --            ; --            ; --                    ; --  ; --   ;
; INSOUT[13]      ; Output   ; --            ; --            ; --                    ; --  ; --   ;
; INSOUT[12]      ; Output   ; --            ; --            ; --                    ; --  ; --   ;
; INSOUT[11]      ; Output   ; --            ; --            ; --                    ; --  ; --   ;
; INSOUT[10]      ; Output   ; --            ; --            ; --                    ; --  ; --   ;
; INSOUT[9]       ; Output   ; --            ; --            ; --                    ; --  ; --   ;
; INSOUT[8]       ; Output   ; --            ; --            ; --                    ; --  ; --   ;
; INSOUT[7]       ; Output   ; --            ; --            ; --                    ; --  ; --   ;
; INSOUT[6]       ; Output   ; --            ; --            ; --                    ; --  ; --   ;
; INSOUT[5]       ; Output   ; --            ; --            ; --                    ; --  ; --   ;
; INSOUT[4]       ; Output   ; --            ; --            ; --                    ; --  ; --   ;
; INSOUT[3]       ; Output   ; --            ; --            ; --                    ; --  ; --   ;
; INSOUT[2]       ; Output   ; --            ; --            ; --                    ; --  ; --   ;
; INSOUT[1]       ; Output   ; --            ; --            ; --                    ; --  ; --   ;
; INSOUT[0]       ; Output   ; --            ; --            ; --                    ; --  ; --   ;
; JOUT[15]        ; Output   ; --            ; --            ; --                    ; --  ; --   ;
; JOUT[14]        ; Output   ; --            ; --            ; --                    ; --  ; --   ;
; JOUT[13]        ; Output   ; --            ; --            ; --                    ; --  ; --   ;
; JOUT[12]        ; Output   ; --            ; --            ; --                    ; --  ; --   ;
; JOUT[11]        ; Output   ; --            ; --            ; --                    ; --  ; --   ;
; JOUT[10]        ; Output   ; --            ; --            ; --                    ; --  ; --   ;
; JOUT[9]         ; Output   ; --            ; --            ; --                    ; --  ; --   ;
; JOUT[8]         ; Output   ; --            ; --            ; --                    ; --  ; --   ;
; JOUT[7]         ; Output   ; --            ; --            ; --                    ; --  ; --   ;
; JOUT[6]         ; Output   ; --            ; --            ; --                    ; --  ; --   ;
; JOUT[5]         ; Output   ; --            ; --            ; --                    ; --  ; --   ;
; JOUT[4]         ; Output   ; --            ; --            ; --                    ; --  ; --   ;
; JOUT[3]         ; Output   ; --            ; --            ; --                    ; --  ; --   ;
; JOUT[2]         ; Output   ; --            ; --            ; --                    ; --  ; --   ;
; JOUT[1]         ; Output   ; --            ; --            ; --                    ; --  ; --   ;
; JOUT[0]         ; Output   ; --            ; --            ; --                    ; --  ; --   ;
; JUMPMUX_OUT[15] ; Output   ; --            ; --            ; --                    ; --  ; --   ;
; JUMPMUX_OUT[14] ; Output   ; --            ; --            ; --                    ; --  ; --   ;
; JUMPMUX_OUT[13] ; Output   ; --            ; --            ; --                    ; --  ; --   ;
; JUMPMUX_OUT[12] ; Output   ; --            ; --            ; --                    ; --  ; --   ;
; JUMPMUX_OUT[11] ; Output   ; --            ; --            ; --                    ; --  ; --   ;
; JUMPMUX_OUT[10] ; Output   ; --            ; --            ; --                    ; --  ; --   ;
; JUMPMUX_OUT[9]  ; Output   ; --            ; --            ; --                    ; --  ; --   ;
; JUMPMUX_OUT[8]  ; Output   ; --            ; --            ; --                    ; --  ; --   ;
; JUMPMUX_OUT[7]  ; Output   ; --            ; --            ; --                    ; --  ; --   ;
; JUMPMUX_OUT[6]  ; Output   ; --            ; --            ; --                    ; --  ; --   ;
; JUMPMUX_OUT[5]  ; Output   ; --            ; --            ; --                    ; --  ; --   ;
; JUMPMUX_OUT[4]  ; Output   ; --            ; --            ; --                    ; --  ; --   ;
; JUMPMUX_OUT[3]  ; Output   ; --            ; --            ; --                    ; --  ; --   ;
; JUMPMUX_OUT[2]  ; Output   ; --            ; --            ; --                    ; --  ; --   ;
; JUMPMUX_OUT[1]  ; Output   ; --            ; --            ; --                    ; --  ; --   ;
; JUMPMUX_OUT[0]  ; Output   ; --            ; --            ; --                    ; --  ; --   ;
; PCP2[15]        ; Output   ; --            ; --            ; --                    ; --  ; --   ;
; PCP2[14]        ; Output   ; --            ; --            ; --                    ; --  ; --   ;
; PCP2[13]        ; Output   ; --            ; --            ; --                    ; --  ; --   ;
; PCP2[12]        ; Output   ; --            ; --            ; --                    ; --  ; --   ;
; PCP2[11]        ; Output   ; --            ; --            ; --                    ; --  ; --   ;
; PCP2[10]        ; Output   ; --            ; --            ; --                    ; --  ; --   ;
; PCP2[9]         ; Output   ; --            ; --            ; --                    ; --  ; --   ;
; PCP2[8]         ; Output   ; --            ; --            ; --                    ; --  ; --   ;
; PCP2[7]         ; Output   ; --            ; --            ; --                    ; --  ; --   ;
; PCP2[6]         ; Output   ; --            ; --            ; --                    ; --  ; --   ;
; PCP2[5]         ; Output   ; --            ; --            ; --                    ; --  ; --   ;
; PCP2[4]         ; Output   ; --            ; --            ; --                    ; --  ; --   ;
; PCP2[3]         ; Output   ; --            ; --            ; --                    ; --  ; --   ;
; PCP2[2]         ; Output   ; --            ; --            ; --                    ; --  ; --   ;
; PCP2[1]         ; Output   ; --            ; --            ; --                    ; --  ; --   ;
; PCP2[0]         ; Output   ; --            ; --            ; --                    ; --  ; --   ;
; OPCODE[1]       ; Input    ; --            ; (6) 1314 ps   ; --                    ; --  ; --   ;
; OPCODE[2]       ; Input    ; (6) 1314 ps   ; --            ; --                    ; --  ; --   ;
; OPCODE[3]       ; Input    ; (6) 1314 ps   ; --            ; --                    ; --  ; --   ;
; OPCODE[0]       ; Input    ; --            ; (6) 1314 ps   ; --                    ; --  ; --   ;
; RST             ; Input    ; (6) 1314 ps   ; --            ; --                    ; --  ; --   ;
; CLK             ; Input    ; (0) 0 ps      ; --            ; --                    ; --  ; --   ;
; EN              ; Input    ; (6) 1314 ps   ; --            ; --                    ; --  ; --   ;
+-----------------+----------+---------------+---------------+-----------------------+-----+------+


+------------------------------------------------------------------------+
; Pad To Core Delay Chain Fanout                                         ;
+------------------------------------------+-------------------+---------+
; Source Pin / Fanout                      ; Pad To Core Index ; Setting ;
+------------------------------------------+-------------------+---------+
; OPCODE[1]                                ;                   ;         ;
;      - m16dp:inst6|CONTROL:inst|Mux0~0   ; 1                 ; 6       ;
;      - m16dp:inst6|CONTROL:inst|Mux4~0   ; 1                 ; 6       ;
;      - m16dp:inst6|CONTROL:inst|Mux6~0   ; 1                 ; 6       ;
;      - m16dp:inst6|CONTROL:inst|Mux4~1   ; 1                 ; 6       ;
;      - m16dp:inst6|CONTROL:inst|Mux1~0   ; 1                 ; 6       ;
;      - m16dp:inst6|CONTROL:inst|Mux8~0   ; 1                 ; 6       ;
;      - m16dp:inst6|CONTROL:inst|Mux9~0   ; 1                 ; 6       ;
;      - m16dp:inst6|CONTROL:inst|Mux2~0   ; 1                 ; 6       ;
; OPCODE[2]                                ;                   ;         ;
;      - m16dp:inst6|CONTROL:inst|Mux0~0   ; 0                 ; 6       ;
;      - m16dp:inst6|CONTROL:inst|Mux4~0   ; 0                 ; 6       ;
;      - m16dp:inst6|CONTROL:inst|Mux6~0   ; 0                 ; 6       ;
;      - m16dp:inst6|CONTROL:inst|Mux1~0   ; 0                 ; 6       ;
;      - m16dp:inst6|CONTROL:inst|Mux8~0   ; 0                 ; 6       ;
;      - m16dp:inst6|CONTROL:inst|Mux9~0   ; 0                 ; 6       ;
;      - m16dp:inst6|CONTROL:inst|Mux2~0   ; 0                 ; 6       ;
; OPCODE[3]                                ;                   ;         ;
;      - m16dp:inst6|CONTROL:inst|Mux0~0   ; 0                 ; 6       ;
;      - m16dp:inst6|CONTROL:inst|Mux4~0   ; 0                 ; 6       ;
;      - m16dp:inst6|CONTROL:inst|Mux6~0   ; 0                 ; 6       ;
;      - m16dp:inst6|CONTROL:inst|Mux4~1   ; 0                 ; 6       ;
;      - m16dp:inst6|CONTROL:inst|Mux1~0   ; 0                 ; 6       ;
;      - m16dp:inst6|CONTROL:inst|Mux8~0   ; 0                 ; 6       ;
;      - m16dp:inst6|CONTROL:inst|Mux9~0   ; 0                 ; 6       ;
;      - m16dp:inst6|CONTROL:inst|Mux2~0   ; 0                 ; 6       ;
; OPCODE[0]                                ;                   ;         ;
;      - m16dp:inst6|CONTROL:inst|Mux0~0   ; 1                 ; 6       ;
;      - m16dp:inst6|CONTROL:inst|Mux4~0   ; 1                 ; 6       ;
;      - m16dp:inst6|CONTROL:inst|Mux6~0   ; 1                 ; 6       ;
;      - m16dp:inst6|CONTROL:inst|Mux4~1   ; 1                 ; 6       ;
;      - m16dp:inst6|CONTROL:inst|Mux1~0   ; 1                 ; 6       ;
;      - m16dp:inst6|CONTROL:inst|Mux8~0   ; 1                 ; 6       ;
;      - m16dp:inst6|CONTROL:inst|Mux9~0   ; 1                 ; 6       ;
;      - m16dp:inst6|CONTROL:inst|Mux2~0   ; 1                 ; 6       ;
; RST                                      ;                   ;         ;
;      - PC:inst|to_pc[4]                  ; 0                 ; 6       ;
;      - PC:inst|to_pc[5]                  ; 0                 ; 6       ;
;      - PC:inst|to_pc[6]                  ; 0                 ; 6       ;
;      - PC:inst|to_pc[7]                  ; 0                 ; 6       ;
;      - PC:inst|to_pc[8]                  ; 0                 ; 6       ;
;      - PC:inst|to_pc[9]                  ; 0                 ; 6       ;
;      - PC:inst|to_pc[10]                 ; 0                 ; 6       ;
;      - PC:inst|to_pc[11]                 ; 0                 ; 6       ;
;      - PC:inst|to_pc[12]                 ; 0                 ; 6       ;
;      - PC:inst|to_pc[13]                 ; 0                 ; 6       ;
;      - PC:inst|to_pc[14]                 ; 0                 ; 6       ;
;      - PC:inst|to_pc[15]                 ; 0                 ; 6       ;
;      - PC:inst|to_pc[1]                  ; 0                 ; 6       ;
;      - PC:inst|to_pc[2]                  ; 0                 ; 6       ;
;      - PC:inst|to_pc[3]                  ; 0                 ; 6       ;
;      - PC:inst|to_pc[0]                  ; 0                 ; 6       ;
; CLK                                      ;                   ;         ;
; EN                                       ;                   ;         ;
;      - PC:inst|REG16:reg|REG8:reg_1|y[0] ; 0                 ; 6       ;
;      - PC:inst|REG16:reg|REG8:reg_1|y[1] ; 0                 ; 6       ;
;      - PC:inst|REG16:reg|REG8:reg_1|y[2] ; 0                 ; 6       ;
;      - PC:inst|REG16:reg|REG8:reg_1|y[3] ; 0                 ; 6       ;
;      - PC:inst|REG16:reg|REG8:reg_1|y[4] ; 0                 ; 6       ;
;      - PC:inst|REG16:reg|REG8:reg_1|y[5] ; 0                 ; 6       ;
;      - PC:inst|REG16:reg|REG8:reg_1|y[6] ; 0                 ; 6       ;
;      - PC:inst|REG16:reg|REG8:reg_1|y[7] ; 0                 ; 6       ;
;      - PC:inst|REG16:reg|REG8:reg_2|y[0] ; 0                 ; 6       ;
;      - PC:inst|REG16:reg|REG8:reg_2|y[1] ; 0                 ; 6       ;
;      - PC:inst|REG16:reg|REG8:reg_2|y[2] ; 0                 ; 6       ;
;      - PC:inst|REG16:reg|REG8:reg_2|y[3] ; 0                 ; 6       ;
;      - PC:inst|REG16:reg|REG8:reg_2|y[4] ; 0                 ; 6       ;
;      - PC:inst|REG16:reg|REG8:reg_2|y[5] ; 0                 ; 6       ;
;      - PC:inst|REG16:reg|REG8:reg_2|y[6] ; 0                 ; 6       ;
;      - PC:inst|REG16:reg|REG8:reg_2|y[7] ; 0                 ; 6       ;
+------------------------------------------+-------------------+---------+


+-------------------------------------------------------------------------------------------------------------------------+
; Control Signals                                                                                                         ;
+------+----------+---------+--------------+--------+----------------------+------------------+---------------------------+
; Name ; Location ; Fan-Out ; Usage        ; Global ; Global Resource Used ; Global Line Name ; Enable Signal Source Name ;
+------+----------+---------+--------------+--------+----------------------+------------------+---------------------------+
; CLK  ; PIN_J1   ; 16      ; Clock        ; yes    ; Global Clock         ; GCLK2            ; --                        ;
; EN   ; PIN_F27  ; 16      ; Clock enable ; no     ; --                   ; --               ; --                        ;
+------+----------+---------+--------------+--------+----------------------+------------------+---------------------------+


+----------------------------------------------------------------------------------------------------------------------------------------+
; Global & Other Fast Signals                                                                                                            ;
+------+----------+---------+--------------------------------------+----------------------+------------------+---------------------------+
; Name ; Location ; Fan-Out ; Fan-Out Using Intentional Clock Skew ; Global Resource Used ; Global Line Name ; Enable Signal Source Name ;
+------+----------+---------+--------------------------------------+----------------------+------------------+---------------------------+
; CLK  ; PIN_J1   ; 16      ; 2                                    ; Global Clock         ; GCLK2            ; --                        ;
+------+----------+---------+--------------------------------------+----------------------+------------------+---------------------------+


+-------------------------------------------------+
; Routing Usage Summary                           ;
+-----------------------+-------------------------+
; Routing Resource Type ; Usage                   ;
+-----------------------+-------------------------+
; Block interconnects   ; 229 / 342,891 ( < 1 % ) ;
; C16 interconnects     ; 17 / 10,120 ( < 1 % )   ;
; C4 interconnects      ; 147 / 209,544 ( < 1 % ) ;
; Direct links          ; 46 / 342,891 ( < 1 % )  ;
; Global clocks         ; 1 / 20 ( 5 % )          ;
; Local interconnects   ; 62 / 119,088 ( < 1 % )  ;
; R24 interconnects     ; 6 / 9,963 ( < 1 % )     ;
; R4 interconnects      ; 168 / 289,782 ( < 1 % ) ;
+-----------------------+-------------------------+


+---------------------------------------------------------------------------+
; LAB Logic Elements                                                        ;
+--------------------------------------------+------------------------------+
; Number of Logic Elements  (Average = 9.83) ; Number of LABs  (Total = 12) ;
+--------------------------------------------+------------------------------+
; 1                                          ; 1                            ;
; 2                                          ; 2                            ;
; 3                                          ; 1                            ;
; 4                                          ; 0                            ;
; 5                                          ; 0                            ;
; 6                                          ; 0                            ;
; 7                                          ; 0                            ;
; 8                                          ; 1                            ;
; 9                                          ; 0                            ;
; 10                                         ; 1                            ;
; 11                                         ; 0                            ;
; 12                                         ; 0                            ;
; 13                                         ; 1                            ;
; 14                                         ; 0                            ;
; 15                                         ; 1                            ;
; 16                                         ; 4                            ;
+--------------------------------------------+------------------------------+


+-------------------------------------------------------------------+
; LAB-wide Signals                                                  ;
+------------------------------------+------------------------------+
; LAB-wide Signals  (Average = 0.67) ; Number of LABs  (Total = 12) ;
+------------------------------------+------------------------------+
; 1 Clock                            ; 4                            ;
; 1 Clock enable                     ; 4                            ;
+------------------------------------+------------------------------+


+-----------------------------------------------------------------------------+
; LAB Signals Sourced                                                         ;
+----------------------------------------------+------------------------------+
; Number of Signals Sourced  (Average = 11.17) ; Number of LABs  (Total = 12) ;
+----------------------------------------------+------------------------------+
; 0                                            ; 0                            ;
; 1                                            ; 1                            ;
; 2                                            ; 2                            ;
; 3                                            ; 1                            ;
; 4                                            ; 0                            ;
; 5                                            ; 0                            ;
; 6                                            ; 0                            ;
; 7                                            ; 0                            ;
; 8                                            ; 1                            ;
; 9                                            ; 0                            ;
; 10                                           ; 1                            ;
; 11                                           ; 0                            ;
; 12                                           ; 0                            ;
; 13                                           ; 1                            ;
; 14                                           ; 0                            ;
; 15                                           ; 1                            ;
; 16                                           ; 0                            ;
; 17                                           ; 0                            ;
; 18                                           ; 1                            ;
; 19                                           ; 0                            ;
; 20                                           ; 1                            ;
; 21                                           ; 2                            ;
+----------------------------------------------+------------------------------+


+--------------------------------------------------------------------------------+
; LAB Signals Sourced Out                                                        ;
+-------------------------------------------------+------------------------------+
; Number of Signals Sourced Out  (Average = 8.83) ; Number of LABs  (Total = 12) ;
+-------------------------------------------------+------------------------------+
; 0                                               ; 0                            ;
; 1                                               ; 1                            ;
; 2                                               ; 2                            ;
; 3                                               ; 1                            ;
; 4                                               ; 0                            ;
; 5                                               ; 0                            ;
; 6                                               ; 0                            ;
; 7                                               ; 0                            ;
; 8                                               ; 1                            ;
; 9                                               ; 0                            ;
; 10                                              ; 1                            ;
; 11                                              ; 1                            ;
; 12                                              ; 1                            ;
; 13                                              ; 1                            ;
; 14                                              ; 1                            ;
; 15                                              ; 2                            ;
+-------------------------------------------------+------------------------------+


+-----------------------------------------------------------------------------+
; LAB Distinct Inputs                                                         ;
+----------------------------------------------+------------------------------+
; Number of Distinct Inputs  (Average = 11.08) ; Number of LABs  (Total = 12) ;
+----------------------------------------------+------------------------------+
; 0                                            ; 0                            ;
; 1                                            ; 0                            ;
; 2                                            ; 1                            ;
; 3                                            ; 2                            ;
; 4                                            ; 2                            ;
; 5                                            ; 0                            ;
; 6                                            ; 0                            ;
; 7                                            ; 0                            ;
; 8                                            ; 0                            ;
; 9                                            ; 0                            ;
; 10                                           ; 1                            ;
; 11                                           ; 1                            ;
; 12                                           ; 0                            ;
; 13                                           ; 1                            ;
; 14                                           ; 2                            ;
; 15                                           ; 0                            ;
; 16                                           ; 0                            ;
; 17                                           ; 0                            ;
; 18                                           ; 0                            ;
; 19                                           ; 1                            ;
; 20                                           ; 0                            ;
; 21                                           ; 0                            ;
; 22                                           ; 0                            ;
; 23                                           ; 0                            ;
; 24                                           ; 0                            ;
; 25                                           ; 0                            ;
; 26                                           ; 0                            ;
; 27                                           ; 0                            ;
; 28                                           ; 0                            ;
; 29                                           ; 0                            ;
; 30                                           ; 0                            ;
; 31                                           ; 0                            ;
; 32                                           ; 0                            ;
; 33                                           ; 0                            ;
; 34                                           ; 0                            ;
; 35                                           ; 0                            ;
; 36                                           ; 1                            ;
+----------------------------------------------+------------------------------+


+------------------------------------------+
; I/O Rules Summary                        ;
+----------------------------------+-------+
; I/O Rules Statistic              ; Total ;
+----------------------------------+-------+
; Total I/O Rules                  ; 30    ;
; Number of I/O Rules Passed       ; 10    ;
; Number of I/O Rules Failed       ; 0     ;
; Number of I/O Rules Unchecked    ; 0     ;
; Number of I/O Rules Inapplicable ; 20    ;
+----------------------------------+-------+


+-----------------------------------------------------------------------------------------------------------------------------------------------------------------------------------------------------------------------------------------------------------------------------------------------------+
; I/O Rules Details                                                                                                                                                                                                                                                                                   ;
+--------------+-----------+-----------------------------------+------------------------------------------------------------------------------------------------------+----------+--------------------------------------------------------------------------+---------------------+-------------------+
; Status       ; ID        ; Category                          ; Rule Description                                                                                     ; Severity ; Information                                                              ; Area                ; Extra Information ;
+--------------+-----------+-----------------------------------+------------------------------------------------------------------------------------------------------+----------+--------------------------------------------------------------------------+---------------------+-------------------+
; Inapplicable ; IO_000002 ; Capacity Checks                   ; Number of clocks in an I/O bank should not exceed the number of clocks available.                    ; Critical ; No Global Signal assignments found.                                      ; I/O                 ;                   ;
; Inapplicable ; IO_000001 ; Capacity Checks                   ; Number of pins in an I/O bank should not exceed the number of locations available.                   ; Critical ; No Location assignments found.                                           ; I/O                 ;                   ;
; Inapplicable ; IO_000003 ; Capacity Checks                   ; Number of pins in a Vrefgroup should not exceed the number of locations available.                   ; Critical ; No Location assignments found.                                           ; I/O                 ;                   ;
; Inapplicable ; IO_000004 ; Voltage Compatibility Checks      ; The I/O bank should support the requested VCCIO.                                                     ; Critical ; No IOBANK_VCCIO assignments found.                                       ; I/O                 ;                   ;
; Inapplicable ; IO_000005 ; Voltage Compatibility Checks      ; The I/O bank should not have competing VREF values.                                                  ; Critical ; No VREF I/O Standard assignments found.                                  ; I/O                 ;                   ;
; Pass         ; IO_000006 ; Voltage Compatibility Checks      ; The I/O bank should not have competing VCCIO values.                                                 ; Critical ; 0 such failures found.                                                   ; I/O                 ;                   ;
; Inapplicable ; IO_000007 ; Valid Location Checks             ; Checks for unavailable locations.                                                                    ; Critical ; No Location assignments found.                                           ; I/O                 ;                   ;
; Inapplicable ; IO_000008 ; Valid Location Checks             ; Checks for reserved locations.                                                                       ; Critical ; No reserved LogicLock region found.                                      ; I/O                 ;                   ;
; Inapplicable ; IO_000047 ; I/O Properties Checks for One I/O ; On Chip Termination and Slew Rate should not be used at the same time.                               ; Critical ; No Slew Rate assignments found.                                          ; I/O                 ;                   ;
; Inapplicable ; IO_000046 ; I/O Properties Checks for One I/O ; The location should support the requested Slew Rate value.                                           ; Critical ; No Slew Rate assignments found.                                          ; I/O                 ;                   ;
; Inapplicable ; IO_000045 ; I/O Properties Checks for One I/O ; The I/O standard should support the requested Slew Rate value.                                       ; Critical ; No Slew Rate assignments found.                                          ; I/O                 ;                   ;
; Inapplicable ; IO_000027 ; I/O Properties Checks for One I/O ; Weak Pull Up and Bus Hold should not be used at the same time.                                       ; Critical ; No Enable Bus-Hold Circuitry or Weak Pull-Up Resistor assignments found. ; I/O                 ;                   ;
; Inapplicable ; IO_000026 ; I/O Properties Checks for One I/O ; On Chip Termination and Current Strength should not be used at the same time.                        ; Critical ; No Current Strength assignments found.                                   ; I/O                 ;                   ;
; Pass         ; IO_000024 ; I/O Properties Checks for One I/O ; The I/O direction should support the On Chip Termination value.                                      ; Critical ; 0 such failures found.                                                   ; I/O                 ;                   ;
; Pass         ; IO_000023 ; I/O Properties Checks for One I/O ; The I/O standard should support the Open Drain value.                                                ; Critical ; 0 such failures found.                                                   ; I/O                 ;                   ;
; Inapplicable ; IO_000022 ; I/O Properties Checks for One I/O ; The I/O standard should support the requested Bus Hold value.                                        ; Critical ; No Enable Bus-Hold Circuitry assignments found.                          ; I/O                 ;                   ;
; Inapplicable ; IO_000021 ; I/O Properties Checks for One I/O ; The I/O standard should support the requested Weak Pull Up value.                                    ; Critical ; No Weak Pull-Up Resistor assignments found.                              ; I/O                 ;                   ;
; Pass         ; IO_000020 ; I/O Properties Checks for One I/O ; The I/O standard should support the requested PCI Clamp Diode.                                       ; Critical ; 0 such failures found.                                                   ; I/O                 ;                   ;
; Pass         ; IO_000019 ; I/O Properties Checks for One I/O ; The I/O standard should support the requested On Chip Termination value.                             ; Critical ; 0 such failures found.                                                   ; I/O                 ;                   ;
; Inapplicable ; IO_000018 ; I/O Properties Checks for One I/O ; The I/O standard should support the requested Current Strength.                                      ; Critical ; No Current Strength assignments found.                                   ; I/O                 ;                   ;
; Pass         ; IO_000015 ; I/O Properties Checks for One I/O ; The location should support the requested PCI Clamp Diode.                                           ; Critical ; 0 such failures found.                                                   ; I/O                 ;                   ;
; Inapplicable ; IO_000014 ; I/O Properties Checks for One I/O ; The location should support the requested Weak Pull Up value.                                        ; Critical ; No Weak Pull-Up Resistor assignments found.                              ; I/O                 ;                   ;
; Inapplicable ; IO_000013 ; I/O Properties Checks for One I/O ; The location should support the requested Bus Hold value.                                            ; Critical ; No Enable Bus-Hold Circuitry assignments found.                          ; I/O                 ;                   ;
; Pass         ; IO_000012 ; I/O Properties Checks for One I/O ; The location should support the requested On Chip Termination value.                                 ; Critical ; 0 such failures found.                                                   ; I/O                 ;                   ;
; Inapplicable ; IO_000011 ; I/O Properties Checks for One I/O ; The location should support the requested Current Strength.                                          ; Critical ; No Current Strength assignments found.                                   ; I/O                 ;                   ;
; Pass         ; IO_000010 ; I/O Properties Checks for One I/O ; The location should support the requested I/O direction.                                             ; Critical ; 0 such failures found.                                                   ; I/O                 ;                   ;
; Pass         ; IO_000009 ; I/O Properties Checks for One I/O ; The location should support the requested I/O standard.                                              ; Critical ; 0 such failures found.                                                   ; I/O                 ;                   ;
; Pass         ; IO_000033 ; Electromigration Checks           ; Current density for consecutive I/Os should not exceed 240mA for row I/Os and 240mA for column I/Os. ; Critical ; 0 such failures found.                                                   ; I/O                 ;                   ;
; Inapplicable ; IO_000034 ; SI Related Distance Checks        ; Single-ended outputs should be 5 LAB row(s) away from a differential I/O.                            ; High     ; No Differential I/O Standard assignments found.                          ; I/O                 ;                   ;
; Inapplicable ; IO_000042 ; SI Related SSO Limit Checks       ; No more than 20 outputs are allowed in a VREF group when VREF is being read from.                    ; High     ; No VREF I/O Standard assignments found.                                  ; I/O                 ;                   ;
; ----         ; ----      ; Disclaimer                        ; OCT rules are checked but not reported.                                                              ; None     ; ----                                                                     ; On Chip Termination ;                   ;
+--------------+-----------+-----------------------------------+------------------------------------------------------------------------------------------------------+----------+--------------------------------------------------------------------------+---------------------+-------------------+


+--------------------------------------------------------------------------------------------------------------------------------------------------------------------------------------------------------------------------------------------------------------------------------------------------------------------------------------------------------------------------------------------------------------------------------------------------------------------------+
; I/O Rules Matrix                                                                                                                                                                                                                                                                                                                                                                                                                                                         ;
+--------------------+--------------+--------------+--------------+--------------+--------------+-----------+--------------+--------------+--------------+--------------+--------------+--------------+--------------+--------------+--------------+--------------+--------------+--------------+--------------+--------------+--------------+--------------+--------------+--------------+--------------+-----------+-----------+-----------+--------------+--------------+
; Pin/Rules          ; IO_000002    ; IO_000001    ; IO_000003    ; IO_000004    ; IO_000005    ; IO_000006 ; IO_000007    ; IO_000008    ; IO_000047    ; IO_000046    ; IO_000045    ; IO_000027    ; IO_000026    ; IO_000024    ; IO_000023    ; IO_000022    ; IO_000021    ; IO_000020    ; IO_000019    ; IO_000018    ; IO_000015    ; IO_000014    ; IO_000013    ; IO_000012    ; IO_000011    ; IO_000010 ; IO_000009 ; IO_000033 ; IO_000034    ; IO_000042    ;
+--------------------+--------------+--------------+--------------+--------------+--------------+-----------+--------------+--------------+--------------+--------------+--------------+--------------+--------------+--------------+--------------+--------------+--------------+--------------+--------------+--------------+--------------+--------------+--------------+--------------+--------------+-----------+-----------+-----------+--------------+--------------+
; Total Pass         ; 0            ; 0            ; 0            ; 0            ; 0            ; 97        ; 0            ; 0            ; 0            ; 0            ; 0            ; 0            ; 0            ; 90           ; 16           ; 0            ; 0            ; 7            ; 90           ; 0            ; 7            ; 0            ; 0            ; 90           ; 0            ; 97        ; 97        ; 97        ; 0            ; 0            ;
; Total Unchecked    ; 0            ; 0            ; 0            ; 0            ; 0            ; 0         ; 0            ; 0            ; 0            ; 0            ; 0            ; 0            ; 0            ; 0            ; 0            ; 0            ; 0            ; 0            ; 0            ; 0            ; 0            ; 0            ; 0            ; 0            ; 0            ; 0         ; 0         ; 0         ; 0            ; 0            ;
; Total Inapplicable ; 97           ; 97           ; 97           ; 97           ; 97           ; 0         ; 97           ; 97           ; 97           ; 97           ; 97           ; 97           ; 97           ; 7            ; 81           ; 97           ; 97           ; 90           ; 7            ; 97           ; 90           ; 97           ; 97           ; 7            ; 97           ; 0         ; 0         ; 0         ; 97           ; 97           ;
; Total Fail         ; 0            ; 0            ; 0            ; 0            ; 0            ; 0         ; 0            ; 0            ; 0            ; 0            ; 0            ; 0            ; 0            ; 0            ; 0            ; 0            ; 0            ; 0            ; 0            ; 0            ; 0            ; 0            ; 0            ; 0            ; 0            ; 0         ; 0         ; 0         ; 0            ; 0            ;
; RegDst             ; Inapplicable ; Inapplicable ; Inapplicable ; Inapplicable ; Inapplicable ; Pass      ; Inapplicable ; Inapplicable ; Inapplicable ; Inapplicable ; Inapplicable ; Inapplicable ; Inapplicable ; Pass         ; Inapplicable ; Inapplicable ; Inapplicable ; Inapplicable ; Pass         ; Inapplicable ; Inapplicable ; Inapplicable ; Inapplicable ; Pass         ; Inapplicable ; Pass      ; Pass      ; Pass      ; Inapplicable ; Inapplicable ;
; MemRead            ; Inapplicable ; Inapplicable ; Inapplicable ; Inapplicable ; Inapplicable ; Pass      ; Inapplicable ; Inapplicable ; Inapplicable ; Inapplicable ; Inapplicable ; Inapplicable ; Inapplicable ; Pass         ; Inapplicable ; Inapplicable ; Inapplicable ; Inapplicable ; Pass         ; Inapplicable ; Inapplicable ; Inapplicable ; Inapplicable ; Pass         ; Inapplicable ; Pass      ; Pass      ; Pass      ; Inapplicable ; Inapplicable ;
; MemtoReg           ; Inapplicable ; Inapplicable ; Inapplicable ; Inapplicable ; Inapplicable ; Pass      ; Inapplicable ; Inapplicable ; Inapplicable ; Inapplicable ; Inapplicable ; Inapplicable ; Inapplicable ; Pass         ; Inapplicable ; Inapplicable ; Inapplicable ; Inapplicable ; Pass         ; Inapplicable ; Inapplicable ; Inapplicable ; Inapplicable ; Pass         ; Inapplicable ; Pass      ; Pass      ; Pass      ; Inapplicable ; Inapplicable ;
; MemWrite           ; Inapplicable ; Inapplicable ; Inapplicable ; Inapplicable ; Inapplicable ; Pass      ; Inapplicable ; Inapplicable ; Inapplicable ; Inapplicable ; Inapplicable ; Inapplicable ; Inapplicable ; Pass         ; Inapplicable ; Inapplicable ; Inapplicable ; Inapplicable ; Pass         ; Inapplicable ; Inapplicable ; Inapplicable ; Inapplicable ; Pass         ; Inapplicable ; Pass      ; Pass      ; Pass      ; Inapplicable ; Inapplicable ;
; ALUSrc             ; Inapplicable ; Inapplicable ; Inapplicable ; Inapplicable ; Inapplicable ; Pass      ; Inapplicable ; Inapplicable ; Inapplicable ; Inapplicable ; Inapplicable ; Inapplicable ; Inapplicable ; Pass         ; Inapplicable ; Inapplicable ; Inapplicable ; Inapplicable ; Pass         ; Inapplicable ; Inapplicable ; Inapplicable ; Inapplicable ; Pass         ; Inapplicable ; Pass      ; Pass      ; Pass      ; Inapplicable ; Inapplicable ;
; RegWrite           ; Inapplicable ; Inapplicable ; Inapplicable ; Inapplicable ; Inapplicable ; Pass      ; Inapplicable ; Inapplicable ; Inapplicable ; Inapplicable ; Inapplicable ; Inapplicable ; Inapplicable ; Pass         ; Inapplicable ; Inapplicable ; Inapplicable ; Inapplicable ; Pass         ; Inapplicable ; Inapplicable ; Inapplicable ; Inapplicable ; Pass         ; Inapplicable ; Pass      ; Pass      ; Pass      ; Inapplicable ; Inapplicable ;
; ALUCon             ; Inapplicable ; Inapplicable ; Inapplicable ; Inapplicable ; Inapplicable ; Pass      ; Inapplicable ; Inapplicable ; Inapplicable ; Inapplicable ; Inapplicable ; Inapplicable ; Inapplicable ; Pass         ; Inapplicable ; Inapplicable ; Inapplicable ; Inapplicable ; Pass         ; Inapplicable ; Inapplicable ; Inapplicable ; Inapplicable ; Pass         ; Inapplicable ; Pass      ; Pass      ; Pass      ; Inapplicable ; Inapplicable ;
; ALUOp[2]           ; Inapplicable ; Inapplicable ; Inapplicable ; Inapplicable ; Inapplicable ; Pass      ; Inapplicable ; Inapplicable ; Inapplicable ; Inapplicable ; Inapplicable ; Inapplicable ; Inapplicable ; Pass         ; Inapplicable ; Inapplicable ; Inapplicable ; Inapplicable ; Pass         ; Inapplicable ; Inapplicable ; Inapplicable ; Inapplicable ; Pass         ; Inapplicable ; Pass      ; Pass      ; Pass      ; Inapplicable ; Inapplicable ;
; ALUOp[1]           ; Inapplicable ; Inapplicable ; Inapplicable ; Inapplicable ; Inapplicable ; Pass      ; Inapplicable ; Inapplicable ; Inapplicable ; Inapplicable ; Inapplicable ; Inapplicable ; Inapplicable ; Pass         ; Inapplicable ; Inapplicable ; Inapplicable ; Inapplicable ; Pass         ; Inapplicable ; Inapplicable ; Inapplicable ; Inapplicable ; Pass         ; Inapplicable ; Pass      ; Pass      ; Pass      ; Inapplicable ; Inapplicable ;
; ALUOp[0]           ; Inapplicable ; Inapplicable ; Inapplicable ; Inapplicable ; Inapplicable ; Pass      ; Inapplicable ; Inapplicable ; Inapplicable ; Inapplicable ; Inapplicable ; Inapplicable ; Inapplicable ; Pass         ; Inapplicable ; Inapplicable ; Inapplicable ; Inapplicable ; Pass         ; Inapplicable ; Inapplicable ; Inapplicable ; Inapplicable ; Pass         ; Inapplicable ; Pass      ; Pass      ; Pass      ; Inapplicable ; Inapplicable ;
; DOUT[15]           ; Inapplicable ; Inapplicable ; Inapplicable ; Inapplicable ; Inapplicable ; Pass      ; Inapplicable ; Inapplicable ; Inapplicable ; Inapplicable ; Inapplicable ; Inapplicable ; Inapplicable ; Pass         ; Pass         ; Inapplicable ; Inapplicable ; Inapplicable ; Pass         ; Inapplicable ; Inapplicable ; Inapplicable ; Inapplicable ; Pass         ; Inapplicable ; Pass      ; Pass      ; Pass      ; Inapplicable ; Inapplicable ;
; DOUT[14]           ; Inapplicable ; Inapplicable ; Inapplicable ; Inapplicable ; Inapplicable ; Pass      ; Inapplicable ; Inapplicable ; Inapplicable ; Inapplicable ; Inapplicable ; Inapplicable ; Inapplicable ; Pass         ; Pass         ; Inapplicable ; Inapplicable ; Inapplicable ; Pass         ; Inapplicable ; Inapplicable ; Inapplicable ; Inapplicable ; Pass         ; Inapplicable ; Pass      ; Pass      ; Pass      ; Inapplicable ; Inapplicable ;
; DOUT[13]           ; Inapplicable ; Inapplicable ; Inapplicable ; Inapplicable ; Inapplicable ; Pass      ; Inapplicable ; Inapplicable ; Inapplicable ; Inapplicable ; Inapplicable ; Inapplicable ; Inapplicable ; Pass         ; Pass         ; Inapplicable ; Inapplicable ; Inapplicable ; Pass         ; Inapplicable ; Inapplicable ; Inapplicable ; Inapplicable ; Pass         ; Inapplicable ; Pass      ; Pass      ; Pass      ; Inapplicable ; Inapplicable ;
; DOUT[12]           ; Inapplicable ; Inapplicable ; Inapplicable ; Inapplicable ; Inapplicable ; Pass      ; Inapplicable ; Inapplicable ; Inapplicable ; Inapplicable ; Inapplicable ; Inapplicable ; Inapplicable ; Pass         ; Pass         ; Inapplicable ; Inapplicable ; Inapplicable ; Pass         ; Inapplicable ; Inapplicable ; Inapplicable ; Inapplicable ; Pass         ; Inapplicable ; Pass      ; Pass      ; Pass      ; Inapplicable ; Inapplicable ;
; DOUT[11]           ; Inapplicable ; Inapplicable ; Inapplicable ; Inapplicable ; Inapplicable ; Pass      ; Inapplicable ; Inapplicable ; Inapplicable ; Inapplicable ; Inapplicable ; Inapplicable ; Inapplicable ; Pass         ; Pass         ; Inapplicable ; Inapplicable ; Inapplicable ; Pass         ; Inapplicable ; Inapplicable ; Inapplicable ; Inapplicable ; Pass         ; Inapplicable ; Pass      ; Pass      ; Pass      ; Inapplicable ; Inapplicable ;
; DOUT[10]           ; Inapplicable ; Inapplicable ; Inapplicable ; Inapplicable ; Inapplicable ; Pass      ; Inapplicable ; Inapplicable ; Inapplicable ; Inapplicable ; Inapplicable ; Inapplicable ; Inapplicable ; Pass         ; Pass         ; Inapplicable ; Inapplicable ; Inapplicable ; Pass         ; Inapplicable ; Inapplicable ; Inapplicable ; Inapplicable ; Pass         ; Inapplicable ; Pass      ; Pass      ; Pass      ; Inapplicable ; Inapplicable ;
; DOUT[9]            ; Inapplicable ; Inapplicable ; Inapplicable ; Inapplicable ; Inapplicable ; Pass      ; Inapplicable ; Inapplicable ; Inapplicable ; Inapplicable ; Inapplicable ; Inapplicable ; Inapplicable ; Pass         ; Pass         ; Inapplicable ; Inapplicable ; Inapplicable ; Pass         ; Inapplicable ; Inapplicable ; Inapplicable ; Inapplicable ; Pass         ; Inapplicable ; Pass      ; Pass      ; Pass      ; Inapplicable ; Inapplicable ;
; DOUT[8]            ; Inapplicable ; Inapplicable ; Inapplicable ; Inapplicable ; Inapplicable ; Pass      ; Inapplicable ; Inapplicable ; Inapplicable ; Inapplicable ; Inapplicable ; Inapplicable ; Inapplicable ; Pass         ; Pass         ; Inapplicable ; Inapplicable ; Inapplicable ; Pass         ; Inapplicable ; Inapplicable ; Inapplicable ; Inapplicable ; Pass         ; Inapplicable ; Pass      ; Pass      ; Pass      ; Inapplicable ; Inapplicable ;
; DOUT[7]            ; Inapplicable ; Inapplicable ; Inapplicable ; Inapplicable ; Inapplicable ; Pass      ; Inapplicable ; Inapplicable ; Inapplicable ; Inapplicable ; Inapplicable ; Inapplicable ; Inapplicable ; Pass         ; Pass         ; Inapplicable ; Inapplicable ; Inapplicable ; Pass         ; Inapplicable ; Inapplicable ; Inapplicable ; Inapplicable ; Pass         ; Inapplicable ; Pass      ; Pass      ; Pass      ; Inapplicable ; Inapplicable ;
; DOUT[6]            ; Inapplicable ; Inapplicable ; Inapplicable ; Inapplicable ; Inapplicable ; Pass      ; Inapplicable ; Inapplicable ; Inapplicable ; Inapplicable ; Inapplicable ; Inapplicable ; Inapplicable ; Pass         ; Pass         ; Inapplicable ; Inapplicable ; Inapplicable ; Pass         ; Inapplicable ; Inapplicable ; Inapplicable ; Inapplicable ; Pass         ; Inapplicable ; Pass      ; Pass      ; Pass      ; Inapplicable ; Inapplicable ;
; DOUT[5]            ; Inapplicable ; Inapplicable ; Inapplicable ; Inapplicable ; Inapplicable ; Pass      ; Inapplicable ; Inapplicable ; Inapplicable ; Inapplicable ; Inapplicable ; Inapplicable ; Inapplicable ; Pass         ; Pass         ; Inapplicable ; Inapplicable ; Inapplicable ; Pass         ; Inapplicable ; Inapplicable ; Inapplicable ; Inapplicable ; Pass         ; Inapplicable ; Pass      ; Pass      ; Pass      ; Inapplicable ; Inapplicable ;
; DOUT[4]            ; Inapplicable ; Inapplicable ; Inapplicable ; Inapplicable ; Inapplicable ; Pass      ; Inapplicable ; Inapplicable ; Inapplicable ; Inapplicable ; Inapplicable ; Inapplicable ; Inapplicable ; Pass         ; Pass         ; Inapplicable ; Inapplicable ; Inapplicable ; Pass         ; Inapplicable ; Inapplicable ; Inapplicable ; Inapplicable ; Pass         ; Inapplicable ; Pass      ; Pass      ; Pass      ; Inapplicable ; Inapplicable ;
; DOUT[3]            ; Inapplicable ; Inapplicable ; Inapplicable ; Inapplicable ; Inapplicable ; Pass      ; Inapplicable ; Inapplicable ; Inapplicable ; Inapplicable ; Inapplicable ; Inapplicable ; Inapplicable ; Pass         ; Pass         ; Inapplicable ; Inapplicable ; Inapplicable ; Pass         ; Inapplicable ; Inapplicable ; Inapplicable ; Inapplicable ; Pass         ; Inapplicable ; Pass      ; Pass      ; Pass      ; Inapplicable ; Inapplicable ;
; DOUT[2]            ; Inapplicable ; Inapplicable ; Inapplicable ; Inapplicable ; Inapplicable ; Pass      ; Inapplicable ; Inapplicable ; Inapplicable ; Inapplicable ; Inapplicable ; Inapplicable ; Inapplicable ; Pass         ; Pass         ; Inapplicable ; Inapplicable ; Inapplicable ; Pass         ; Inapplicable ; Inapplicable ; Inapplicable ; Inapplicable ; Pass         ; Inapplicable ; Pass      ; Pass      ; Pass      ; Inapplicable ; Inapplicable ;
; DOUT[1]            ; Inapplicable ; Inapplicable ; Inapplicable ; Inapplicable ; Inapplicable ; Pass      ; Inapplicable ; Inapplicable ; Inapplicable ; Inapplicable ; Inapplicable ; Inapplicable ; Inapplicable ; Pass         ; Pass         ; Inapplicable ; Inapplicable ; Inapplicable ; Pass         ; Inapplicable ; Inapplicable ; Inapplicable ; Inapplicable ; Pass         ; Inapplicable ; Pass      ; Pass      ; Pass      ; Inapplicable ; Inapplicable ;
; DOUT[0]            ; Inapplicable ; Inapplicable ; Inapplicable ; Inapplicable ; Inapplicable ; Pass      ; Inapplicable ; Inapplicable ; Inapplicable ; Inapplicable ; Inapplicable ; Inapplicable ; Inapplicable ; Pass         ; Pass         ; Inapplicable ; Inapplicable ; Inapplicable ; Pass         ; Inapplicable ; Inapplicable ; Inapplicable ; Inapplicable ; Pass         ; Inapplicable ; Pass      ; Pass      ; Pass      ; Inapplicable ; Inapplicable ;
; INSOUT[15]         ; Inapplicable ; Inapplicable ; Inapplicable ; Inapplicable ; Inapplicable ; Pass      ; Inapplicable ; Inapplicable ; Inapplicable ; Inapplicable ; Inapplicable ; Inapplicable ; Inapplicable ; Pass         ; Inapplicable ; Inapplicable ; Inapplicable ; Inapplicable ; Pass         ; Inapplicable ; Inapplicable ; Inapplicable ; Inapplicable ; Pass         ; Inapplicable ; Pass      ; Pass      ; Pass      ; Inapplicable ; Inapplicable ;
; INSOUT[14]         ; Inapplicable ; Inapplicable ; Inapplicable ; Inapplicable ; Inapplicable ; Pass      ; Inapplicable ; Inapplicable ; Inapplicable ; Inapplicable ; Inapplicable ; Inapplicable ; Inapplicable ; Pass         ; Inapplicable ; Inapplicable ; Inapplicable ; Inapplicable ; Pass         ; Inapplicable ; Inapplicable ; Inapplicable ; Inapplicable ; Pass         ; Inapplicable ; Pass      ; Pass      ; Pass      ; Inapplicable ; Inapplicable ;
; INSOUT[13]         ; Inapplicable ; Inapplicable ; Inapplicable ; Inapplicable ; Inapplicable ; Pass      ; Inapplicable ; Inapplicable ; Inapplicable ; Inapplicable ; Inapplicable ; Inapplicable ; Inapplicable ; Pass         ; Inapplicable ; Inapplicable ; Inapplicable ; Inapplicable ; Pass         ; Inapplicable ; Inapplicable ; Inapplicable ; Inapplicable ; Pass         ; Inapplicable ; Pass      ; Pass      ; Pass      ; Inapplicable ; Inapplicable ;
; INSOUT[12]         ; Inapplicable ; Inapplicable ; Inapplicable ; Inapplicable ; Inapplicable ; Pass      ; Inapplicable ; Inapplicable ; Inapplicable ; Inapplicable ; Inapplicable ; Inapplicable ; Inapplicable ; Pass         ; Inapplicable ; Inapplicable ; Inapplicable ; Inapplicable ; Pass         ; Inapplicable ; Inapplicable ; Inapplicable ; Inapplicable ; Pass         ; Inapplicable ; Pass      ; Pass      ; Pass      ; Inapplicable ; Inapplicable ;
; INSOUT[11]         ; Inapplicable ; Inapplicable ; Inapplicable ; Inapplicable ; Inapplicable ; Pass      ; Inapplicable ; Inapplicable ; Inapplicable ; Inapplicable ; Inapplicable ; Inapplicable ; Inapplicable ; Pass         ; Inapplicable ; Inapplicable ; Inapplicable ; Inapplicable ; Pass         ; Inapplicable ; Inapplicable ; Inapplicable ; Inapplicable ; Pass         ; Inapplicable ; Pass      ; Pass      ; Pass      ; Inapplicable ; Inapplicable ;
; INSOUT[10]         ; Inapplicable ; Inapplicable ; Inapplicable ; Inapplicable ; Inapplicable ; Pass      ; Inapplicable ; Inapplicable ; Inapplicable ; Inapplicable ; Inapplicable ; Inapplicable ; Inapplicable ; Pass         ; Inapplicable ; Inapplicable ; Inapplicable ; Inapplicable ; Pass         ; Inapplicable ; Inapplicable ; Inapplicable ; Inapplicable ; Pass         ; Inapplicable ; Pass      ; Pass      ; Pass      ; Inapplicable ; Inapplicable ;
; INSOUT[9]          ; Inapplicable ; Inapplicable ; Inapplicable ; Inapplicable ; Inapplicable ; Pass      ; Inapplicable ; Inapplicable ; Inapplicable ; Inapplicable ; Inapplicable ; Inapplicable ; Inapplicable ; Pass         ; Inapplicable ; Inapplicable ; Inapplicable ; Inapplicable ; Pass         ; Inapplicable ; Inapplicable ; Inapplicable ; Inapplicable ; Pass         ; Inapplicable ; Pass      ; Pass      ; Pass      ; Inapplicable ; Inapplicable ;
; INSOUT[8]          ; Inapplicable ; Inapplicable ; Inapplicable ; Inapplicable ; Inapplicable ; Pass      ; Inapplicable ; Inapplicable ; Inapplicable ; Inapplicable ; Inapplicable ; Inapplicable ; Inapplicable ; Pass         ; Inapplicable ; Inapplicable ; Inapplicable ; Inapplicable ; Pass         ; Inapplicable ; Inapplicable ; Inapplicable ; Inapplicable ; Pass         ; Inapplicable ; Pass      ; Pass      ; Pass      ; Inapplicable ; Inapplicable ;
; INSOUT[7]          ; Inapplicable ; Inapplicable ; Inapplicable ; Inapplicable ; Inapplicable ; Pass      ; Inapplicable ; Inapplicable ; Inapplicable ; Inapplicable ; Inapplicable ; Inapplicable ; Inapplicable ; Pass         ; Inapplicable ; Inapplicable ; Inapplicable ; Inapplicable ; Pass         ; Inapplicable ; Inapplicable ; Inapplicable ; Inapplicable ; Pass         ; Inapplicable ; Pass      ; Pass      ; Pass      ; Inapplicable ; Inapplicable ;
; INSOUT[6]          ; Inapplicable ; Inapplicable ; Inapplicable ; Inapplicable ; Inapplicable ; Pass      ; Inapplicable ; Inapplicable ; Inapplicable ; Inapplicable ; Inapplicable ; Inapplicable ; Inapplicable ; Pass         ; Inapplicable ; Inapplicable ; Inapplicable ; Inapplicable ; Pass         ; Inapplicable ; Inapplicable ; Inapplicable ; Inapplicable ; Pass         ; Inapplicable ; Pass      ; Pass      ; Pass      ; Inapplicable ; Inapplicable ;
; INSOUT[5]          ; Inapplicable ; Inapplicable ; Inapplicable ; Inapplicable ; Inapplicable ; Pass      ; Inapplicable ; Inapplicable ; Inapplicable ; Inapplicable ; Inapplicable ; Inapplicable ; Inapplicable ; Pass         ; Inapplicable ; Inapplicable ; Inapplicable ; Inapplicable ; Pass         ; Inapplicable ; Inapplicable ; Inapplicable ; Inapplicable ; Pass         ; Inapplicable ; Pass      ; Pass      ; Pass      ; Inapplicable ; Inapplicable ;
; INSOUT[4]          ; Inapplicable ; Inapplicable ; Inapplicable ; Inapplicable ; Inapplicable ; Pass      ; Inapplicable ; Inapplicable ; Inapplicable ; Inapplicable ; Inapplicable ; Inapplicable ; Inapplicable ; Pass         ; Inapplicable ; Inapplicable ; Inapplicable ; Inapplicable ; Pass         ; Inapplicable ; Inapplicable ; Inapplicable ; Inapplicable ; Pass         ; Inapplicable ; Pass      ; Pass      ; Pass      ; Inapplicable ; Inapplicable ;
; INSOUT[3]          ; Inapplicable ; Inapplicable ; Inapplicable ; Inapplicable ; Inapplicable ; Pass      ; Inapplicable ; Inapplicable ; Inapplicable ; Inapplicable ; Inapplicable ; Inapplicable ; Inapplicable ; Pass         ; Inapplicable ; Inapplicable ; Inapplicable ; Inapplicable ; Pass         ; Inapplicable ; Inapplicable ; Inapplicable ; Inapplicable ; Pass         ; Inapplicable ; Pass      ; Pass      ; Pass      ; Inapplicable ; Inapplicable ;
; INSOUT[2]          ; Inapplicable ; Inapplicable ; Inapplicable ; Inapplicable ; Inapplicable ; Pass      ; Inapplicable ; Inapplicable ; Inapplicable ; Inapplicable ; Inapplicable ; Inapplicable ; Inapplicable ; Pass         ; Inapplicable ; Inapplicable ; Inapplicable ; Inapplicable ; Pass         ; Inapplicable ; Inapplicable ; Inapplicable ; Inapplicable ; Pass         ; Inapplicable ; Pass      ; Pass      ; Pass      ; Inapplicable ; Inapplicable ;
; INSOUT[1]          ; Inapplicable ; Inapplicable ; Inapplicable ; Inapplicable ; Inapplicable ; Pass      ; Inapplicable ; Inapplicable ; Inapplicable ; Inapplicable ; Inapplicable ; Inapplicable ; Inapplicable ; Pass         ; Inapplicable ; Inapplicable ; Inapplicable ; Inapplicable ; Pass         ; Inapplicable ; Inapplicable ; Inapplicable ; Inapplicable ; Pass         ; Inapplicable ; Pass      ; Pass      ; Pass      ; Inapplicable ; Inapplicable ;
; INSOUT[0]          ; Inapplicable ; Inapplicable ; Inapplicable ; Inapplicable ; Inapplicable ; Pass      ; Inapplicable ; Inapplicable ; Inapplicable ; Inapplicable ; Inapplicable ; Inapplicable ; Inapplicable ; Pass         ; Inapplicable ; Inapplicable ; Inapplicable ; Inapplicable ; Pass         ; Inapplicable ; Inapplicable ; Inapplicable ; Inapplicable ; Pass         ; Inapplicable ; Pass      ; Pass      ; Pass      ; Inapplicable ; Inapplicable ;
; JOUT[15]           ; Inapplicable ; Inapplicable ; Inapplicable ; Inapplicable ; Inapplicable ; Pass      ; Inapplicable ; Inapplicable ; Inapplicable ; Inapplicable ; Inapplicable ; Inapplicable ; Inapplicable ; Pass         ; Inapplicable ; Inapplicable ; Inapplicable ; Inapplicable ; Pass         ; Inapplicable ; Inapplicable ; Inapplicable ; Inapplicable ; Pass         ; Inapplicable ; Pass      ; Pass      ; Pass      ; Inapplicable ; Inapplicable ;
; JOUT[14]           ; Inapplicable ; Inapplicable ; Inapplicable ; Inapplicable ; Inapplicable ; Pass      ; Inapplicable ; Inapplicable ; Inapplicable ; Inapplicable ; Inapplicable ; Inapplicable ; Inapplicable ; Pass         ; Inapplicable ; Inapplicable ; Inapplicable ; Inapplicable ; Pass         ; Inapplicable ; Inapplicable ; Inapplicable ; Inapplicable ; Pass         ; Inapplicable ; Pass      ; Pass      ; Pass      ; Inapplicable ; Inapplicable ;
; JOUT[13]           ; Inapplicable ; Inapplicable ; Inapplicable ; Inapplicable ; Inapplicable ; Pass      ; Inapplicable ; Inapplicable ; Inapplicable ; Inapplicable ; Inapplicable ; Inapplicable ; Inapplicable ; Pass         ; Inapplicable ; Inapplicable ; Inapplicable ; Inapplicable ; Pass         ; Inapplicable ; Inapplicable ; Inapplicable ; Inapplicable ; Pass         ; Inapplicable ; Pass      ; Pass      ; Pass      ; Inapplicable ; Inapplicable ;
; JOUT[12]           ; Inapplicable ; Inapplicable ; Inapplicable ; Inapplicable ; Inapplicable ; Pass      ; Inapplicable ; Inapplicable ; Inapplicable ; Inapplicable ; Inapplicable ; Inapplicable ; Inapplicable ; Pass         ; Inapplicable ; Inapplicable ; Inapplicable ; Inapplicable ; Pass         ; Inapplicable ; Inapplicable ; Inapplicable ; Inapplicable ; Pass         ; Inapplicable ; Pass      ; Pass      ; Pass      ; Inapplicable ; Inapplicable ;
; JOUT[11]           ; Inapplicable ; Inapplicable ; Inapplicable ; Inapplicable ; Inapplicable ; Pass      ; Inapplicable ; Inapplicable ; Inapplicable ; Inapplicable ; Inapplicable ; Inapplicable ; Inapplicable ; Pass         ; Inapplicable ; Inapplicable ; Inapplicable ; Inapplicable ; Pass         ; Inapplicable ; Inapplicable ; Inapplicable ; Inapplicable ; Pass         ; Inapplicable ; Pass      ; Pass      ; Pass      ; Inapplicable ; Inapplicable ;
; JOUT[10]           ; Inapplicable ; Inapplicable ; Inapplicable ; Inapplicable ; Inapplicable ; Pass      ; Inapplicable ; Inapplicable ; Inapplicable ; Inapplicable ; Inapplicable ; Inapplicable ; Inapplicable ; Pass         ; Inapplicable ; Inapplicable ; Inapplicable ; Inapplicable ; Pass         ; Inapplicable ; Inapplicable ; Inapplicable ; Inapplicable ; Pass         ; Inapplicable ; Pass      ; Pass      ; Pass      ; Inapplicable ; Inapplicable ;
; JOUT[9]            ; Inapplicable ; Inapplicable ; Inapplicable ; Inapplicable ; Inapplicable ; Pass      ; Inapplicable ; Inapplicable ; Inapplicable ; Inapplicable ; Inapplicable ; Inapplicable ; Inapplicable ; Pass         ; Inapplicable ; Inapplicable ; Inapplicable ; Inapplicable ; Pass         ; Inapplicable ; Inapplicable ; Inapplicable ; Inapplicable ; Pass         ; Inapplicable ; Pass      ; Pass      ; Pass      ; Inapplicable ; Inapplicable ;
; JOUT[8]            ; Inapplicable ; Inapplicable ; Inapplicable ; Inapplicable ; Inapplicable ; Pass      ; Inapplicable ; Inapplicable ; Inapplicable ; Inapplicable ; Inapplicable ; Inapplicable ; Inapplicable ; Pass         ; Inapplicable ; Inapplicable ; Inapplicable ; Inapplicable ; Pass         ; Inapplicable ; Inapplicable ; Inapplicable ; Inapplicable ; Pass         ; Inapplicable ; Pass      ; Pass      ; Pass      ; Inapplicable ; Inapplicable ;
; JOUT[7]            ; Inapplicable ; Inapplicable ; Inapplicable ; Inapplicable ; Inapplicable ; Pass      ; Inapplicable ; Inapplicable ; Inapplicable ; Inapplicable ; Inapplicable ; Inapplicable ; Inapplicable ; Pass         ; Inapplicable ; Inapplicable ; Inapplicable ; Inapplicable ; Pass         ; Inapplicable ; Inapplicable ; Inapplicable ; Inapplicable ; Pass         ; Inapplicable ; Pass      ; Pass      ; Pass      ; Inapplicable ; Inapplicable ;
; JOUT[6]            ; Inapplicable ; Inapplicable ; Inapplicable ; Inapplicable ; Inapplicable ; Pass      ; Inapplicable ; Inapplicable ; Inapplicable ; Inapplicable ; Inapplicable ; Inapplicable ; Inapplicable ; Pass         ; Inapplicable ; Inapplicable ; Inapplicable ; Inapplicable ; Pass         ; Inapplicable ; Inapplicable ; Inapplicable ; Inapplicable ; Pass         ; Inapplicable ; Pass      ; Pass      ; Pass      ; Inapplicable ; Inapplicable ;
; JOUT[5]            ; Inapplicable ; Inapplicable ; Inapplicable ; Inapplicable ; Inapplicable ; Pass      ; Inapplicable ; Inapplicable ; Inapplicable ; Inapplicable ; Inapplicable ; Inapplicable ; Inapplicable ; Pass         ; Inapplicable ; Inapplicable ; Inapplicable ; Inapplicable ; Pass         ; Inapplicable ; Inapplicable ; Inapplicable ; Inapplicable ; Pass         ; Inapplicable ; Pass      ; Pass      ; Pass      ; Inapplicable ; Inapplicable ;
; JOUT[4]            ; Inapplicable ; Inapplicable ; Inapplicable ; Inapplicable ; Inapplicable ; Pass      ; Inapplicable ; Inapplicable ; Inapplicable ; Inapplicable ; Inapplicable ; Inapplicable ; Inapplicable ; Pass         ; Inapplicable ; Inapplicable ; Inapplicable ; Inapplicable ; Pass         ; Inapplicable ; Inapplicable ; Inapplicable ; Inapplicable ; Pass         ; Inapplicable ; Pass      ; Pass      ; Pass      ; Inapplicable ; Inapplicable ;
; JOUT[3]            ; Inapplicable ; Inapplicable ; Inapplicable ; Inapplicable ; Inapplicable ; Pass      ; Inapplicable ; Inapplicable ; Inapplicable ; Inapplicable ; Inapplicable ; Inapplicable ; Inapplicable ; Pass         ; Inapplicable ; Inapplicable ; Inapplicable ; Inapplicable ; Pass         ; Inapplicable ; Inapplicable ; Inapplicable ; Inapplicable ; Pass         ; Inapplicable ; Pass      ; Pass      ; Pass      ; Inapplicable ; Inapplicable ;
; JOUT[2]            ; Inapplicable ; Inapplicable ; Inapplicable ; Inapplicable ; Inapplicable ; Pass      ; Inapplicable ; Inapplicable ; Inapplicable ; Inapplicable ; Inapplicable ; Inapplicable ; Inapplicable ; Pass         ; Inapplicable ; Inapplicable ; Inapplicable ; Inapplicable ; Pass         ; Inapplicable ; Inapplicable ; Inapplicable ; Inapplicable ; Pass         ; Inapplicable ; Pass      ; Pass      ; Pass      ; Inapplicable ; Inapplicable ;
; JOUT[1]            ; Inapplicable ; Inapplicable ; Inapplicable ; Inapplicable ; Inapplicable ; Pass      ; Inapplicable ; Inapplicable ; Inapplicable ; Inapplicable ; Inapplicable ; Inapplicable ; Inapplicable ; Pass         ; Inapplicable ; Inapplicable ; Inapplicable ; Inapplicable ; Pass         ; Inapplicable ; Inapplicable ; Inapplicable ; Inapplicable ; Pass         ; Inapplicable ; Pass      ; Pass      ; Pass      ; Inapplicable ; Inapplicable ;
; JOUT[0]            ; Inapplicable ; Inapplicable ; Inapplicable ; Inapplicable ; Inapplicable ; Pass      ; Inapplicable ; Inapplicable ; Inapplicable ; Inapplicable ; Inapplicable ; Inapplicable ; Inapplicable ; Pass         ; Inapplicable ; Inapplicable ; Inapplicable ; Inapplicable ; Pass         ; Inapplicable ; Inapplicable ; Inapplicable ; Inapplicable ; Pass         ; Inapplicable ; Pass      ; Pass      ; Pass      ; Inapplicable ; Inapplicable ;
; JUMPMUX_OUT[15]    ; Inapplicable ; Inapplicable ; Inapplicable ; Inapplicable ; Inapplicable ; Pass      ; Inapplicable ; Inapplicable ; Inapplicable ; Inapplicable ; Inapplicable ; Inapplicable ; Inapplicable ; Pass         ; Inapplicable ; Inapplicable ; Inapplicable ; Inapplicable ; Pass         ; Inapplicable ; Inapplicable ; Inapplicable ; Inapplicable ; Pass         ; Inapplicable ; Pass      ; Pass      ; Pass      ; Inapplicable ; Inapplicable ;
; JUMPMUX_OUT[14]    ; Inapplicable ; Inapplicable ; Inapplicable ; Inapplicable ; Inapplicable ; Pass      ; Inapplicable ; Inapplicable ; Inapplicable ; Inapplicable ; Inapplicable ; Inapplicable ; Inapplicable ; Pass         ; Inapplicable ; Inapplicable ; Inapplicable ; Inapplicable ; Pass         ; Inapplicable ; Inapplicable ; Inapplicable ; Inapplicable ; Pass         ; Inapplicable ; Pass      ; Pass      ; Pass      ; Inapplicable ; Inapplicable ;
; JUMPMUX_OUT[13]    ; Inapplicable ; Inapplicable ; Inapplicable ; Inapplicable ; Inapplicable ; Pass      ; Inapplicable ; Inapplicable ; Inapplicable ; Inapplicable ; Inapplicable ; Inapplicable ; Inapplicable ; Pass         ; Inapplicable ; Inapplicable ; Inapplicable ; Inapplicable ; Pass         ; Inapplicable ; Inapplicable ; Inapplicable ; Inapplicable ; Pass         ; Inapplicable ; Pass      ; Pass      ; Pass      ; Inapplicable ; Inapplicable ;
; JUMPMUX_OUT[12]    ; Inapplicable ; Inapplicable ; Inapplicable ; Inapplicable ; Inapplicable ; Pass      ; Inapplicable ; Inapplicable ; Inapplicable ; Inapplicable ; Inapplicable ; Inapplicable ; Inapplicable ; Pass         ; Inapplicable ; Inapplicable ; Inapplicable ; Inapplicable ; Pass         ; Inapplicable ; Inapplicable ; Inapplicable ; Inapplicable ; Pass         ; Inapplicable ; Pass      ; Pass      ; Pass      ; Inapplicable ; Inapplicable ;
; JUMPMUX_OUT[11]    ; Inapplicable ; Inapplicable ; Inapplicable ; Inapplicable ; Inapplicable ; Pass      ; Inapplicable ; Inapplicable ; Inapplicable ; Inapplicable ; Inapplicable ; Inapplicable ; Inapplicable ; Pass         ; Inapplicable ; Inapplicable ; Inapplicable ; Inapplicable ; Pass         ; Inapplicable ; Inapplicable ; Inapplicable ; Inapplicable ; Pass         ; Inapplicable ; Pass      ; Pass      ; Pass      ; Inapplicable ; Inapplicable ;
; JUMPMUX_OUT[10]    ; Inapplicable ; Inapplicable ; Inapplicable ; Inapplicable ; Inapplicable ; Pass      ; Inapplicable ; Inapplicable ; Inapplicable ; Inapplicable ; Inapplicable ; Inapplicable ; Inapplicable ; Pass         ; Inapplicable ; Inapplicable ; Inapplicable ; Inapplicable ; Pass         ; Inapplicable ; Inapplicable ; Inapplicable ; Inapplicable ; Pass         ; Inapplicable ; Pass      ; Pass      ; Pass      ; Inapplicable ; Inapplicable ;
; JUMPMUX_OUT[9]     ; Inapplicable ; Inapplicable ; Inapplicable ; Inapplicable ; Inapplicable ; Pass      ; Inapplicable ; Inapplicable ; Inapplicable ; Inapplicable ; Inapplicable ; Inapplicable ; Inapplicable ; Pass         ; Inapplicable ; Inapplicable ; Inapplicable ; Inapplicable ; Pass         ; Inapplicable ; Inapplicable ; Inapplicable ; Inapplicable ; Pass         ; Inapplicable ; Pass      ; Pass      ; Pass      ; Inapplicable ; Inapplicable ;
; JUMPMUX_OUT[8]     ; Inapplicable ; Inapplicable ; Inapplicable ; Inapplicable ; Inapplicable ; Pass      ; Inapplicable ; Inapplicable ; Inapplicable ; Inapplicable ; Inapplicable ; Inapplicable ; Inapplicable ; Pass         ; Inapplicable ; Inapplicable ; Inapplicable ; Inapplicable ; Pass         ; Inapplicable ; Inapplicable ; Inapplicable ; Inapplicable ; Pass         ; Inapplicable ; Pass      ; Pass      ; Pass      ; Inapplicable ; Inapplicable ;
; JUMPMUX_OUT[7]     ; Inapplicable ; Inapplicable ; Inapplicable ; Inapplicable ; Inapplicable ; Pass      ; Inapplicable ; Inapplicable ; Inapplicable ; Inapplicable ; Inapplicable ; Inapplicable ; Inapplicable ; Pass         ; Inapplicable ; Inapplicable ; Inapplicable ; Inapplicable ; Pass         ; Inapplicable ; Inapplicable ; Inapplicable ; Inapplicable ; Pass         ; Inapplicable ; Pass      ; Pass      ; Pass      ; Inapplicable ; Inapplicable ;
; JUMPMUX_OUT[6]     ; Inapplicable ; Inapplicable ; Inapplicable ; Inapplicable ; Inapplicable ; Pass      ; Inapplicable ; Inapplicable ; Inapplicable ; Inapplicable ; Inapplicable ; Inapplicable ; Inapplicable ; Pass         ; Inapplicable ; Inapplicable ; Inapplicable ; Inapplicable ; Pass         ; Inapplicable ; Inapplicable ; Inapplicable ; Inapplicable ; Pass         ; Inapplicable ; Pass      ; Pass      ; Pass      ; Inapplicable ; Inapplicable ;
; JUMPMUX_OUT[5]     ; Inapplicable ; Inapplicable ; Inapplicable ; Inapplicable ; Inapplicable ; Pass      ; Inapplicable ; Inapplicable ; Inapplicable ; Inapplicable ; Inapplicable ; Inapplicable ; Inapplicable ; Pass         ; Inapplicable ; Inapplicable ; Inapplicable ; Inapplicable ; Pass         ; Inapplicable ; Inapplicable ; Inapplicable ; Inapplicable ; Pass         ; Inapplicable ; Pass      ; Pass      ; Pass      ; Inapplicable ; Inapplicable ;
; JUMPMUX_OUT[4]     ; Inapplicable ; Inapplicable ; Inapplicable ; Inapplicable ; Inapplicable ; Pass      ; Inapplicable ; Inapplicable ; Inapplicable ; Inapplicable ; Inapplicable ; Inapplicable ; Inapplicable ; Pass         ; Inapplicable ; Inapplicable ; Inapplicable ; Inapplicable ; Pass         ; Inapplicable ; Inapplicable ; Inapplicable ; Inapplicable ; Pass         ; Inapplicable ; Pass      ; Pass      ; Pass      ; Inapplicable ; Inapplicable ;
; JUMPMUX_OUT[3]     ; Inapplicable ; Inapplicable ; Inapplicable ; Inapplicable ; Inapplicable ; Pass      ; Inapplicable ; Inapplicable ; Inapplicable ; Inapplicable ; Inapplicable ; Inapplicable ; Inapplicable ; Pass         ; Inapplicable ; Inapplicable ; Inapplicable ; Inapplicable ; Pass         ; Inapplicable ; Inapplicable ; Inapplicable ; Inapplicable ; Pass         ; Inapplicable ; Pass      ; Pass      ; Pass      ; Inapplicable ; Inapplicable ;
; JUMPMUX_OUT[2]     ; Inapplicable ; Inapplicable ; Inapplicable ; Inapplicable ; Inapplicable ; Pass      ; Inapplicable ; Inapplicable ; Inapplicable ; Inapplicable ; Inapplicable ; Inapplicable ; Inapplicable ; Pass         ; Inapplicable ; Inapplicable ; Inapplicable ; Inapplicable ; Pass         ; Inapplicable ; Inapplicable ; Inapplicable ; Inapplicable ; Pass         ; Inapplicable ; Pass      ; Pass      ; Pass      ; Inapplicable ; Inapplicable ;
; JUMPMUX_OUT[1]     ; Inapplicable ; Inapplicable ; Inapplicable ; Inapplicable ; Inapplicable ; Pass      ; Inapplicable ; Inapplicable ; Inapplicable ; Inapplicable ; Inapplicable ; Inapplicable ; Inapplicable ; Pass         ; Inapplicable ; Inapplicable ; Inapplicable ; Inapplicable ; Pass         ; Inapplicable ; Inapplicable ; Inapplicable ; Inapplicable ; Pass         ; Inapplicable ; Pass      ; Pass      ; Pass      ; Inapplicable ; Inapplicable ;
; JUMPMUX_OUT[0]     ; Inapplicable ; Inapplicable ; Inapplicable ; Inapplicable ; Inapplicable ; Pass      ; Inapplicable ; Inapplicable ; Inapplicable ; Inapplicable ; Inapplicable ; Inapplicable ; Inapplicable ; Pass         ; Inapplicable ; Inapplicable ; Inapplicable ; Inapplicable ; Pass         ; Inapplicable ; Inapplicable ; Inapplicable ; Inapplicable ; Pass         ; Inapplicable ; Pass      ; Pass      ; Pass      ; Inapplicable ; Inapplicable ;
; PCP2[15]           ; Inapplicable ; Inapplicable ; Inapplicable ; Inapplicable ; Inapplicable ; Pass      ; Inapplicable ; Inapplicable ; Inapplicable ; Inapplicable ; Inapplicable ; Inapplicable ; Inapplicable ; Pass         ; Inapplicable ; Inapplicable ; Inapplicable ; Inapplicable ; Pass         ; Inapplicable ; Inapplicable ; Inapplicable ; Inapplicable ; Pass         ; Inapplicable ; Pass      ; Pass      ; Pass      ; Inapplicable ; Inapplicable ;
; PCP2[14]           ; Inapplicable ; Inapplicable ; Inapplicable ; Inapplicable ; Inapplicable ; Pass      ; Inapplicable ; Inapplicable ; Inapplicable ; Inapplicable ; Inapplicable ; Inapplicable ; Inapplicable ; Pass         ; Inapplicable ; Inapplicable ; Inapplicable ; Inapplicable ; Pass         ; Inapplicable ; Inapplicable ; Inapplicable ; Inapplicable ; Pass         ; Inapplicable ; Pass      ; Pass      ; Pass      ; Inapplicable ; Inapplicable ;
; PCP2[13]           ; Inapplicable ; Inapplicable ; Inapplicable ; Inapplicable ; Inapplicable ; Pass      ; Inapplicable ; Inapplicable ; Inapplicable ; Inapplicable ; Inapplicable ; Inapplicable ; Inapplicable ; Pass         ; Inapplicable ; Inapplicable ; Inapplicable ; Inapplicable ; Pass         ; Inapplicable ; Inapplicable ; Inapplicable ; Inapplicable ; Pass         ; Inapplicable ; Pass      ; Pass      ; Pass      ; Inapplicable ; Inapplicable ;
; PCP2[12]           ; Inapplicable ; Inapplicable ; Inapplicable ; Inapplicable ; Inapplicable ; Pass      ; Inapplicable ; Inapplicable ; Inapplicable ; Inapplicable ; Inapplicable ; Inapplicable ; Inapplicable ; Pass         ; Inapplicable ; Inapplicable ; Inapplicable ; Inapplicable ; Pass         ; Inapplicable ; Inapplicable ; Inapplicable ; Inapplicable ; Pass         ; Inapplicable ; Pass      ; Pass      ; Pass      ; Inapplicable ; Inapplicable ;
; PCP2[11]           ; Inapplicable ; Inapplicable ; Inapplicable ; Inapplicable ; Inapplicable ; Pass      ; Inapplicable ; Inapplicable ; Inapplicable ; Inapplicable ; Inapplicable ; Inapplicable ; Inapplicable ; Pass         ; Inapplicable ; Inapplicable ; Inapplicable ; Inapplicable ; Pass         ; Inapplicable ; Inapplicable ; Inapplicable ; Inapplicable ; Pass         ; Inapplicable ; Pass      ; Pass      ; Pass      ; Inapplicable ; Inapplicable ;
; PCP2[10]           ; Inapplicable ; Inapplicable ; Inapplicable ; Inapplicable ; Inapplicable ; Pass      ; Inapplicable ; Inapplicable ; Inapplicable ; Inapplicable ; Inapplicable ; Inapplicable ; Inapplicable ; Pass         ; Inapplicable ; Inapplicable ; Inapplicable ; Inapplicable ; Pass         ; Inapplicable ; Inapplicable ; Inapplicable ; Inapplicable ; Pass         ; Inapplicable ; Pass      ; Pass      ; Pass      ; Inapplicable ; Inapplicable ;
; PCP2[9]            ; Inapplicable ; Inapplicable ; Inapplicable ; Inapplicable ; Inapplicable ; Pass      ; Inapplicable ; Inapplicable ; Inapplicable ; Inapplicable ; Inapplicable ; Inapplicable ; Inapplicable ; Pass         ; Inapplicable ; Inapplicable ; Inapplicable ; Inapplicable ; Pass         ; Inapplicable ; Inapplicable ; Inapplicable ; Inapplicable ; Pass         ; Inapplicable ; Pass      ; Pass      ; Pass      ; Inapplicable ; Inapplicable ;
; PCP2[8]            ; Inapplicable ; Inapplicable ; Inapplicable ; Inapplicable ; Inapplicable ; Pass      ; Inapplicable ; Inapplicable ; Inapplicable ; Inapplicable ; Inapplicable ; Inapplicable ; Inapplicable ; Pass         ; Inapplicable ; Inapplicable ; Inapplicable ; Inapplicable ; Pass         ; Inapplicable ; Inapplicable ; Inapplicable ; Inapplicable ; Pass         ; Inapplicable ; Pass      ; Pass      ; Pass      ; Inapplicable ; Inapplicable ;
; PCP2[7]            ; Inapplicable ; Inapplicable ; Inapplicable ; Inapplicable ; Inapplicable ; Pass      ; Inapplicable ; Inapplicable ; Inapplicable ; Inapplicable ; Inapplicable ; Inapplicable ; Inapplicable ; Pass         ; Inapplicable ; Inapplicable ; Inapplicable ; Inapplicable ; Pass         ; Inapplicable ; Inapplicable ; Inapplicable ; Inapplicable ; Pass         ; Inapplicable ; Pass      ; Pass      ; Pass      ; Inapplicable ; Inapplicable ;
; PCP2[6]            ; Inapplicable ; Inapplicable ; Inapplicable ; Inapplicable ; Inapplicable ; Pass      ; Inapplicable ; Inapplicable ; Inapplicable ; Inapplicable ; Inapplicable ; Inapplicable ; Inapplicable ; Pass         ; Inapplicable ; Inapplicable ; Inapplicable ; Inapplicable ; Pass         ; Inapplicable ; Inapplicable ; Inapplicable ; Inapplicable ; Pass         ; Inapplicable ; Pass      ; Pass      ; Pass      ; Inapplicable ; Inapplicable ;
; PCP2[5]            ; Inapplicable ; Inapplicable ; Inapplicable ; Inapplicable ; Inapplicable ; Pass      ; Inapplicable ; Inapplicable ; Inapplicable ; Inapplicable ; Inapplicable ; Inapplicable ; Inapplicable ; Pass         ; Inapplicable ; Inapplicable ; Inapplicable ; Inapplicable ; Pass         ; Inapplicable ; Inapplicable ; Inapplicable ; Inapplicable ; Pass         ; Inapplicable ; Pass      ; Pass      ; Pass      ; Inapplicable ; Inapplicable ;
; PCP2[4]            ; Inapplicable ; Inapplicable ; Inapplicable ; Inapplicable ; Inapplicable ; Pass      ; Inapplicable ; Inapplicable ; Inapplicable ; Inapplicable ; Inapplicable ; Inapplicable ; Inapplicable ; Pass         ; Inapplicable ; Inapplicable ; Inapplicable ; Inapplicable ; Pass         ; Inapplicable ; Inapplicable ; Inapplicable ; Inapplicable ; Pass         ; Inapplicable ; Pass      ; Pass      ; Pass      ; Inapplicable ; Inapplicable ;
; PCP2[3]            ; Inapplicable ; Inapplicable ; Inapplicable ; Inapplicable ; Inapplicable ; Pass      ; Inapplicable ; Inapplicable ; Inapplicable ; Inapplicable ; Inapplicable ; Inapplicable ; Inapplicable ; Pass         ; Inapplicable ; Inapplicable ; Inapplicable ; Inapplicable ; Pass         ; Inapplicable ; Inapplicable ; Inapplicable ; Inapplicable ; Pass         ; Inapplicable ; Pass      ; Pass      ; Pass      ; Inapplicable ; Inapplicable ;
; PCP2[2]            ; Inapplicable ; Inapplicable ; Inapplicable ; Inapplicable ; Inapplicable ; Pass      ; Inapplicable ; Inapplicable ; Inapplicable ; Inapplicable ; Inapplicable ; Inapplicable ; Inapplicable ; Pass         ; Inapplicable ; Inapplicable ; Inapplicable ; Inapplicable ; Pass         ; Inapplicable ; Inapplicable ; Inapplicable ; Inapplicable ; Pass         ; Inapplicable ; Pass      ; Pass      ; Pass      ; Inapplicable ; Inapplicable ;
; PCP2[1]            ; Inapplicable ; Inapplicable ; Inapplicable ; Inapplicable ; Inapplicable ; Pass      ; Inapplicable ; Inapplicable ; Inapplicable ; Inapplicable ; Inapplicable ; Inapplicable ; Inapplicable ; Pass         ; Inapplicable ; Inapplicable ; Inapplicable ; Inapplicable ; Pass         ; Inapplicable ; Inapplicable ; Inapplicable ; Inapplicable ; Pass         ; Inapplicable ; Pass      ; Pass      ; Pass      ; Inapplicable ; Inapplicable ;
; PCP2[0]            ; Inapplicable ; Inapplicable ; Inapplicable ; Inapplicable ; Inapplicable ; Pass      ; Inapplicable ; Inapplicable ; Inapplicable ; Inapplicable ; Inapplicable ; Inapplicable ; Inapplicable ; Pass         ; Inapplicable ; Inapplicable ; Inapplicable ; Inapplicable ; Pass         ; Inapplicable ; Inapplicable ; Inapplicable ; Inapplicable ; Pass         ; Inapplicable ; Pass      ; Pass      ; Pass      ; Inapplicable ; Inapplicable ;
; OPCODE[1]          ; Inapplicable ; Inapplicable ; Inapplicable ; Inapplicable ; Inapplicable ; Pass      ; Inapplicable ; Inapplicable ; Inapplicable ; Inapplicable ; Inapplicable ; Inapplicable ; Inapplicable ; Inapplicable ; Inapplicable ; Inapplicable ; Inapplicable ; Pass         ; Inapplicable ; Inapplicable ; Pass         ; Inapplicable ; Inapplicable ; Inapplicable ; Inapplicable ; Pass      ; Pass      ; Pass      ; Inapplicable ; Inapplicable ;
; OPCODE[2]          ; Inapplicable ; Inapplicable ; Inapplicable ; Inapplicable ; Inapplicable ; Pass      ; Inapplicable ; Inapplicable ; Inapplicable ; Inapplicable ; Inapplicable ; Inapplicable ; Inapplicable ; Inapplicable ; Inapplicable ; Inapplicable ; Inapplicable ; Pass         ; Inapplicable ; Inapplicable ; Pass         ; Inapplicable ; Inapplicable ; Inapplicable ; Inapplicable ; Pass      ; Pass      ; Pass      ; Inapplicable ; Inapplicable ;
; OPCODE[3]          ; Inapplicable ; Inapplicable ; Inapplicable ; Inapplicable ; Inapplicable ; Pass      ; Inapplicable ; Inapplicable ; Inapplicable ; Inapplicable ; Inapplicable ; Inapplicable ; Inapplicable ; Inapplicable ; Inapplicable ; Inapplicable ; Inapplicable ; Pass         ; Inapplicable ; Inapplicable ; Pass         ; Inapplicable ; Inapplicable ; Inapplicable ; Inapplicable ; Pass      ; Pass      ; Pass      ; Inapplicable ; Inapplicable ;
; OPCODE[0]          ; Inapplicable ; Inapplicable ; Inapplicable ; Inapplicable ; Inapplicable ; Pass      ; Inapplicable ; Inapplicable ; Inapplicable ; Inapplicable ; Inapplicable ; Inapplicable ; Inapplicable ; Inapplicable ; Inapplicable ; Inapplicable ; Inapplicable ; Pass         ; Inapplicable ; Inapplicable ; Pass         ; Inapplicable ; Inapplicable ; Inapplicable ; Inapplicable ; Pass      ; Pass      ; Pass      ; Inapplicable ; Inapplicable ;
; RST                ; Inapplicable ; Inapplicable ; Inapplicable ; Inapplicable ; Inapplicable ; Pass      ; Inapplicable ; Inapplicable ; Inapplicable ; Inapplicable ; Inapplicable ; Inapplicable ; Inapplicable ; Inapplicable ; Inapplicable ; Inapplicable ; Inapplicable ; Pass         ; Inapplicable ; Inapplicable ; Pass         ; Inapplicable ; Inapplicable ; Inapplicable ; Inapplicable ; Pass      ; Pass      ; Pass      ; Inapplicable ; Inapplicable ;
; CLK                ; Inapplicable ; Inapplicable ; Inapplicable ; Inapplicable ; Inapplicable ; Pass      ; Inapplicable ; Inapplicable ; Inapplicable ; Inapplicable ; Inapplicable ; Inapplicable ; Inapplicable ; Inapplicable ; Inapplicable ; Inapplicable ; Inapplicable ; Pass         ; Inapplicable ; Inapplicable ; Pass         ; Inapplicable ; Inapplicable ; Inapplicable ; Inapplicable ; Pass      ; Pass      ; Pass      ; Inapplicable ; Inapplicable ;
; EN                 ; Inapplicable ; Inapplicable ; Inapplicable ; Inapplicable ; Inapplicable ; Pass      ; Inapplicable ; Inapplicable ; Inapplicable ; Inapplicable ; Inapplicable ; Inapplicable ; Inapplicable ; Inapplicable ; Inapplicable ; Inapplicable ; Inapplicable ; Pass         ; Inapplicable ; Inapplicable ; Pass         ; Inapplicable ; Inapplicable ; Inapplicable ; Inapplicable ; Pass      ; Pass      ; Pass      ; Inapplicable ; Inapplicable ;
+--------------------+--------------+--------------+--------------+--------------+--------------+-----------+--------------+--------------+--------------+--------------+--------------+--------------+--------------+--------------+--------------+--------------+--------------+--------------+--------------+--------------+--------------+--------------+--------------+--------------+--------------+-----------+-----------+-----------+--------------+--------------+


+---------------------------------------------------------------------------------------------+
; Fitter Device Options                                                                       ;
+------------------------------------------------------------------+--------------------------+
; Option                                                           ; Setting                  ;
+------------------------------------------------------------------+--------------------------+
; Enable user-supplied start-up clock (CLKUSR)                     ; Off                      ;
; Enable device-wide reset (DEV_CLRn)                              ; Off                      ;
; Enable device-wide output enable (DEV_OE)                        ; Off                      ;
; Enable INIT_DONE output                                          ; Off                      ;
; Configuration scheme                                             ; Active Serial            ;
; Error detection CRC                                              ; Off                      ;
; Enable open drain on CRC_ERROR pin                               ; Off                      ;
; Enable input tri-state on active configuration pins in user mode ; Off                      ;
; Configuration Voltage Level                                      ; Auto                     ;
; Force Configuration Voltage Level                                ; Off                      ;
; nCEO                                                             ; As output driving ground ;
; Data[0]                                                          ; As input tri-stated      ;
; Data[1]/ASDO                                                     ; As input tri-stated      ;
; Data[7..2]                                                       ; Unreserved               ;
; FLASH_nCE/nCSO                                                   ; As input tri-stated      ;
; Other Active Parallel pins                                       ; Unreserved               ;
; DCLK                                                             ; As output driving ground ;
+------------------------------------------------------------------+--------------------------+


+------------------------------------+
; Operating Settings and Conditions  ;
+---------------------------+--------+
; Setting                   ; Value  ;
+---------------------------+--------+
; Nominal Core Voltage      ; 1.20 V ;
; Low Junction Temperature  ; 0 °C   ;
; High Junction Temperature ; 85 °C  ;
+---------------------------+--------+


+-----------------+
; Fitter Messages ;
+-----------------+
Warning (18236): Number of processors has not been specified which may cause overloading on shared machines.  Set the global assignment NUM_PARALLEL_PROCESSORS in your QSF to an appropriate value for best performance.
Info (20030): Parallel compilation is enabled and will use 16 of the 16 processors detected
Info (119006): Selected device EP4CE115F29C7 for design "Lab8"
Info (21077): Low junction temperature is 0 degrees C
Info (21077): High junction temperature is 85 degrees C
Info (171003): Fitter is performing an Auto Fit compilation, which may decrease Fitter effort to reduce compilation time
Warning (292013): Feature LogicLock is only available with a valid subscription license. You can purchase a software subscription to gain full access to this feature.
Info (176444): Device migration not selected. If you intend to use device migration later, you may need to change the pin assignments as they may be incompatible with other devices
    Info (176445): Device EP4CE40F29C7 is compatible
    Info (176445): Device EP4CE40F29I7 is compatible
    Info (176445): Device EP4CE30F29C7 is compatible
    Info (176445): Device EP4CE30F29I7 is compatible
    Info (176445): Device EP4CE55F29C7 is compatible
    Info (176445): Device EP4CE55F29I7 is compatible
    Info (176445): Device EP4CE75F29C7 is compatible
    Info (176445): Device EP4CE75F29I7 is compatible
    Info (176445): Device EP4CE115F29I7 is compatible
Info (169124): Fitter converted 5 user pins into dedicated programming pins
    Info (169125): Pin ~ALTERA_ASDO_DATA1~ is reserved at location F4
    Info (169125): Pin ~ALTERA_FLASH_nCE_nCSO~ is reserved at location E2
    Info (169125): Pin ~ALTERA_DCLK~ is reserved at location P3
    Info (169125): Pin ~ALTERA_DATA0~ is reserved at location N7
    Info (169125): Pin ~ALTERA_nCEO~ is reserved at location P28
Warning (15714): Some pins have incomplete I/O assignments. Refer to the I/O Assignment Warnings report for details
Critical Warning (169085): No exact pin location assignment(s) for 97 pins of 97 total pins. For the list of pins please refer to the I/O Assignment Warnings table in the fitter report.
Critical Warning (332012): Synopsys Design Constraints File file not found: 'Lab8.sdc'. A Synopsys Design Constraints File is required by the Timing Analyzer to get proper timing constraints. Without it, the Compiler will not properly optimize the design.
Info (332144): No user constrained base clocks found in the design
Info (332143): No user constrained clock uncertainty found in the design. Calling "derive_clock_uncertainty"
Info (332154): The derive_clock_uncertainty command did not apply clock uncertainty to any clock-to-clock transfers.
Info (332130): Timing requirements not specified -- quality metrics such as performance may be sacrificed to reduce compilation time.
Info (176353): Automatically promoted node CLK~input (placed in PIN J1 (CLK1, DIFFCLK_0n))
    Info (176355): Automatically promoted destinations to use location or clock signal Global Clock CLKCTRL_G2
Info (176233): Starting register packing
Info (176235): Finished register packing
    Extra Info (176219): No registers were packed into other blocks
Info (176214): Statistics of I/O pins that need to be placed that use the same VCCIO and VREF, before I/O pin placement
    Info (176211): Number of I/O pins in group: 96 (unused VREF, 2.5V VCCIO, 6 input, 90 output, 0 bidirectional)
        Info (176212): I/O standards used: 2.5 V.
Info (176215): I/O bank details before I/O pin placement
    Info (176214): Statistics of I/O banks
        Info (176213): I/O bank number 1 does not use VREF pins and has undetermined VCCIO pins. 5 total pin(s) used --  51 pins available
        Info (176213): I/O bank number 2 does not use VREF pins and has undetermined VCCIO pins. 0 total pin(s) used --  63 pins available
        Info (176213): I/O bank number 3 does not use VREF pins and has undetermined VCCIO pins. 0 total pin(s) used --  73 pins available
        Info (176213): I/O bank number 4 does not use VREF pins and has undetermined VCCIO pins. 0 total pin(s) used --  71 pins available
        Info (176213): I/O bank number 5 does not use VREF pins and has undetermined VCCIO pins. 0 total pin(s) used --  65 pins available
        Info (176213): I/O bank number 6 does not use VREF pins and has undetermined VCCIO pins. 1 total pin(s) used --  57 pins available
        Info (176213): I/O bank number 7 does not use VREF pins and has undetermined VCCIO pins. 0 total pin(s) used --  72 pins available
        Info (176213): I/O bank number 8 does not use VREF pins and has undetermined VCCIO pins. 0 total pin(s) used --  71 pins available
Info (171121): Fitter preparation operations ending: elapsed time is 00:00:00
Info (14896): Fitter has disabled Advanced Physical Optimization because it is not supported for the current family.
Info (170189): Fitter placement preparation operations beginning
Info (170190): Fitter placement preparation operations ending: elapsed time is 00:00:00
Info (170191): Fitter placement operations beginning
Info (170137): Fitter placement was successful
Info (170192): Fitter placement operations ending: elapsed time is 00:00:04
Info (170193): Fitter routing operations beginning
Info (170195): Router estimated average interconnect usage is 0% of the available device resources
    Info (170196): Router estimated peak interconnect usage is 1% of the available device resources in the region that extends from location X104_Y49 to location X115_Y60
Info (170199): The Fitter performed an Auto Fit compilation.  Optimizations were skipped to reduce compilation time.
    Info (170201): Optimizations that may affect the design's routability were skipped
Info (170194): Fitter routing operations ending: elapsed time is 00:00:01
Info (11888): Total time spent on timing analysis during the Fitter is 0.07 seconds.
Info (334003): Started post-fitting delay annotation
Info (334004): Delay annotation completed successfully
Info (334003): Started post-fitting delay annotation
Info (334004): Delay annotation completed successfully
Info (11218): Fitter post-fit operations ending: elapsed time is 00:00:00
Info (144001): Generated suppressed messages file /home/ashinashell/class-coding/EE443_Labs/Lab_8/output_files/Lab8.fit.smsg
Info: Quartus Prime Fitter was successful. 0 errors, 5 warnings
    Info: Peak virtual memory: 2135 megabytes
    Info: Processing ended: Fri Apr 24 23:30:30 2026
    Info: Elapsed time: 00:00:10
    Info: Total CPU time (on all processors): 00:00:21


+----------------------------+
; Fitter Suppressed Messages ;
+----------------------------+
The suppressed messages can be found in /home/ashinashell/class-coding/EE443_Labs/Lab_8/output_files/Lab8.fit.smsg.


