Timing Analyzer report for Lab8
Fri Apr 24 23:30:35 2026
Quartus Prime Version 23.1std.1 Build 993 05/14/2024 SC Lite Edition


---------------------
; Table of Contents ;
---------------------
  1. Legal Notice
  2. Timing Analyzer Summary
  3. Parallel Compilation
  4. Clocks
  5. Slow 1200mV 85C Model Fmax Summary
  6. Timing Closure Recommendations
  7. Slow 1200mV 85C Model Setup Summary
  8. Slow 1200mV 85C Model Hold Summary
  9. Slow 1200mV 85C Model Recovery Summary
 10. Slow 1200mV 85C Model Removal Summary
 11. Slow 1200mV 85C Model Minimum Pulse Width Summary
 12. Slow 1200mV 85C Model Setup: 'CLK'
 13. Slow 1200mV 85C Model Hold: 'CLK'
 14. Slow 1200mV 85C Model Metastability Summary
 15. Slow 1200mV 0C Model Fmax Summary
 16. Slow 1200mV 0C Model Setup Summary
 17. Slow 1200mV 0C Model Hold Summary
 18. Slow 1200mV 0C Model Recovery Summary
 19. Slow 1200mV 0C Model Removal Summary
 20. Slow 1200mV 0C Model Minimum Pulse Width Summary
 21. Slow 1200mV 0C Model Setup: 'CLK'
 22. Slow 1200mV 0C Model Hold: 'CLK'
 23. Slow 1200mV 0C Model Metastability Summary
 24. Fast 1200mV 0C Model Setup Summary
 25. Fast 1200mV 0C Model Hold Summary
 26. Fast 1200mV 0C Model Recovery Summary
 27. Fast 1200mV 0C Model Removal Summary
 28. Fast 1200mV 0C Model Minimum Pulse Width Summary
 29. Fast 1200mV 0C Model Setup: 'CLK'
 30. Fast 1200mV 0C Model Hold: 'CLK'
 31. Fast 1200mV 0C Model Metastability Summary
 32. Multicorner Timing Analysis Summary
 33. Board Trace Model Assignments
 34. Input Transition Times
 35. Signal Integrity Metrics (Slow 1200mv 0c Model)
 36. Signal Integrity Metrics (Slow 1200mv 85c Model)
 37. Signal Integrity Metrics (Fast 1200mv 0c Model)
 38. Setup Transfers
 39. Hold Transfers
 40. Report TCCS
 41. Report RSKM
 42. Unconstrained Paths Summary
 43. Clock Status Summary
 44. Unconstrained Input Ports
 45. Unconstrained Output Ports
 46. Unconstrained Input Ports
 47. Unconstrained Output Ports
 48. Timing Analyzer Messages



----------------
; Legal Notice ;
----------------
Copyright (C) 2024  Intel Corporation. All rights reserved.
Your use of Intel Corporation's design tools, logic functions 
and other software and tools, and any partner logic 
functions, and any output files from any of the foregoing 
(including device programming or simulation files), and any 
associated documentation or information are expressly subject 
to the terms and conditions of the Intel Program License 
Subscription Agreement, the Intel Quartus Prime License Agreement,
the Intel FPGA IP License Agreement, or other applicable license
agreement, including, without limitation, that your use is for
the sole purpose of programming logic devices manufactured by
Intel and sold by Intel or its authorized distributors.  Please
refer to the applicable agreement for further details, at
https://fpgasoftware.intel.com/eula.



+--------------------------------------------------------------------------------+
; Timing Analyzer Summary                                                        ;
+-----------------------+--------------------------------------------------------+
; Quartus Prime Version ; Version 23.1std.1 Build 993 05/14/2024 SC Lite Edition ;
; Timing Analyzer       ; Legacy Timing Analyzer                                 ;
; Revision Name         ; Lab8                                                   ;
; Device Family         ; Cyclone IV E                                           ;
; Device Name           ; EP4CE115F29C7                                          ;
; Timing Models         ; Final                                                  ;
; Delay Model           ; Combined                                               ;
; Rise/Fall Delays      ; Enabled                                                ;
+-----------------------+--------------------------------------------------------+


+------------------------------------------+
; Parallel Compilation                     ;
+----------------------------+-------------+
; Processors                 ; Number      ;
+----------------------------+-------------+
; Number detected on machine ; 16          ;
; Maximum allowed            ; 16          ;
;                            ;             ;
; Average used               ; 1.10        ;
; Maximum used               ; 16          ;
;                            ;             ;
; Usage by Processor         ; % Time Used ;
;     Processor 1            ; 100.0%      ;
;     Processor 2            ;   0.7%      ;
;     Processors 3-16        ;   0.7%      ;
+----------------------------+-------------+


+---------------------------------------------------------------------------------------------------------------------------------------------------------------------------------+
; Clocks                                                                                                                                                                          ;
+------------+------+--------+------------+-------+-------+------------+-----------+-------------+-------+--------+-----------+------------+----------+--------+--------+---------+
; Clock Name ; Type ; Period ; Frequency  ; Rise  ; Fall  ; Duty Cycle ; Divide by ; Multiply by ; Phase ; Offset ; Edge List ; Edge Shift ; Inverted ; Master ; Source ; Targets ;
+------------+------+--------+------------+-------+-------+------------+-----------+-------------+-------+--------+-----------+------------+----------+--------+--------+---------+
; CLK        ; Base ; 1.000  ; 1000.0 MHz ; 0.000 ; 0.500 ;            ;           ;             ;       ;        ;           ;            ;          ;        ;        ; { CLK } ;
+------------+------+--------+------------+-------+-------+------------+-----------+-------------+-------+--------+-----------+------------+----------+--------+--------+---------+


+-------------------------------------------------+
; Slow 1200mV 85C Model Fmax Summary              ;
+-----------+-----------------+------------+------+
; Fmax      ; Restricted Fmax ; Clock Name ; Note ;
+-----------+-----------------+------------+------+
; 133.0 MHz ; 133.0 MHz       ; CLK        ;      ;
+-----------+-----------------+------------+------+
This panel reports FMAX for every clock in the design, regardless of the user-specified clock periods.  FMAX is only computed for paths where the source and destination registers or ports are driven by the same clock.  Paths of different clocks, including generated clocks, are ignored.  For paths between a clock and its inversion, FMAX is computed as if the rising and falling edges are scaled along with FMAX, such that the duty cycle (in terms of a percentage) is maintained. Altera recommends that you always use clock constraints and other slack reports for sign-off analysis.


----------------------------------
; Timing Closure Recommendations ;
----------------------------------
HTML report is unavailable in plain text report export.


+-------------------------------------+
; Slow 1200mV 85C Model Setup Summary ;
+-------+--------+--------------------+
; Clock ; Slack  ; End Point TNS      ;
+-------+--------+--------------------+
; CLK   ; -6.519 ; -84.690            ;
+-------+--------+--------------------+


+------------------------------------+
; Slow 1200mV 85C Model Hold Summary ;
+-------+-------+--------------------+
; Clock ; Slack ; End Point TNS      ;
+-------+-------+--------------------+
; CLK   ; 1.122 ; 0.000              ;
+-------+-------+--------------------+


------------------------------------------
; Slow 1200mV 85C Model Recovery Summary ;
------------------------------------------
No paths to report.


-----------------------------------------
; Slow 1200mV 85C Model Removal Summary ;
-----------------------------------------
No paths to report.


+---------------------------------------------------+
; Slow 1200mV 85C Model Minimum Pulse Width Summary ;
+-------+--------+----------------------------------+
; Clock ; Slack  ; End Point TNS                    ;
+-------+--------+----------------------------------+
; CLK   ; -3.000 ; -23.560                          ;
+-------+--------+----------------------------------+


+------------------------------------------------------------------------------------------------------------------------------------------------------+
; Slow 1200mV 85C Model Setup: 'CLK'                                                                                                                   ;
+--------+-----------------------------------+-----------------------------------+--------------+-------------+--------------+------------+------------+
; Slack  ; From Node                         ; To Node                           ; Launch Clock ; Latch Clock ; Relationship ; Clock Skew ; Data Delay ;
+--------+-----------------------------------+-----------------------------------+--------------+-------------+--------------+------------+------------+
; -6.519 ; PC:inst|REG16:reg|REG8:reg_1|y[7] ; PC:inst|REG16:reg|REG8:reg_2|y[5] ; CLK          ; CLK         ; 1.000        ; -0.078     ; 7.439      ;
; -6.515 ; PC:inst|REG16:reg|REG8:reg_1|y[6] ; PC:inst|REG16:reg|REG8:reg_2|y[5] ; CLK          ; CLK         ; 1.000        ; -0.078     ; 7.435      ;
; -6.480 ; PC:inst|REG16:reg|REG8:reg_2|y[5] ; PC:inst|REG16:reg|REG8:reg_2|y[5] ; CLK          ; CLK         ; 1.000        ; -0.079     ; 7.399      ;
; -6.467 ; PC:inst|REG16:reg|REG8:reg_1|y[7] ; PC:inst|REG16:reg|REG8:reg_2|y[7] ; CLK          ; CLK         ; 1.000        ; 0.335      ; 7.800      ;
; -6.465 ; PC:inst|REG16:reg|REG8:reg_1|y[7] ; PC:inst|REG16:reg|REG8:reg_2|y[6] ; CLK          ; CLK         ; 1.000        ; 0.335      ; 7.798      ;
; -6.463 ; PC:inst|REG16:reg|REG8:reg_1|y[6] ; PC:inst|REG16:reg|REG8:reg_2|y[7] ; CLK          ; CLK         ; 1.000        ; 0.335      ; 7.796      ;
; -6.461 ; PC:inst|REG16:reg|REG8:reg_1|y[6] ; PC:inst|REG16:reg|REG8:reg_2|y[6] ; CLK          ; CLK         ; 1.000        ; 0.335      ; 7.794      ;
; -6.458 ; PC:inst|REG16:reg|REG8:reg_1|y[6] ; PC:inst|REG16:reg|REG8:reg_2|y[4] ; CLK          ; CLK         ; 1.000        ; -0.077     ; 7.379      ;
; -6.455 ; PC:inst|REG16:reg|REG8:reg_1|y[7] ; PC:inst|REG16:reg|REG8:reg_2|y[4] ; CLK          ; CLK         ; 1.000        ; -0.077     ; 7.376      ;
; -6.428 ; PC:inst|REG16:reg|REG8:reg_2|y[5] ; PC:inst|REG16:reg|REG8:reg_2|y[7] ; CLK          ; CLK         ; 1.000        ; 0.334      ; 7.760      ;
; -6.426 ; PC:inst|REG16:reg|REG8:reg_2|y[5] ; PC:inst|REG16:reg|REG8:reg_2|y[6] ; CLK          ; CLK         ; 1.000        ; 0.334      ; 7.758      ;
; -6.411 ; PC:inst|REG16:reg|REG8:reg_2|y[5] ; PC:inst|REG16:reg|REG8:reg_2|y[4] ; CLK          ; CLK         ; 1.000        ; -0.078     ; 7.331      ;
; -6.401 ; PC:inst|REG16:reg|REG8:reg_1|y[3] ; PC:inst|REG16:reg|REG8:reg_2|y[5] ; CLK          ; CLK         ; 1.000        ; -0.080     ; 7.319      ;
; -6.357 ; PC:inst|REG16:reg|REG8:reg_1|y[3] ; PC:inst|REG16:reg|REG8:reg_2|y[4] ; CLK          ; CLK         ; 1.000        ; -0.079     ; 7.276      ;
; -6.354 ; PC:inst|REG16:reg|REG8:reg_2|y[7] ; PC:inst|REG16:reg|REG8:reg_2|y[5] ; CLK          ; CLK         ; 1.000        ; -0.509     ; 6.843      ;
; -6.349 ; PC:inst|REG16:reg|REG8:reg_2|y[6] ; PC:inst|REG16:reg|REG8:reg_2|y[5] ; CLK          ; CLK         ; 1.000        ; -0.509     ; 6.838      ;
; -6.342 ; PC:inst|REG16:reg|REG8:reg_1|y[3] ; PC:inst|REG16:reg|REG8:reg_2|y[7] ; CLK          ; CLK         ; 1.000        ; 0.333      ; 7.673      ;
; -6.341 ; PC:inst|REG16:reg|REG8:reg_1|y[3] ; PC:inst|REG16:reg|REG8:reg_2|y[6] ; CLK          ; CLK         ; 1.000        ; 0.333      ; 7.672      ;
; -6.340 ; PC:inst|REG16:reg|REG8:reg_1|y[4] ; PC:inst|REG16:reg|REG8:reg_2|y[5] ; CLK          ; CLK         ; 1.000        ; -0.080     ; 7.258      ;
; -6.328 ; PC:inst|REG16:reg|REG8:reg_2|y[1] ; PC:inst|REG16:reg|REG8:reg_2|y[5] ; CLK          ; CLK         ; 1.000        ; -0.078     ; 7.248      ;
; -6.302 ; PC:inst|REG16:reg|REG8:reg_2|y[7] ; PC:inst|REG16:reg|REG8:reg_2|y[7] ; CLK          ; CLK         ; 1.000        ; -0.096     ; 7.204      ;
; -6.300 ; PC:inst|REG16:reg|REG8:reg_2|y[7] ; PC:inst|REG16:reg|REG8:reg_2|y[6] ; CLK          ; CLK         ; 1.000        ; -0.096     ; 7.202      ;
; -6.297 ; PC:inst|REG16:reg|REG8:reg_2|y[6] ; PC:inst|REG16:reg|REG8:reg_2|y[7] ; CLK          ; CLK         ; 1.000        ; -0.096     ; 7.199      ;
; -6.295 ; PC:inst|REG16:reg|REG8:reg_2|y[6] ; PC:inst|REG16:reg|REG8:reg_2|y[6] ; CLK          ; CLK         ; 1.000        ; -0.096     ; 7.197      ;
; -6.289 ; PC:inst|REG16:reg|REG8:reg_2|y[4] ; PC:inst|REG16:reg|REG8:reg_2|y[5] ; CLK          ; CLK         ; 1.000        ; -0.080     ; 7.207      ;
; -6.288 ; PC:inst|REG16:reg|REG8:reg_1|y[4] ; PC:inst|REG16:reg|REG8:reg_2|y[7] ; CLK          ; CLK         ; 1.000        ; 0.333      ; 7.619      ;
; -6.286 ; PC:inst|REG16:reg|REG8:reg_1|y[4] ; PC:inst|REG16:reg|REG8:reg_2|y[6] ; CLK          ; CLK         ; 1.000        ; 0.333      ; 7.617      ;
; -6.285 ; PC:inst|REG16:reg|REG8:reg_2|y[7] ; PC:inst|REG16:reg|REG8:reg_2|y[4] ; CLK          ; CLK         ; 1.000        ; -0.508     ; 6.775      ;
; -6.282 ; PC:inst|REG16:reg|REG8:reg_2|y[3] ; PC:inst|REG16:reg|REG8:reg_2|y[5] ; CLK          ; CLK         ; 1.000        ; -0.079     ; 7.201      ;
; -6.280 ; PC:inst|REG16:reg|REG8:reg_2|y[6] ; PC:inst|REG16:reg|REG8:reg_2|y[4] ; CLK          ; CLK         ; 1.000        ; -0.508     ; 6.770      ;
; -6.276 ; PC:inst|REG16:reg|REG8:reg_2|y[1] ; PC:inst|REG16:reg|REG8:reg_2|y[7] ; CLK          ; CLK         ; 1.000        ; 0.335      ; 7.609      ;
; -6.274 ; PC:inst|REG16:reg|REG8:reg_2|y[1] ; PC:inst|REG16:reg|REG8:reg_2|y[6] ; CLK          ; CLK         ; 1.000        ; 0.335      ; 7.607      ;
; -6.271 ; PC:inst|REG16:reg|REG8:reg_1|y[4] ; PC:inst|REG16:reg|REG8:reg_2|y[4] ; CLK          ; CLK         ; 1.000        ; -0.079     ; 7.190      ;
; -6.267 ; PC:inst|REG16:reg|REG8:reg_2|y[1] ; PC:inst|REG16:reg|REG8:reg_2|y[4] ; CLK          ; CLK         ; 1.000        ; -0.077     ; 7.188      ;
; -6.237 ; PC:inst|REG16:reg|REG8:reg_2|y[4] ; PC:inst|REG16:reg|REG8:reg_2|y[7] ; CLK          ; CLK         ; 1.000        ; 0.333      ; 7.568      ;
; -6.235 ; PC:inst|REG16:reg|REG8:reg_2|y[4] ; PC:inst|REG16:reg|REG8:reg_2|y[6] ; CLK          ; CLK         ; 1.000        ; 0.333      ; 7.566      ;
; -6.230 ; PC:inst|REG16:reg|REG8:reg_2|y[3] ; PC:inst|REG16:reg|REG8:reg_2|y[7] ; CLK          ; CLK         ; 1.000        ; 0.334      ; 7.562      ;
; -6.228 ; PC:inst|REG16:reg|REG8:reg_2|y[3] ; PC:inst|REG16:reg|REG8:reg_2|y[6] ; CLK          ; CLK         ; 1.000        ; 0.334      ; 7.560      ;
; -6.220 ; PC:inst|REG16:reg|REG8:reg_2|y[4] ; PC:inst|REG16:reg|REG8:reg_2|y[4] ; CLK          ; CLK         ; 1.000        ; -0.079     ; 7.139      ;
; -6.213 ; PC:inst|REG16:reg|REG8:reg_2|y[3] ; PC:inst|REG16:reg|REG8:reg_2|y[4] ; CLK          ; CLK         ; 1.000        ; -0.078     ; 7.133      ;
; -6.200 ; PC:inst|REG16:reg|REG8:reg_1|y[5] ; PC:inst|REG16:reg|REG8:reg_2|y[5] ; CLK          ; CLK         ; 1.000        ; -0.080     ; 7.118      ;
; -6.195 ; PC:inst|REG16:reg|REG8:reg_1|y[1] ; PC:inst|REG16:reg|REG8:reg_2|y[5] ; CLK          ; CLK         ; 1.000        ; -0.080     ; 7.113      ;
; -6.190 ; PC:inst|REG16:reg|REG8:reg_2|y[0] ; PC:inst|REG16:reg|REG8:reg_2|y[5] ; CLK          ; CLK         ; 1.000        ; -0.078     ; 7.110      ;
; -6.148 ; PC:inst|REG16:reg|REG8:reg_1|y[5] ; PC:inst|REG16:reg|REG8:reg_2|y[7] ; CLK          ; CLK         ; 1.000        ; 0.333      ; 7.479      ;
; -6.146 ; PC:inst|REG16:reg|REG8:reg_2|y[0] ; PC:inst|REG16:reg|REG8:reg_2|y[4] ; CLK          ; CLK         ; 1.000        ; -0.077     ; 7.067      ;
; -6.146 ; PC:inst|REG16:reg|REG8:reg_1|y[5] ; PC:inst|REG16:reg|REG8:reg_2|y[6] ; CLK          ; CLK         ; 1.000        ; 0.333      ; 7.477      ;
; -6.145 ; PC:inst|REG16:reg|REG8:reg_1|y[7] ; PC:inst|REG16:reg|REG8:reg_2|y[3] ; CLK          ; CLK         ; 1.000        ; -0.078     ; 7.065      ;
; -6.143 ; PC:inst|REG16:reg|REG8:reg_1|y[1] ; PC:inst|REG16:reg|REG8:reg_2|y[7] ; CLK          ; CLK         ; 1.000        ; 0.333      ; 7.474      ;
; -6.141 ; PC:inst|REG16:reg|REG8:reg_1|y[1] ; PC:inst|REG16:reg|REG8:reg_2|y[6] ; CLK          ; CLK         ; 1.000        ; 0.333      ; 7.472      ;
; -6.141 ; PC:inst|REG16:reg|REG8:reg_1|y[6] ; PC:inst|REG16:reg|REG8:reg_2|y[3] ; CLK          ; CLK         ; 1.000        ; -0.078     ; 7.061      ;
; -6.131 ; PC:inst|REG16:reg|REG8:reg_2|y[0] ; PC:inst|REG16:reg|REG8:reg_2|y[7] ; CLK          ; CLK         ; 1.000        ; 0.335      ; 7.464      ;
; -6.131 ; PC:inst|REG16:reg|REG8:reg_1|y[5] ; PC:inst|REG16:reg|REG8:reg_2|y[4] ; CLK          ; CLK         ; 1.000        ; -0.079     ; 7.050      ;
; -6.130 ; PC:inst|REG16:reg|REG8:reg_2|y[0] ; PC:inst|REG16:reg|REG8:reg_2|y[6] ; CLK          ; CLK         ; 1.000        ; 0.335      ; 7.463      ;
; -6.126 ; PC:inst|REG16:reg|REG8:reg_1|y[1] ; PC:inst|REG16:reg|REG8:reg_2|y[4] ; CLK          ; CLK         ; 1.000        ; -0.079     ; 7.045      ;
; -6.124 ; PC:inst|REG16:reg|REG8:reg_1|y[2] ; PC:inst|REG16:reg|REG8:reg_2|y[5] ; CLK          ; CLK         ; 1.000        ; -0.080     ; 7.042      ;
; -6.116 ; PC:inst|REG16:reg|REG8:reg_2|y[2] ; PC:inst|REG16:reg|REG8:reg_2|y[5] ; CLK          ; CLK         ; 1.000        ; -0.079     ; 7.035      ;
; -6.106 ; PC:inst|REG16:reg|REG8:reg_2|y[5] ; PC:inst|REG16:reg|REG8:reg_2|y[3] ; CLK          ; CLK         ; 1.000        ; -0.079     ; 7.025      ;
; -6.072 ; PC:inst|REG16:reg|REG8:reg_1|y[2] ; PC:inst|REG16:reg|REG8:reg_2|y[7] ; CLK          ; CLK         ; 1.000        ; 0.333      ; 7.403      ;
; -6.070 ; PC:inst|REG16:reg|REG8:reg_1|y[2] ; PC:inst|REG16:reg|REG8:reg_2|y[6] ; CLK          ; CLK         ; 1.000        ; 0.333      ; 7.401      ;
; -6.064 ; PC:inst|REG16:reg|REG8:reg_2|y[2] ; PC:inst|REG16:reg|REG8:reg_2|y[7] ; CLK          ; CLK         ; 1.000        ; 0.334      ; 7.396      ;
; -6.062 ; PC:inst|REG16:reg|REG8:reg_2|y[2] ; PC:inst|REG16:reg|REG8:reg_2|y[6] ; CLK          ; CLK         ; 1.000        ; 0.334      ; 7.394      ;
; -6.055 ; PC:inst|REG16:reg|REG8:reg_1|y[2] ; PC:inst|REG16:reg|REG8:reg_2|y[4] ; CLK          ; CLK         ; 1.000        ; -0.079     ; 6.974      ;
; -6.047 ; PC:inst|REG16:reg|REG8:reg_2|y[2] ; PC:inst|REG16:reg|REG8:reg_2|y[4] ; CLK          ; CLK         ; 1.000        ; -0.078     ; 6.967      ;
; -6.027 ; PC:inst|REG16:reg|REG8:reg_1|y[3] ; PC:inst|REG16:reg|REG8:reg_2|y[3] ; CLK          ; CLK         ; 1.000        ; -0.080     ; 6.945      ;
; -5.982 ; PC:inst|REG16:reg|REG8:reg_1|y[7] ; PC:inst|REG16:reg|REG8:reg_2|y[1] ; CLK          ; CLK         ; 1.000        ; -0.079     ; 6.901      ;
; -5.980 ; PC:inst|REG16:reg|REG8:reg_2|y[7] ; PC:inst|REG16:reg|REG8:reg_2|y[3] ; CLK          ; CLK         ; 1.000        ; -0.509     ; 6.469      ;
; -5.978 ; PC:inst|REG16:reg|REG8:reg_1|y[6] ; PC:inst|REG16:reg|REG8:reg_2|y[1] ; CLK          ; CLK         ; 1.000        ; -0.079     ; 6.897      ;
; -5.975 ; PC:inst|REG16:reg|REG8:reg_2|y[6] ; PC:inst|REG16:reg|REG8:reg_2|y[3] ; CLK          ; CLK         ; 1.000        ; -0.509     ; 6.464      ;
; -5.966 ; PC:inst|REG16:reg|REG8:reg_1|y[4] ; PC:inst|REG16:reg|REG8:reg_2|y[3] ; CLK          ; CLK         ; 1.000        ; -0.080     ; 6.884      ;
; -5.954 ; PC:inst|REG16:reg|REG8:reg_2|y[1] ; PC:inst|REG16:reg|REG8:reg_2|y[3] ; CLK          ; CLK         ; 1.000        ; -0.078     ; 6.874      ;
; -5.943 ; PC:inst|REG16:reg|REG8:reg_2|y[5] ; PC:inst|REG16:reg|REG8:reg_2|y[1] ; CLK          ; CLK         ; 1.000        ; -0.080     ; 6.861      ;
; -5.915 ; PC:inst|REG16:reg|REG8:reg_2|y[4] ; PC:inst|REG16:reg|REG8:reg_2|y[3] ; CLK          ; CLK         ; 1.000        ; -0.080     ; 6.833      ;
; -5.908 ; PC:inst|REG16:reg|REG8:reg_1|y[7] ; PC:inst|REG16:reg|REG8:reg_2|y[2] ; CLK          ; CLK         ; 1.000        ; -0.078     ; 6.828      ;
; -5.908 ; PC:inst|REG16:reg|REG8:reg_2|y[3] ; PC:inst|REG16:reg|REG8:reg_2|y[3] ; CLK          ; CLK         ; 1.000        ; -0.079     ; 6.827      ;
; -5.904 ; PC:inst|REG16:reg|REG8:reg_1|y[6] ; PC:inst|REG16:reg|REG8:reg_2|y[2] ; CLK          ; CLK         ; 1.000        ; -0.078     ; 6.824      ;
; -5.869 ; PC:inst|REG16:reg|REG8:reg_2|y[5] ; PC:inst|REG16:reg|REG8:reg_2|y[2] ; CLK          ; CLK         ; 1.000        ; -0.079     ; 6.788      ;
; -5.843 ; PC:inst|REG16:reg|REG8:reg_1|y[3] ; PC:inst|REG16:reg|REG8:reg_2|y[1] ; CLK          ; CLK         ; 1.000        ; -0.081     ; 6.760      ;
; -5.826 ; PC:inst|REG16:reg|REG8:reg_1|y[5] ; PC:inst|REG16:reg|REG8:reg_2|y[3] ; CLK          ; CLK         ; 1.000        ; -0.080     ; 6.744      ;
; -5.821 ; PC:inst|REG16:reg|REG8:reg_1|y[1] ; PC:inst|REG16:reg|REG8:reg_2|y[3] ; CLK          ; CLK         ; 1.000        ; -0.080     ; 6.739      ;
; -5.817 ; PC:inst|REG16:reg|REG8:reg_2|y[7] ; PC:inst|REG16:reg|REG8:reg_2|y[1] ; CLK          ; CLK         ; 1.000        ; -0.510     ; 6.305      ;
; -5.816 ; PC:inst|REG16:reg|REG8:reg_2|y[0] ; PC:inst|REG16:reg|REG8:reg_2|y[3] ; CLK          ; CLK         ; 1.000        ; -0.078     ; 6.736      ;
; -5.812 ; PC:inst|REG16:reg|REG8:reg_2|y[6] ; PC:inst|REG16:reg|REG8:reg_2|y[1] ; CLK          ; CLK         ; 1.000        ; -0.510     ; 6.300      ;
; -5.803 ; PC:inst|REG16:reg|REG8:reg_1|y[4] ; PC:inst|REG16:reg|REG8:reg_2|y[1] ; CLK          ; CLK         ; 1.000        ; -0.081     ; 6.720      ;
; -5.791 ; PC:inst|REG16:reg|REG8:reg_2|y[1] ; PC:inst|REG16:reg|REG8:reg_2|y[1] ; CLK          ; CLK         ; 1.000        ; -0.079     ; 6.710      ;
; -5.788 ; PC:inst|REG16:reg|REG8:reg_1|y[3] ; PC:inst|REG16:reg|REG8:reg_2|y[2] ; CLK          ; CLK         ; 1.000        ; -0.080     ; 6.706      ;
; -5.752 ; PC:inst|REG16:reg|REG8:reg_2|y[4] ; PC:inst|REG16:reg|REG8:reg_2|y[1] ; CLK          ; CLK         ; 1.000        ; -0.081     ; 6.669      ;
; -5.750 ; PC:inst|REG16:reg|REG8:reg_1|y[2] ; PC:inst|REG16:reg|REG8:reg_2|y[3] ; CLK          ; CLK         ; 1.000        ; -0.080     ; 6.668      ;
; -5.745 ; PC:inst|REG16:reg|REG8:reg_2|y[3] ; PC:inst|REG16:reg|REG8:reg_2|y[1] ; CLK          ; CLK         ; 1.000        ; -0.080     ; 6.663      ;
; -5.743 ; PC:inst|REG16:reg|REG8:reg_2|y[7] ; PC:inst|REG16:reg|REG8:reg_2|y[2] ; CLK          ; CLK         ; 1.000        ; -0.509     ; 6.232      ;
; -5.742 ; PC:inst|REG16:reg|REG8:reg_2|y[2] ; PC:inst|REG16:reg|REG8:reg_2|y[3] ; CLK          ; CLK         ; 1.000        ; -0.079     ; 6.661      ;
; -5.738 ; PC:inst|REG16:reg|REG8:reg_2|y[6] ; PC:inst|REG16:reg|REG8:reg_2|y[2] ; CLK          ; CLK         ; 1.000        ; -0.509     ; 6.227      ;
; -5.729 ; PC:inst|REG16:reg|REG8:reg_1|y[4] ; PC:inst|REG16:reg|REG8:reg_2|y[2] ; CLK          ; CLK         ; 1.000        ; -0.080     ; 6.647      ;
; -5.717 ; PC:inst|REG16:reg|REG8:reg_2|y[1] ; PC:inst|REG16:reg|REG8:reg_2|y[2] ; CLK          ; CLK         ; 1.000        ; -0.078     ; 6.637      ;
; -5.678 ; PC:inst|REG16:reg|REG8:reg_2|y[4] ; PC:inst|REG16:reg|REG8:reg_2|y[2] ; CLK          ; CLK         ; 1.000        ; -0.080     ; 6.596      ;
; -5.671 ; PC:inst|REG16:reg|REG8:reg_2|y[3] ; PC:inst|REG16:reg|REG8:reg_2|y[2] ; CLK          ; CLK         ; 1.000        ; -0.079     ; 6.590      ;
; -5.663 ; PC:inst|REG16:reg|REG8:reg_1|y[5] ; PC:inst|REG16:reg|REG8:reg_2|y[1] ; CLK          ; CLK         ; 1.000        ; -0.081     ; 6.580      ;
; -5.658 ; PC:inst|REG16:reg|REG8:reg_1|y[1] ; PC:inst|REG16:reg|REG8:reg_2|y[1] ; CLK          ; CLK         ; 1.000        ; -0.081     ; 6.575      ;
; -5.642 ; PC:inst|REG16:reg|REG8:reg_2|y[0] ; PC:inst|REG16:reg|REG8:reg_2|y[1] ; CLK          ; CLK         ; 1.000        ; -0.079     ; 6.561      ;
; -5.614 ; PC:inst|REG16:reg|REG8:reg_1|y[7] ; PC:inst|REG16:reg|REG8:reg_2|y[0] ; CLK          ; CLK         ; 1.000        ; -0.079     ; 6.533      ;
; -5.610 ; PC:inst|REG16:reg|REG8:reg_1|y[6] ; PC:inst|REG16:reg|REG8:reg_2|y[0] ; CLK          ; CLK         ; 1.000        ; -0.079     ; 6.529      ;
+--------+-----------------------------------+-----------------------------------+--------------+-------------+--------------+------------+------------+


+-----------------------------------------------------------------------------------------------------------------------------------------------------+
; Slow 1200mV 85C Model Hold: 'CLK'                                                                                                                   ;
+-------+-----------------------------------+-----------------------------------+--------------+-------------+--------------+------------+------------+
; Slack ; From Node                         ; To Node                           ; Launch Clock ; Latch Clock ; Relationship ; Clock Skew ; Data Delay ;
+-------+-----------------------------------+-----------------------------------+--------------+-------------+--------------+------------+------------+
; 1.122 ; PC:inst|REG16:reg|REG8:reg_2|y[5] ; PC:inst|REG16:reg|REG8:reg_2|y[6] ; CLK          ; CLK         ; 0.000        ; 0.509      ; 1.817      ;
; 1.230 ; PC:inst|REG16:reg|REG8:reg_2|y[5] ; PC:inst|REG16:reg|REG8:reg_2|y[7] ; CLK          ; CLK         ; 0.000        ; 0.509      ; 1.925      ;
; 1.513 ; PC:inst|REG16:reg|REG8:reg_2|y[6] ; PC:inst|REG16:reg|REG8:reg_2|y[6] ; CLK          ; CLK         ; 0.000        ; 0.096      ; 1.795      ;
; 1.517 ; PC:inst|REG16:reg|REG8:reg_2|y[6] ; PC:inst|REG16:reg|REG8:reg_2|y[7] ; CLK          ; CLK         ; 0.000        ; 0.096      ; 1.799      ;
; 1.521 ; PC:inst|REG16:reg|REG8:reg_1|y[1] ; PC:inst|REG16:reg|REG8:reg_1|y[4] ; CLK          ; CLK         ; 0.000        ; 0.078      ; 1.785      ;
; 1.573 ; PC:inst|REG16:reg|REG8:reg_1|y[7] ; PC:inst|REG16:reg|REG8:reg_2|y[0] ; CLK          ; CLK         ; 0.000        ; 0.079      ; 1.838      ;
; 1.646 ; PC:inst|REG16:reg|REG8:reg_1|y[4] ; PC:inst|REG16:reg|REG8:reg_1|y[5] ; CLK          ; CLK         ; 0.000        ; 0.078      ; 1.910      ;
; 1.652 ; PC:inst|REG16:reg|REG8:reg_2|y[1] ; PC:inst|REG16:reg|REG8:reg_2|y[1] ; CLK          ; CLK         ; 0.000        ; 0.079      ; 1.917      ;
; 1.666 ; PC:inst|REG16:reg|REG8:reg_2|y[3] ; PC:inst|REG16:reg|REG8:reg_2|y[4] ; CLK          ; CLK         ; 0.000        ; 0.080      ; 1.932      ;
; 1.675 ; PC:inst|REG16:reg|REG8:reg_1|y[4] ; PC:inst|REG16:reg|REG8:reg_2|y[7] ; CLK          ; CLK         ; 0.000        ; 0.507      ; 2.368      ;
; 1.678 ; PC:inst|REG16:reg|REG8:reg_1|y[3] ; PC:inst|REG16:reg|REG8:reg_1|y[4] ; CLK          ; CLK         ; 0.000        ; 0.078      ; 1.942      ;
; 1.687 ; PC:inst|REG16:reg|REG8:reg_1|y[6] ; PC:inst|REG16:reg|REG8:reg_1|y[6] ; CLK          ; CLK         ; 0.000        ; 0.079      ; 1.952      ;
; 1.734 ; PC:inst|REG16:reg|REG8:reg_2|y[2] ; PC:inst|REG16:reg|REG8:reg_2|y[3] ; CLK          ; CLK         ; 0.000        ; 0.079      ; 1.999      ;
; 1.762 ; PC:inst|REG16:reg|REG8:reg_2|y[0] ; PC:inst|REG16:reg|REG8:reg_2|y[0] ; CLK          ; CLK         ; 0.000        ; 0.079      ; 2.027      ;
; 1.764 ; PC:inst|REG16:reg|REG8:reg_2|y[2] ; PC:inst|REG16:reg|REG8:reg_2|y[6] ; CLK          ; CLK         ; 0.000        ; 0.509      ; 2.459      ;
; 1.779 ; PC:inst|REG16:reg|REG8:reg_1|y[4] ; PC:inst|REG16:reg|REG8:reg_2|y[6] ; CLK          ; CLK         ; 0.000        ; 0.507      ; 2.472      ;
; 1.798 ; PC:inst|REG16:reg|REG8:reg_1|y[2] ; PC:inst|REG16:reg|REG8:reg_1|y[4] ; CLK          ; CLK         ; 0.000        ; 0.078      ; 2.062      ;
; 1.811 ; PC:inst|REG16:reg|REG8:reg_2|y[3] ; PC:inst|REG16:reg|REG8:reg_2|y[6] ; CLK          ; CLK         ; 0.000        ; 0.509      ; 2.506      ;
; 1.818 ; PC:inst|REG16:reg|REG8:reg_1|y[3] ; PC:inst|REG16:reg|REG8:reg_1|y[5] ; CLK          ; CLK         ; 0.000        ; 0.078      ; 2.082      ;
; 1.830 ; PC:inst|REG16:reg|REG8:reg_2|y[3] ; PC:inst|REG16:reg|REG8:reg_2|y[3] ; CLK          ; CLK         ; 0.000        ; 0.079      ; 2.095      ;
; 1.847 ; PC:inst|REG16:reg|REG8:reg_1|y[3] ; PC:inst|REG16:reg|REG8:reg_2|y[7] ; CLK          ; CLK         ; 0.000        ; 0.507      ; 2.540      ;
; 1.871 ; PC:inst|REG16:reg|REG8:reg_2|y[2] ; PC:inst|REG16:reg|REG8:reg_2|y[7] ; CLK          ; CLK         ; 0.000        ; 0.509      ; 2.566      ;
; 1.918 ; PC:inst|REG16:reg|REG8:reg_2|y[3] ; PC:inst|REG16:reg|REG8:reg_2|y[7] ; CLK          ; CLK         ; 0.000        ; 0.509      ; 2.613      ;
; 1.932 ; PC:inst|REG16:reg|REG8:reg_1|y[4] ; PC:inst|REG16:reg|REG8:reg_1|y[4] ; CLK          ; CLK         ; 0.000        ; 0.078      ; 2.196      ;
; 1.951 ; PC:inst|REG16:reg|REG8:reg_1|y[3] ; PC:inst|REG16:reg|REG8:reg_2|y[6] ; CLK          ; CLK         ; 0.000        ; 0.507      ; 2.644      ;
; 1.962 ; PC:inst|REG16:reg|REG8:reg_2|y[7] ; PC:inst|REG16:reg|REG8:reg_2|y[7] ; CLK          ; CLK         ; 0.000        ; 0.096      ; 2.244      ;
; 1.983 ; PC:inst|REG16:reg|REG8:reg_1|y[5] ; PC:inst|REG16:reg|REG8:reg_1|y[6] ; CLK          ; CLK         ; 0.000        ; 0.076      ; 2.245      ;
; 2.000 ; PC:inst|REG16:reg|REG8:reg_1|y[7] ; PC:inst|REG16:reg|REG8:reg_2|y[1] ; CLK          ; CLK         ; 0.000        ; 0.079      ; 2.265      ;
; 2.008 ; PC:inst|REG16:reg|REG8:reg_2|y[4] ; PC:inst|REG16:reg|REG8:reg_2|y[6] ; CLK          ; CLK         ; 0.000        ; 0.508      ; 2.702      ;
; 2.018 ; PC:inst|REG16:reg|REG8:reg_2|y[5] ; PC:inst|REG16:reg|REG8:reg_2|y[5] ; CLK          ; CLK         ; 0.000        ; 0.079      ; 2.283      ;
; 2.023 ; PC:inst|REG16:reg|REG8:reg_2|y[0] ; PC:inst|REG16:reg|REG8:reg_2|y[1] ; CLK          ; CLK         ; 0.000        ; 0.079      ; 2.288      ;
; 2.025 ; PC:inst|REG16:reg|REG8:reg_2|y[2] ; PC:inst|REG16:reg|REG8:reg_2|y[4] ; CLK          ; CLK         ; 0.000        ; 0.080      ; 2.291      ;
; 2.027 ; PC:inst|REG16:reg|REG8:reg_1|y[5] ; PC:inst|REG16:reg|REG8:reg_1|y[5] ; CLK          ; CLK         ; 0.000        ; 0.078      ; 2.291      ;
; 2.043 ; PC:inst|REG16:reg|REG8:reg_1|y[2] ; PC:inst|REG16:reg|REG8:reg_1|y[6] ; CLK          ; CLK         ; 0.000        ; 0.076      ; 2.305      ;
; 2.056 ; PC:inst|REG16:reg|REG8:reg_1|y[5] ; PC:inst|REG16:reg|REG8:reg_2|y[7] ; CLK          ; CLK         ; 0.000        ; 0.507      ; 2.749      ;
; 2.094 ; PC:inst|REG16:reg|REG8:reg_2|y[2] ; PC:inst|REG16:reg|REG8:reg_2|y[5] ; CLK          ; CLK         ; 0.000        ; 0.079      ; 2.359      ;
; 2.104 ; PC:inst|REG16:reg|REG8:reg_1|y[4] ; PC:inst|REG16:reg|REG8:reg_2|y[5] ; CLK          ; CLK         ; 0.000        ; 0.077      ; 2.367      ;
; 2.115 ; PC:inst|REG16:reg|REG8:reg_2|y[4] ; PC:inst|REG16:reg|REG8:reg_2|y[7] ; CLK          ; CLK         ; 0.000        ; 0.508      ; 2.809      ;
; 2.148 ; PC:inst|REG16:reg|REG8:reg_1|y[6] ; PC:inst|REG16:reg|REG8:reg_2|y[1] ; CLK          ; CLK         ; 0.000        ; 0.079      ; 2.413      ;
; 2.160 ; PC:inst|REG16:reg|REG8:reg_1|y[5] ; PC:inst|REG16:reg|REG8:reg_2|y[6] ; CLK          ; CLK         ; 0.000        ; 0.507      ; 2.853      ;
; 2.179 ; PC:inst|REG16:reg|REG8:reg_1|y[3] ; PC:inst|REG16:reg|REG8:reg_1|y[6] ; CLK          ; CLK         ; 0.000        ; 0.076      ; 2.441      ;
; 2.184 ; PC:inst|REG16:reg|REG8:reg_1|y[2] ; PC:inst|REG16:reg|REG8:reg_1|y[5] ; CLK          ; CLK         ; 0.000        ; 0.078      ; 2.448      ;
; 2.195 ; PC:inst|REG16:reg|REG8:reg_1|y[4] ; PC:inst|REG16:reg|REG8:reg_2|y[4] ; CLK          ; CLK         ; 0.000        ; 0.078      ; 2.459      ;
; 2.208 ; PC:inst|REG16:reg|REG8:reg_1|y[4] ; PC:inst|REG16:reg|REG8:reg_2|y[3] ; CLK          ; CLK         ; 0.000        ; 0.077      ; 2.471      ;
; 2.209 ; PC:inst|REG16:reg|REG8:reg_1|y[3] ; PC:inst|REG16:reg|REG8:reg_1|y[3] ; CLK          ; CLK         ; 0.000        ; 0.078      ; 2.473      ;
; 2.238 ; PC:inst|REG16:reg|REG8:reg_1|y[5] ; PC:inst|REG16:reg|REG8:reg_2|y[1] ; CLK          ; CLK         ; 0.000        ; 0.076      ; 2.500      ;
; 2.260 ; PC:inst|REG16:reg|REG8:reg_1|y[6] ; PC:inst|REG16:reg|REG8:reg_2|y[0] ; CLK          ; CLK         ; 0.000        ; 0.079      ; 2.525      ;
; 2.275 ; PC:inst|REG16:reg|REG8:reg_2|y[3] ; PC:inst|REG16:reg|REG8:reg_2|y[5] ; CLK          ; CLK         ; 0.000        ; 0.079      ; 2.540      ;
; 2.276 ; PC:inst|REG16:reg|REG8:reg_1|y[3] ; PC:inst|REG16:reg|REG8:reg_2|y[5] ; CLK          ; CLK         ; 0.000        ; 0.077      ; 2.539      ;
; 2.290 ; PC:inst|REG16:reg|REG8:reg_1|y[6] ; PC:inst|REG16:reg|REG8:reg_1|y[7] ; CLK          ; CLK         ; 0.000        ; 0.079      ; 2.555      ;
; 2.321 ; PC:inst|REG16:reg|REG8:reg_1|y[5] ; PC:inst|REG16:reg|REG8:reg_1|y[3] ; CLK          ; CLK         ; 0.000        ; 0.078      ; 2.585      ;
; 2.330 ; PC:inst|REG16:reg|REG8:reg_1|y[5] ; PC:inst|REG16:reg|REG8:reg_1|y[7] ; CLK          ; CLK         ; 0.000        ; 0.076      ; 2.592      ;
; 2.333 ; PC:inst|REG16:reg|REG8:reg_1|y[4] ; PC:inst|REG16:reg|REG8:reg_2|y[2] ; CLK          ; CLK         ; 0.000        ; 0.077      ; 2.596      ;
; 2.334 ; PC:inst|REG16:reg|REG8:reg_1|y[4] ; PC:inst|REG16:reg|REG8:reg_2|y[1] ; CLK          ; CLK         ; 0.000        ; 0.076      ; 2.596      ;
; 2.367 ; PC:inst|REG16:reg|REG8:reg_1|y[3] ; PC:inst|REG16:reg|REG8:reg_2|y[4] ; CLK          ; CLK         ; 0.000        ; 0.078      ; 2.631      ;
; 2.368 ; PC:inst|REG16:reg|REG8:reg_1|y[4] ; PC:inst|REG16:reg|REG8:reg_1|y[6] ; CLK          ; CLK         ; 0.000        ; 0.076      ; 2.630      ;
; 2.380 ; PC:inst|REG16:reg|REG8:reg_1|y[3] ; PC:inst|REG16:reg|REG8:reg_2|y[3] ; CLK          ; CLK         ; 0.000        ; 0.077      ; 2.643      ;
; 2.383 ; PC:inst|REG16:reg|REG8:reg_1|y[1] ; PC:inst|REG16:reg|REG8:reg_1|y[6] ; CLK          ; CLK         ; 0.000        ; 0.076      ; 2.645      ;
; 2.395 ; PC:inst|REG16:reg|REG8:reg_2|y[1] ; PC:inst|REG16:reg|REG8:reg_2|y[2] ; CLK          ; CLK         ; 0.000        ; 0.080      ; 2.661      ;
; 2.403 ; PC:inst|REG16:reg|REG8:reg_1|y[2] ; PC:inst|REG16:reg|REG8:reg_2|y[1] ; CLK          ; CLK         ; 0.000        ; 0.076      ; 2.665      ;
; 2.416 ; PC:inst|REG16:reg|REG8:reg_2|y[1] ; PC:inst|REG16:reg|REG8:reg_2|y[6] ; CLK          ; CLK         ; 0.000        ; 0.510      ; 3.112      ;
; 2.424 ; PC:inst|REG16:reg|REG8:reg_1|y[4] ; PC:inst|REG16:reg|REG8:reg_1|y[7] ; CLK          ; CLK         ; 0.000        ; 0.076      ; 2.686      ;
; 2.426 ; PC:inst|REG16:reg|REG8:reg_1|y[4] ; PC:inst|REG16:reg|REG8:reg_2|y[0] ; CLK          ; CLK         ; 0.000        ; 0.076      ; 2.688      ;
; 2.432 ; PC:inst|REG16:reg|REG8:reg_2|y[1] ; PC:inst|REG16:reg|REG8:reg_2|y[3] ; CLK          ; CLK         ; 0.000        ; 0.080      ; 2.698      ;
; 2.442 ; PC:inst|REG16:reg|REG8:reg_1|y[2] ; PC:inst|REG16:reg|REG8:reg_1|y[3] ; CLK          ; CLK         ; 0.000        ; 0.078      ; 2.706      ;
; 2.442 ; PC:inst|REG16:reg|REG8:reg_2|y[2] ; PC:inst|REG16:reg|REG8:reg_2|y[2] ; CLK          ; CLK         ; 0.000        ; 0.079      ; 2.707      ;
; 2.461 ; PC:inst|REG16:reg|REG8:reg_2|y[4] ; PC:inst|REG16:reg|REG8:reg_2|y[5] ; CLK          ; CLK         ; 0.000        ; 0.078      ; 2.725      ;
; 2.483 ; PC:inst|REG16:reg|REG8:reg_1|y[7] ; PC:inst|REG16:reg|REG8:reg_1|y[7] ; CLK          ; CLK         ; 0.000        ; 0.079      ; 2.748      ;
; 2.485 ; PC:inst|REG16:reg|REG8:reg_1|y[5] ; PC:inst|REG16:reg|REG8:reg_2|y[5] ; CLK          ; CLK         ; 0.000        ; 0.077      ; 2.748      ;
; 2.492 ; PC:inst|REG16:reg|REG8:reg_1|y[4] ; PC:inst|REG16:reg|REG8:reg_1|y[3] ; CLK          ; CLK         ; 0.000        ; 0.078      ; 2.756      ;
; 2.497 ; PC:inst|REG16:reg|REG8:reg_1|y[2] ; PC:inst|REG16:reg|REG8:reg_1|y[7] ; CLK          ; CLK         ; 0.000        ; 0.076      ; 2.759      ;
; 2.505 ; PC:inst|REG16:reg|REG8:reg_1|y[3] ; PC:inst|REG16:reg|REG8:reg_2|y[2] ; CLK          ; CLK         ; 0.000        ; 0.077      ; 2.768      ;
; 2.506 ; PC:inst|REG16:reg|REG8:reg_1|y[3] ; PC:inst|REG16:reg|REG8:reg_2|y[1] ; CLK          ; CLK         ; 0.000        ; 0.076      ; 2.768      ;
; 2.523 ; PC:inst|REG16:reg|REG8:reg_2|y[1] ; PC:inst|REG16:reg|REG8:reg_2|y[7] ; CLK          ; CLK         ; 0.000        ; 0.510      ; 3.219      ;
; 2.527 ; PC:inst|REG16:reg|REG8:reg_1|y[1] ; PC:inst|REG16:reg|REG8:reg_1|y[5] ; CLK          ; CLK         ; 0.000        ; 0.078      ; 2.791      ;
; 2.545 ; PC:inst|REG16:reg|REG8:reg_2|y[4] ; PC:inst|REG16:reg|REG8:reg_2|y[4] ; CLK          ; CLK         ; 0.000        ; 0.079      ; 2.810      ;
; 2.546 ; PC:inst|REG16:reg|REG8:reg_1|y[1] ; PC:inst|REG16:reg|REG8:reg_1|y[3] ; CLK          ; CLK         ; 0.000        ; 0.078      ; 2.810      ;
; 2.562 ; PC:inst|REG16:reg|REG8:reg_1|y[7] ; PC:inst|REG16:reg|REG8:reg_2|y[6] ; CLK          ; CLK         ; 0.000        ; 0.510      ; 3.258      ;
; 2.576 ; PC:inst|REG16:reg|REG8:reg_1|y[5] ; PC:inst|REG16:reg|REG8:reg_2|y[4] ; CLK          ; CLK         ; 0.000        ; 0.078      ; 2.840      ;
; 2.578 ; PC:inst|REG16:reg|REG8:reg_1|y[7] ; PC:inst|REG16:reg|REG8:reg_2|y[3] ; CLK          ; CLK         ; 0.000        ; 0.080      ; 2.844      ;
; 2.580 ; PC:inst|REG16:reg|REG8:reg_1|y[1] ; PC:inst|REG16:reg|REG8:reg_1|y[1] ; CLK          ; CLK         ; 0.000        ; 0.078      ; 2.844      ;
; 2.589 ; PC:inst|REG16:reg|REG8:reg_1|y[5] ; PC:inst|REG16:reg|REG8:reg_2|y[3] ; CLK          ; CLK         ; 0.000        ; 0.077      ; 2.852      ;
; 2.596 ; PC:inst|REG16:reg|REG8:reg_1|y[3] ; PC:inst|REG16:reg|REG8:reg_1|y[7] ; CLK          ; CLK         ; 0.000        ; 0.076      ; 2.858      ;
; 2.598 ; PC:inst|REG16:reg|REG8:reg_1|y[3] ; PC:inst|REG16:reg|REG8:reg_2|y[0] ; CLK          ; CLK         ; 0.000        ; 0.076      ; 2.860      ;
; 2.669 ; PC:inst|REG16:reg|REG8:reg_1|y[7] ; PC:inst|REG16:reg|REG8:reg_2|y[7] ; CLK          ; CLK         ; 0.000        ; 0.510      ; 3.365      ;
; 2.672 ; PC:inst|REG16:reg|REG8:reg_2|y[0] ; PC:inst|REG16:reg|REG8:reg_2|y[6] ; CLK          ; CLK         ; 0.000        ; 0.510      ; 3.368      ;
; 2.688 ; PC:inst|REG16:reg|REG8:reg_2|y[0] ; PC:inst|REG16:reg|REG8:reg_2|y[3] ; CLK          ; CLK         ; 0.000        ; 0.080      ; 2.954      ;
; 2.696 ; PC:inst|REG16:reg|REG8:reg_1|y[5] ; PC:inst|REG16:reg|REG8:reg_2|y[0] ; CLK          ; CLK         ; 0.000        ; 0.076      ; 2.958      ;
; 2.706 ; PC:inst|REG16:reg|REG8:reg_1|y[2] ; PC:inst|REG16:reg|REG8:reg_1|y[2] ; CLK          ; CLK         ; 0.000        ; 0.078      ; 2.970      ;
; 2.706 ; PC:inst|REG16:reg|REG8:reg_1|y[6] ; PC:inst|REG16:reg|REG8:reg_2|y[2] ; CLK          ; CLK         ; 0.000        ; 0.080      ; 2.972      ;
; 2.707 ; PC:inst|REG16:reg|REG8:reg_1|y[0] ; PC:inst|REG16:reg|REG8:reg_1|y[3] ; CLK          ; CLK         ; 0.000        ; 0.079      ; 2.972      ;
; 2.714 ; PC:inst|REG16:reg|REG8:reg_1|y[5] ; PC:inst|REG16:reg|REG8:reg_2|y[2] ; CLK          ; CLK         ; 0.000        ; 0.077      ; 2.977      ;
; 2.747 ; PC:inst|REG16:reg|REG8:reg_1|y[1] ; PC:inst|REG16:reg|REG8:reg_2|y[1] ; CLK          ; CLK         ; 0.000        ; 0.076      ; 3.009      ;
; 2.749 ; PC:inst|REG16:reg|REG8:reg_2|y[2] ; PC:inst|REG16:reg|REG8:reg_1|y[5] ; CLK          ; CLK         ; 0.000        ; 0.080      ; 3.015      ;
; 2.750 ; PC:inst|REG16:reg|REG8:reg_1|y[4] ; PC:inst|REG16:reg|REG8:reg_1|y[2] ; CLK          ; CLK         ; 0.000        ; 0.078      ; 3.014      ;
; 2.771 ; PC:inst|REG16:reg|REG8:reg_1|y[7] ; PC:inst|REG16:reg|REG8:reg_2|y[2] ; CLK          ; CLK         ; 0.000        ; 0.080      ; 3.037      ;
; 2.779 ; PC:inst|REG16:reg|REG8:reg_2|y[0] ; PC:inst|REG16:reg|REG8:reg_2|y[7] ; CLK          ; CLK         ; 0.000        ; 0.510      ; 3.475      ;
; 2.783 ; PC:inst|REG16:reg|REG8:reg_2|y[0] ; PC:inst|REG16:reg|REG8:reg_2|y[2] ; CLK          ; CLK         ; 0.000        ; 0.080      ; 3.049      ;
; 2.794 ; PC:inst|REG16:reg|REG8:reg_1|y[5] ; PC:inst|REG16:reg|REG8:reg_1|y[4] ; CLK          ; CLK         ; 0.000        ; 0.078      ; 3.058      ;
; 2.817 ; PC:inst|REG16:reg|REG8:reg_1|y[6] ; PC:inst|REG16:reg|REG8:reg_2|y[6] ; CLK          ; CLK         ; 0.000        ; 0.510      ; 3.513      ;
+-------+-----------------------------------+-----------------------------------+--------------+-------------+--------------+------------+------------+


-----------------------------------------------
; Slow 1200mV 85C Model Metastability Summary ;
-----------------------------------------------
No synchronizer chains to report.


+--------------------------------------------------+
; Slow 1200mV 0C Model Fmax Summary                ;
+------------+-----------------+------------+------+
; Fmax       ; Restricted Fmax ; Clock Name ; Note ;
+------------+-----------------+------------+------+
; 145.22 MHz ; 145.22 MHz      ; CLK        ;      ;
+------------+-----------------+------------+------+
This panel reports FMAX for every clock in the design, regardless of the user-specified clock periods.  FMAX is only computed for paths where the source and destination registers or ports are driven by the same clock.  Paths of different clocks, including generated clocks, are ignored.  For paths between a clock and its inversion, FMAX is computed as if the rising and falling edges are scaled along with FMAX, such that the duty cycle (in terms of a percentage) is maintained. Altera recommends that you always use clock constraints and other slack reports for sign-off analysis.


+------------------------------------+
; Slow 1200mV 0C Model Setup Summary ;
+-------+--------+-------------------+
; Clock ; Slack  ; End Point TNS     ;
+-------+--------+-------------------+
; CLK   ; -5.886 ; -76.204           ;
+-------+--------+-------------------+


+-----------------------------------+
; Slow 1200mV 0C Model Hold Summary ;
+-------+-------+-------------------+
; Clock ; Slack ; End Point TNS     ;
+-------+-------+-------------------+
; CLK   ; 1.017 ; 0.000             ;
+-------+-------+-------------------+


-----------------------------------------
; Slow 1200mV 0C Model Recovery Summary ;
-----------------------------------------
No paths to report.


----------------------------------------
; Slow 1200mV 0C Model Removal Summary ;
----------------------------------------
No paths to report.


+--------------------------------------------------+
; Slow 1200mV 0C Model Minimum Pulse Width Summary ;
+-------+--------+---------------------------------+
; Clock ; Slack  ; End Point TNS                   ;
+-------+--------+---------------------------------+
; CLK   ; -3.000 ; -23.560                         ;
+-------+--------+---------------------------------+


+------------------------------------------------------------------------------------------------------------------------------------------------------+
; Slow 1200mV 0C Model Setup: 'CLK'                                                                                                                    ;
+--------+-----------------------------------+-----------------------------------+--------------+-------------+--------------+------------+------------+
; Slack  ; From Node                         ; To Node                           ; Launch Clock ; Latch Clock ; Relationship ; Clock Skew ; Data Delay ;
+--------+-----------------------------------+-----------------------------------+--------------+-------------+--------------+------------+------------+
; -5.886 ; PC:inst|REG16:reg|REG8:reg_1|y[7] ; PC:inst|REG16:reg|REG8:reg_2|y[5] ; CLK          ; CLK         ; 1.000        ; -0.069     ; 6.816      ;
; -5.885 ; PC:inst|REG16:reg|REG8:reg_1|y[6] ; PC:inst|REG16:reg|REG8:reg_2|y[5] ; CLK          ; CLK         ; 1.000        ; -0.069     ; 6.815      ;
; -5.857 ; PC:inst|REG16:reg|REG8:reg_2|y[5] ; PC:inst|REG16:reg|REG8:reg_2|y[5] ; CLK          ; CLK         ; 1.000        ; -0.070     ; 6.786      ;
; -5.842 ; PC:inst|REG16:reg|REG8:reg_1|y[7] ; PC:inst|REG16:reg|REG8:reg_2|y[7] ; CLK          ; CLK         ; 1.000        ; 0.310      ; 7.151      ;
; -5.841 ; PC:inst|REG16:reg|REG8:reg_1|y[7] ; PC:inst|REG16:reg|REG8:reg_2|y[6] ; CLK          ; CLK         ; 1.000        ; 0.310      ; 7.150      ;
; -5.841 ; PC:inst|REG16:reg|REG8:reg_1|y[6] ; PC:inst|REG16:reg|REG8:reg_2|y[7] ; CLK          ; CLK         ; 1.000        ; 0.310      ; 7.150      ;
; -5.840 ; PC:inst|REG16:reg|REG8:reg_1|y[6] ; PC:inst|REG16:reg|REG8:reg_2|y[6] ; CLK          ; CLK         ; 1.000        ; 0.310      ; 7.149      ;
; -5.813 ; PC:inst|REG16:reg|REG8:reg_1|y[7] ; PC:inst|REG16:reg|REG8:reg_2|y[4] ; CLK          ; CLK         ; 1.000        ; -0.069     ; 6.743      ;
; -5.813 ; PC:inst|REG16:reg|REG8:reg_2|y[5] ; PC:inst|REG16:reg|REG8:reg_2|y[7] ; CLK          ; CLK         ; 1.000        ; 0.309      ; 7.121      ;
; -5.812 ; PC:inst|REG16:reg|REG8:reg_2|y[5] ; PC:inst|REG16:reg|REG8:reg_2|y[6] ; CLK          ; CLK         ; 1.000        ; 0.309      ; 7.120      ;
; -5.812 ; PC:inst|REG16:reg|REG8:reg_1|y[6] ; PC:inst|REG16:reg|REG8:reg_2|y[4] ; CLK          ; CLK         ; 1.000        ; -0.069     ; 6.742      ;
; -5.784 ; PC:inst|REG16:reg|REG8:reg_2|y[5] ; PC:inst|REG16:reg|REG8:reg_2|y[4] ; CLK          ; CLK         ; 1.000        ; -0.070     ; 6.713      ;
; -5.779 ; PC:inst|REG16:reg|REG8:reg_1|y[4] ; PC:inst|REG16:reg|REG8:reg_2|y[5] ; CLK          ; CLK         ; 1.000        ; -0.071     ; 6.707      ;
; -5.748 ; PC:inst|REG16:reg|REG8:reg_2|y[7] ; PC:inst|REG16:reg|REG8:reg_2|y[5] ; CLK          ; CLK         ; 1.000        ; -0.466     ; 6.281      ;
; -5.746 ; PC:inst|REG16:reg|REG8:reg_2|y[6] ; PC:inst|REG16:reg|REG8:reg_2|y[5] ; CLK          ; CLK         ; 1.000        ; -0.466     ; 6.279      ;
; -5.735 ; PC:inst|REG16:reg|REG8:reg_1|y[4] ; PC:inst|REG16:reg|REG8:reg_2|y[7] ; CLK          ; CLK         ; 1.000        ; 0.308      ; 7.042      ;
; -5.734 ; PC:inst|REG16:reg|REG8:reg_1|y[4] ; PC:inst|REG16:reg|REG8:reg_2|y[6] ; CLK          ; CLK         ; 1.000        ; 0.308      ; 7.041      ;
; -5.724 ; PC:inst|REG16:reg|REG8:reg_1|y[3] ; PC:inst|REG16:reg|REG8:reg_2|y[5] ; CLK          ; CLK         ; 1.000        ; -0.071     ; 6.652      ;
; -5.719 ; PC:inst|REG16:reg|REG8:reg_2|y[1] ; PC:inst|REG16:reg|REG8:reg_2|y[5] ; CLK          ; CLK         ; 1.000        ; -0.069     ; 6.649      ;
; -5.706 ; PC:inst|REG16:reg|REG8:reg_1|y[4] ; PC:inst|REG16:reg|REG8:reg_2|y[4] ; CLK          ; CLK         ; 1.000        ; -0.071     ; 6.634      ;
; -5.704 ; PC:inst|REG16:reg|REG8:reg_2|y[7] ; PC:inst|REG16:reg|REG8:reg_2|y[7] ; CLK          ; CLK         ; 1.000        ; -0.087     ; 6.616      ;
; -5.703 ; PC:inst|REG16:reg|REG8:reg_2|y[7] ; PC:inst|REG16:reg|REG8:reg_2|y[6] ; CLK          ; CLK         ; 1.000        ; -0.087     ; 6.615      ;
; -5.702 ; PC:inst|REG16:reg|REG8:reg_2|y[6] ; PC:inst|REG16:reg|REG8:reg_2|y[7] ; CLK          ; CLK         ; 1.000        ; -0.087     ; 6.614      ;
; -5.701 ; PC:inst|REG16:reg|REG8:reg_2|y[6] ; PC:inst|REG16:reg|REG8:reg_2|y[6] ; CLK          ; CLK         ; 1.000        ; -0.087     ; 6.613      ;
; -5.690 ; PC:inst|REG16:reg|REG8:reg_2|y[4] ; PC:inst|REG16:reg|REG8:reg_2|y[5] ; CLK          ; CLK         ; 1.000        ; -0.071     ; 6.618      ;
; -5.682 ; PC:inst|REG16:reg|REG8:reg_2|y[3] ; PC:inst|REG16:reg|REG8:reg_2|y[5] ; CLK          ; CLK         ; 1.000        ; -0.070     ; 6.611      ;
; -5.680 ; PC:inst|REG16:reg|REG8:reg_1|y[3] ; PC:inst|REG16:reg|REG8:reg_2|y[7] ; CLK          ; CLK         ; 1.000        ; 0.308      ; 6.987      ;
; -5.679 ; PC:inst|REG16:reg|REG8:reg_1|y[3] ; PC:inst|REG16:reg|REG8:reg_2|y[6] ; CLK          ; CLK         ; 1.000        ; 0.308      ; 6.986      ;
; -5.675 ; PC:inst|REG16:reg|REG8:reg_2|y[1] ; PC:inst|REG16:reg|REG8:reg_2|y[7] ; CLK          ; CLK         ; 1.000        ; 0.310      ; 6.984      ;
; -5.675 ; PC:inst|REG16:reg|REG8:reg_2|y[7] ; PC:inst|REG16:reg|REG8:reg_2|y[4] ; CLK          ; CLK         ; 1.000        ; -0.466     ; 6.208      ;
; -5.674 ; PC:inst|REG16:reg|REG8:reg_2|y[1] ; PC:inst|REG16:reg|REG8:reg_2|y[6] ; CLK          ; CLK         ; 1.000        ; 0.310      ; 6.983      ;
; -5.673 ; PC:inst|REG16:reg|REG8:reg_2|y[6] ; PC:inst|REG16:reg|REG8:reg_2|y[4] ; CLK          ; CLK         ; 1.000        ; -0.466     ; 6.206      ;
; -5.651 ; PC:inst|REG16:reg|REG8:reg_1|y[3] ; PC:inst|REG16:reg|REG8:reg_2|y[4] ; CLK          ; CLK         ; 1.000        ; -0.071     ; 6.579      ;
; -5.650 ; PC:inst|REG16:reg|REG8:reg_1|y[5] ; PC:inst|REG16:reg|REG8:reg_2|y[5] ; CLK          ; CLK         ; 1.000        ; -0.071     ; 6.578      ;
; -5.650 ; PC:inst|REG16:reg|REG8:reg_1|y[1] ; PC:inst|REG16:reg|REG8:reg_2|y[5] ; CLK          ; CLK         ; 1.000        ; -0.071     ; 6.578      ;
; -5.646 ; PC:inst|REG16:reg|REG8:reg_2|y[1] ; PC:inst|REG16:reg|REG8:reg_2|y[4] ; CLK          ; CLK         ; 1.000        ; -0.069     ; 6.576      ;
; -5.646 ; PC:inst|REG16:reg|REG8:reg_2|y[4] ; PC:inst|REG16:reg|REG8:reg_2|y[7] ; CLK          ; CLK         ; 1.000        ; 0.308      ; 6.953      ;
; -5.645 ; PC:inst|REG16:reg|REG8:reg_2|y[4] ; PC:inst|REG16:reg|REG8:reg_2|y[6] ; CLK          ; CLK         ; 1.000        ; 0.308      ; 6.952      ;
; -5.638 ; PC:inst|REG16:reg|REG8:reg_2|y[3] ; PC:inst|REG16:reg|REG8:reg_2|y[7] ; CLK          ; CLK         ; 1.000        ; 0.309      ; 6.946      ;
; -5.637 ; PC:inst|REG16:reg|REG8:reg_2|y[3] ; PC:inst|REG16:reg|REG8:reg_2|y[6] ; CLK          ; CLK         ; 1.000        ; 0.309      ; 6.945      ;
; -5.617 ; PC:inst|REG16:reg|REG8:reg_2|y[4] ; PC:inst|REG16:reg|REG8:reg_2|y[4] ; CLK          ; CLK         ; 1.000        ; -0.071     ; 6.545      ;
; -5.609 ; PC:inst|REG16:reg|REG8:reg_2|y[3] ; PC:inst|REG16:reg|REG8:reg_2|y[4] ; CLK          ; CLK         ; 1.000        ; -0.070     ; 6.538      ;
; -5.606 ; PC:inst|REG16:reg|REG8:reg_1|y[5] ; PC:inst|REG16:reg|REG8:reg_2|y[7] ; CLK          ; CLK         ; 1.000        ; 0.308      ; 6.913      ;
; -5.606 ; PC:inst|REG16:reg|REG8:reg_1|y[1] ; PC:inst|REG16:reg|REG8:reg_2|y[7] ; CLK          ; CLK         ; 1.000        ; 0.308      ; 6.913      ;
; -5.605 ; PC:inst|REG16:reg|REG8:reg_1|y[5] ; PC:inst|REG16:reg|REG8:reg_2|y[6] ; CLK          ; CLK         ; 1.000        ; 0.308      ; 6.912      ;
; -5.605 ; PC:inst|REG16:reg|REG8:reg_1|y[1] ; PC:inst|REG16:reg|REG8:reg_2|y[6] ; CLK          ; CLK         ; 1.000        ; 0.308      ; 6.912      ;
; -5.582 ; PC:inst|REG16:reg|REG8:reg_2|y[0] ; PC:inst|REG16:reg|REG8:reg_2|y[5] ; CLK          ; CLK         ; 1.000        ; -0.069     ; 6.512      ;
; -5.577 ; PC:inst|REG16:reg|REG8:reg_1|y[5] ; PC:inst|REG16:reg|REG8:reg_2|y[4] ; CLK          ; CLK         ; 1.000        ; -0.071     ; 6.505      ;
; -5.577 ; PC:inst|REG16:reg|REG8:reg_1|y[1] ; PC:inst|REG16:reg|REG8:reg_2|y[4] ; CLK          ; CLK         ; 1.000        ; -0.071     ; 6.505      ;
; -5.564 ; PC:inst|REG16:reg|REG8:reg_1|y[2] ; PC:inst|REG16:reg|REG8:reg_2|y[5] ; CLK          ; CLK         ; 1.000        ; -0.071     ; 6.492      ;
; -5.540 ; PC:inst|REG16:reg|REG8:reg_1|y[7] ; PC:inst|REG16:reg|REG8:reg_2|y[3] ; CLK          ; CLK         ; 1.000        ; -0.069     ; 6.470      ;
; -5.539 ; PC:inst|REG16:reg|REG8:reg_1|y[6] ; PC:inst|REG16:reg|REG8:reg_2|y[3] ; CLK          ; CLK         ; 1.000        ; -0.069     ; 6.469      ;
; -5.538 ; PC:inst|REG16:reg|REG8:reg_2|y[0] ; PC:inst|REG16:reg|REG8:reg_2|y[7] ; CLK          ; CLK         ; 1.000        ; 0.310      ; 6.847      ;
; -5.537 ; PC:inst|REG16:reg|REG8:reg_2|y[0] ; PC:inst|REG16:reg|REG8:reg_2|y[6] ; CLK          ; CLK         ; 1.000        ; 0.310      ; 6.846      ;
; -5.532 ; PC:inst|REG16:reg|REG8:reg_2|y[2] ; PC:inst|REG16:reg|REG8:reg_2|y[5] ; CLK          ; CLK         ; 1.000        ; -0.070     ; 6.461      ;
; -5.520 ; PC:inst|REG16:reg|REG8:reg_1|y[2] ; PC:inst|REG16:reg|REG8:reg_2|y[7] ; CLK          ; CLK         ; 1.000        ; 0.308      ; 6.827      ;
; -5.519 ; PC:inst|REG16:reg|REG8:reg_1|y[2] ; PC:inst|REG16:reg|REG8:reg_2|y[6] ; CLK          ; CLK         ; 1.000        ; 0.308      ; 6.826      ;
; -5.511 ; PC:inst|REG16:reg|REG8:reg_2|y[5] ; PC:inst|REG16:reg|REG8:reg_2|y[3] ; CLK          ; CLK         ; 1.000        ; -0.070     ; 6.440      ;
; -5.509 ; PC:inst|REG16:reg|REG8:reg_2|y[0] ; PC:inst|REG16:reg|REG8:reg_2|y[4] ; CLK          ; CLK         ; 1.000        ; -0.069     ; 6.439      ;
; -5.491 ; PC:inst|REG16:reg|REG8:reg_1|y[2] ; PC:inst|REG16:reg|REG8:reg_2|y[4] ; CLK          ; CLK         ; 1.000        ; -0.071     ; 6.419      ;
; -5.488 ; PC:inst|REG16:reg|REG8:reg_2|y[2] ; PC:inst|REG16:reg|REG8:reg_2|y[7] ; CLK          ; CLK         ; 1.000        ; 0.309      ; 6.796      ;
; -5.487 ; PC:inst|REG16:reg|REG8:reg_2|y[2] ; PC:inst|REG16:reg|REG8:reg_2|y[6] ; CLK          ; CLK         ; 1.000        ; 0.309      ; 6.795      ;
; -5.459 ; PC:inst|REG16:reg|REG8:reg_2|y[2] ; PC:inst|REG16:reg|REG8:reg_2|y[4] ; CLK          ; CLK         ; 1.000        ; -0.070     ; 6.388      ;
; -5.433 ; PC:inst|REG16:reg|REG8:reg_1|y[4] ; PC:inst|REG16:reg|REG8:reg_2|y[3] ; CLK          ; CLK         ; 1.000        ; -0.071     ; 6.361      ;
; -5.402 ; PC:inst|REG16:reg|REG8:reg_2|y[7] ; PC:inst|REG16:reg|REG8:reg_2|y[3] ; CLK          ; CLK         ; 1.000        ; -0.466     ; 5.935      ;
; -5.400 ; PC:inst|REG16:reg|REG8:reg_2|y[6] ; PC:inst|REG16:reg|REG8:reg_2|y[3] ; CLK          ; CLK         ; 1.000        ; -0.466     ; 5.933      ;
; -5.385 ; PC:inst|REG16:reg|REG8:reg_1|y[7] ; PC:inst|REG16:reg|REG8:reg_2|y[1] ; CLK          ; CLK         ; 1.000        ; -0.070     ; 6.314      ;
; -5.384 ; PC:inst|REG16:reg|REG8:reg_1|y[6] ; PC:inst|REG16:reg|REG8:reg_2|y[1] ; CLK          ; CLK         ; 1.000        ; -0.070     ; 6.313      ;
; -5.378 ; PC:inst|REG16:reg|REG8:reg_1|y[3] ; PC:inst|REG16:reg|REG8:reg_2|y[3] ; CLK          ; CLK         ; 1.000        ; -0.071     ; 6.306      ;
; -5.373 ; PC:inst|REG16:reg|REG8:reg_2|y[1] ; PC:inst|REG16:reg|REG8:reg_2|y[3] ; CLK          ; CLK         ; 1.000        ; -0.069     ; 6.303      ;
; -5.356 ; PC:inst|REG16:reg|REG8:reg_2|y[5] ; PC:inst|REG16:reg|REG8:reg_2|y[1] ; CLK          ; CLK         ; 1.000        ; -0.071     ; 6.284      ;
; -5.344 ; PC:inst|REG16:reg|REG8:reg_2|y[4] ; PC:inst|REG16:reg|REG8:reg_2|y[3] ; CLK          ; CLK         ; 1.000        ; -0.071     ; 6.272      ;
; -5.336 ; PC:inst|REG16:reg|REG8:reg_2|y[3] ; PC:inst|REG16:reg|REG8:reg_2|y[3] ; CLK          ; CLK         ; 1.000        ; -0.070     ; 6.265      ;
; -5.304 ; PC:inst|REG16:reg|REG8:reg_1|y[5] ; PC:inst|REG16:reg|REG8:reg_2|y[3] ; CLK          ; CLK         ; 1.000        ; -0.071     ; 6.232      ;
; -5.304 ; PC:inst|REG16:reg|REG8:reg_1|y[1] ; PC:inst|REG16:reg|REG8:reg_2|y[3] ; CLK          ; CLK         ; 1.000        ; -0.071     ; 6.232      ;
; -5.302 ; PC:inst|REG16:reg|REG8:reg_1|y[7] ; PC:inst|REG16:reg|REG8:reg_2|y[2] ; CLK          ; CLK         ; 1.000        ; -0.069     ; 6.232      ;
; -5.301 ; PC:inst|REG16:reg|REG8:reg_1|y[6] ; PC:inst|REG16:reg|REG8:reg_2|y[2] ; CLK          ; CLK         ; 1.000        ; -0.069     ; 6.231      ;
; -5.278 ; PC:inst|REG16:reg|REG8:reg_1|y[4] ; PC:inst|REG16:reg|REG8:reg_2|y[1] ; CLK          ; CLK         ; 1.000        ; -0.072     ; 6.205      ;
; -5.273 ; PC:inst|REG16:reg|REG8:reg_2|y[5] ; PC:inst|REG16:reg|REG8:reg_2|y[2] ; CLK          ; CLK         ; 1.000        ; -0.070     ; 6.202      ;
; -5.247 ; PC:inst|REG16:reg|REG8:reg_2|y[7] ; PC:inst|REG16:reg|REG8:reg_2|y[1] ; CLK          ; CLK         ; 1.000        ; -0.467     ; 5.779      ;
; -5.245 ; PC:inst|REG16:reg|REG8:reg_2|y[6] ; PC:inst|REG16:reg|REG8:reg_2|y[1] ; CLK          ; CLK         ; 1.000        ; -0.467     ; 5.777      ;
; -5.236 ; PC:inst|REG16:reg|REG8:reg_2|y[0] ; PC:inst|REG16:reg|REG8:reg_2|y[3] ; CLK          ; CLK         ; 1.000        ; -0.069     ; 6.166      ;
; -5.223 ; PC:inst|REG16:reg|REG8:reg_1|y[3] ; PC:inst|REG16:reg|REG8:reg_2|y[1] ; CLK          ; CLK         ; 1.000        ; -0.072     ; 6.150      ;
; -5.218 ; PC:inst|REG16:reg|REG8:reg_1|y[2] ; PC:inst|REG16:reg|REG8:reg_2|y[3] ; CLK          ; CLK         ; 1.000        ; -0.071     ; 6.146      ;
; -5.218 ; PC:inst|REG16:reg|REG8:reg_2|y[1] ; PC:inst|REG16:reg|REG8:reg_2|y[1] ; CLK          ; CLK         ; 1.000        ; -0.070     ; 6.147      ;
; -5.195 ; PC:inst|REG16:reg|REG8:reg_1|y[4] ; PC:inst|REG16:reg|REG8:reg_2|y[2] ; CLK          ; CLK         ; 1.000        ; -0.071     ; 6.123      ;
; -5.189 ; PC:inst|REG16:reg|REG8:reg_2|y[4] ; PC:inst|REG16:reg|REG8:reg_2|y[1] ; CLK          ; CLK         ; 1.000        ; -0.072     ; 6.116      ;
; -5.186 ; PC:inst|REG16:reg|REG8:reg_2|y[2] ; PC:inst|REG16:reg|REG8:reg_2|y[3] ; CLK          ; CLK         ; 1.000        ; -0.070     ; 6.115      ;
; -5.181 ; PC:inst|REG16:reg|REG8:reg_2|y[3] ; PC:inst|REG16:reg|REG8:reg_2|y[1] ; CLK          ; CLK         ; 1.000        ; -0.071     ; 6.109      ;
; -5.164 ; PC:inst|REG16:reg|REG8:reg_2|y[7] ; PC:inst|REG16:reg|REG8:reg_2|y[2] ; CLK          ; CLK         ; 1.000        ; -0.466     ; 5.697      ;
; -5.162 ; PC:inst|REG16:reg|REG8:reg_2|y[6] ; PC:inst|REG16:reg|REG8:reg_2|y[2] ; CLK          ; CLK         ; 1.000        ; -0.466     ; 5.695      ;
; -5.149 ; PC:inst|REG16:reg|REG8:reg_1|y[5] ; PC:inst|REG16:reg|REG8:reg_2|y[1] ; CLK          ; CLK         ; 1.000        ; -0.072     ; 6.076      ;
; -5.149 ; PC:inst|REG16:reg|REG8:reg_1|y[1] ; PC:inst|REG16:reg|REG8:reg_2|y[1] ; CLK          ; CLK         ; 1.000        ; -0.072     ; 6.076      ;
; -5.140 ; PC:inst|REG16:reg|REG8:reg_1|y[3] ; PC:inst|REG16:reg|REG8:reg_2|y[2] ; CLK          ; CLK         ; 1.000        ; -0.071     ; 6.068      ;
; -5.135 ; PC:inst|REG16:reg|REG8:reg_2|y[1] ; PC:inst|REG16:reg|REG8:reg_2|y[2] ; CLK          ; CLK         ; 1.000        ; -0.069     ; 6.065      ;
; -5.106 ; PC:inst|REG16:reg|REG8:reg_2|y[4] ; PC:inst|REG16:reg|REG8:reg_2|y[2] ; CLK          ; CLK         ; 1.000        ; -0.071     ; 6.034      ;
; -5.098 ; PC:inst|REG16:reg|REG8:reg_2|y[3] ; PC:inst|REG16:reg|REG8:reg_2|y[2] ; CLK          ; CLK         ; 1.000        ; -0.070     ; 6.027      ;
; -5.081 ; PC:inst|REG16:reg|REG8:reg_2|y[0] ; PC:inst|REG16:reg|REG8:reg_2|y[1] ; CLK          ; CLK         ; 1.000        ; -0.070     ; 6.010      ;
; -5.066 ; PC:inst|REG16:reg|REG8:reg_1|y[5] ; PC:inst|REG16:reg|REG8:reg_2|y[2] ; CLK          ; CLK         ; 1.000        ; -0.071     ; 5.994      ;
; -5.066 ; PC:inst|REG16:reg|REG8:reg_1|y[1] ; PC:inst|REG16:reg|REG8:reg_2|y[2] ; CLK          ; CLK         ; 1.000        ; -0.071     ; 5.994      ;
+--------+-----------------------------------+-----------------------------------+--------------+-------------+--------------+------------+------------+


+-----------------------------------------------------------------------------------------------------------------------------------------------------+
; Slow 1200mV 0C Model Hold: 'CLK'                                                                                                                    ;
+-------+-----------------------------------+-----------------------------------+--------------+-------------+--------------+------------+------------+
; Slack ; From Node                         ; To Node                           ; Launch Clock ; Latch Clock ; Relationship ; Clock Skew ; Data Delay ;
+-------+-----------------------------------+-----------------------------------+--------------+-------------+--------------+------------+------------+
; 1.017 ; PC:inst|REG16:reg|REG8:reg_2|y[5] ; PC:inst|REG16:reg|REG8:reg_2|y[6] ; CLK          ; CLK         ; 0.000        ; 0.466      ; 1.654      ;
; 1.130 ; PC:inst|REG16:reg|REG8:reg_2|y[5] ; PC:inst|REG16:reg|REG8:reg_2|y[7] ; CLK          ; CLK         ; 0.000        ; 0.466      ; 1.767      ;
; 1.372 ; PC:inst|REG16:reg|REG8:reg_2|y[6] ; PC:inst|REG16:reg|REG8:reg_2|y[7] ; CLK          ; CLK         ; 0.000        ; 0.087      ; 1.630      ;
; 1.374 ; PC:inst|REG16:reg|REG8:reg_1|y[1] ; PC:inst|REG16:reg|REG8:reg_1|y[4] ; CLK          ; CLK         ; 0.000        ; 0.070      ; 1.615      ;
; 1.375 ; PC:inst|REG16:reg|REG8:reg_2|y[6] ; PC:inst|REG16:reg|REG8:reg_2|y[6] ; CLK          ; CLK         ; 0.000        ; 0.087      ; 1.633      ;
; 1.438 ; PC:inst|REG16:reg|REG8:reg_1|y[7] ; PC:inst|REG16:reg|REG8:reg_2|y[0] ; CLK          ; CLK         ; 0.000        ; 0.070      ; 1.679      ;
; 1.497 ; PC:inst|REG16:reg|REG8:reg_1|y[4] ; PC:inst|REG16:reg|REG8:reg_1|y[5] ; CLK          ; CLK         ; 0.000        ; 0.070      ; 1.738      ;
; 1.501 ; PC:inst|REG16:reg|REG8:reg_2|y[1] ; PC:inst|REG16:reg|REG8:reg_2|y[1] ; CLK          ; CLK         ; 0.000        ; 0.070      ; 1.742      ;
; 1.516 ; PC:inst|REG16:reg|REG8:reg_1|y[3] ; PC:inst|REG16:reg|REG8:reg_1|y[4] ; CLK          ; CLK         ; 0.000        ; 0.070      ; 1.757      ;
; 1.528 ; PC:inst|REG16:reg|REG8:reg_2|y[3] ; PC:inst|REG16:reg|REG8:reg_2|y[4] ; CLK          ; CLK         ; 0.000        ; 0.071      ; 1.770      ;
; 1.529 ; PC:inst|REG16:reg|REG8:reg_1|y[6] ; PC:inst|REG16:reg|REG8:reg_1|y[6] ; CLK          ; CLK         ; 0.000        ; 0.070      ; 1.770      ;
; 1.553 ; PC:inst|REG16:reg|REG8:reg_1|y[4] ; PC:inst|REG16:reg|REG8:reg_2|y[7] ; CLK          ; CLK         ; 0.000        ; 0.465      ; 2.189      ;
; 1.572 ; PC:inst|REG16:reg|REG8:reg_2|y[2] ; PC:inst|REG16:reg|REG8:reg_2|y[3] ; CLK          ; CLK         ; 0.000        ; 0.070      ; 1.813      ;
; 1.575 ; PC:inst|REG16:reg|REG8:reg_2|y[0] ; PC:inst|REG16:reg|REG8:reg_2|y[0] ; CLK          ; CLK         ; 0.000        ; 0.070      ; 1.816      ;
; 1.618 ; PC:inst|REG16:reg|REG8:reg_2|y[2] ; PC:inst|REG16:reg|REG8:reg_2|y[6] ; CLK          ; CLK         ; 0.000        ; 0.466      ; 2.255      ;
; 1.623 ; PC:inst|REG16:reg|REG8:reg_1|y[2] ; PC:inst|REG16:reg|REG8:reg_1|y[4] ; CLK          ; CLK         ; 0.000        ; 0.070      ; 1.864      ;
; 1.655 ; PC:inst|REG16:reg|REG8:reg_1|y[3] ; PC:inst|REG16:reg|REG8:reg_1|y[5] ; CLK          ; CLK         ; 0.000        ; 0.070      ; 1.896      ;
; 1.660 ; PC:inst|REG16:reg|REG8:reg_1|y[4] ; PC:inst|REG16:reg|REG8:reg_2|y[6] ; CLK          ; CLK         ; 0.000        ; 0.465      ; 2.296      ;
; 1.671 ; PC:inst|REG16:reg|REG8:reg_2|y[3] ; PC:inst|REG16:reg|REG8:reg_2|y[6] ; CLK          ; CLK         ; 0.000        ; 0.466      ; 2.308      ;
; 1.685 ; PC:inst|REG16:reg|REG8:reg_2|y[3] ; PC:inst|REG16:reg|REG8:reg_2|y[3] ; CLK          ; CLK         ; 0.000        ; 0.070      ; 1.926      ;
; 1.703 ; PC:inst|REG16:reg|REG8:reg_2|y[2] ; PC:inst|REG16:reg|REG8:reg_2|y[7] ; CLK          ; CLK         ; 0.000        ; 0.466      ; 2.340      ;
; 1.711 ; PC:inst|REG16:reg|REG8:reg_1|y[3] ; PC:inst|REG16:reg|REG8:reg_2|y[7] ; CLK          ; CLK         ; 0.000        ; 0.465      ; 2.347      ;
; 1.753 ; PC:inst|REG16:reg|REG8:reg_1|y[4] ; PC:inst|REG16:reg|REG8:reg_1|y[4] ; CLK          ; CLK         ; 0.000        ; 0.070      ; 1.994      ;
; 1.761 ; PC:inst|REG16:reg|REG8:reg_2|y[3] ; PC:inst|REG16:reg|REG8:reg_2|y[7] ; CLK          ; CLK         ; 0.000        ; 0.466      ; 2.398      ;
; 1.783 ; PC:inst|REG16:reg|REG8:reg_2|y[7] ; PC:inst|REG16:reg|REG8:reg_2|y[7] ; CLK          ; CLK         ; 0.000        ; 0.087      ; 2.041      ;
; 1.784 ; PC:inst|REG16:reg|REG8:reg_1|y[5] ; PC:inst|REG16:reg|REG8:reg_1|y[6] ; CLK          ; CLK         ; 0.000        ; 0.068      ; 2.023      ;
; 1.808 ; PC:inst|REG16:reg|REG8:reg_1|y[3] ; PC:inst|REG16:reg|REG8:reg_2|y[6] ; CLK          ; CLK         ; 0.000        ; 0.465      ; 2.444      ;
; 1.812 ; PC:inst|REG16:reg|REG8:reg_1|y[2] ; PC:inst|REG16:reg|REG8:reg_1|y[6] ; CLK          ; CLK         ; 0.000        ; 0.068      ; 2.051      ;
; 1.815 ; PC:inst|REG16:reg|REG8:reg_2|y[5] ; PC:inst|REG16:reg|REG8:reg_2|y[5] ; CLK          ; CLK         ; 0.000        ; 0.070      ; 2.056      ;
; 1.821 ; PC:inst|REG16:reg|REG8:reg_2|y[4] ; PC:inst|REG16:reg|REG8:reg_2|y[6] ; CLK          ; CLK         ; 0.000        ; 0.466      ; 2.458      ;
; 1.832 ; PC:inst|REG16:reg|REG8:reg_1|y[7] ; PC:inst|REG16:reg|REG8:reg_2|y[1] ; CLK          ; CLK         ; 0.000        ; 0.070      ; 2.073      ;
; 1.832 ; PC:inst|REG16:reg|REG8:reg_1|y[5] ; PC:inst|REG16:reg|REG8:reg_1|y[5] ; CLK          ; CLK         ; 0.000        ; 0.070      ; 2.073      ;
; 1.835 ; PC:inst|REG16:reg|REG8:reg_2|y[0] ; PC:inst|REG16:reg|REG8:reg_2|y[1] ; CLK          ; CLK         ; 0.000        ; 0.070      ; 2.076      ;
; 1.861 ; PC:inst|REG16:reg|REG8:reg_2|y[2] ; PC:inst|REG16:reg|REG8:reg_2|y[4] ; CLK          ; CLK         ; 0.000        ; 0.071      ; 2.103      ;
; 1.875 ; PC:inst|REG16:reg|REG8:reg_1|y[5] ; PC:inst|REG16:reg|REG8:reg_2|y[7] ; CLK          ; CLK         ; 0.000        ; 0.465      ; 2.511      ;
; 1.894 ; PC:inst|REG16:reg|REG8:reg_2|y[2] ; PC:inst|REG16:reg|REG8:reg_2|y[5] ; CLK          ; CLK         ; 0.000        ; 0.070      ; 2.135      ;
; 1.906 ; PC:inst|REG16:reg|REG8:reg_2|y[4] ; PC:inst|REG16:reg|REG8:reg_2|y[7] ; CLK          ; CLK         ; 0.000        ; 0.466      ; 2.543      ;
; 1.941 ; PC:inst|REG16:reg|REG8:reg_1|y[2] ; PC:inst|REG16:reg|REG8:reg_1|y[5] ; CLK          ; CLK         ; 0.000        ; 0.070      ; 2.182      ;
; 1.948 ; PC:inst|REG16:reg|REG8:reg_1|y[4] ; PC:inst|REG16:reg|REG8:reg_2|y[5] ; CLK          ; CLK         ; 0.000        ; 0.069      ; 2.188      ;
; 1.952 ; PC:inst|REG16:reg|REG8:reg_1|y[6] ; PC:inst|REG16:reg|REG8:reg_2|y[1] ; CLK          ; CLK         ; 0.000        ; 0.070      ; 2.193      ;
; 1.970 ; PC:inst|REG16:reg|REG8:reg_1|y[5] ; PC:inst|REG16:reg|REG8:reg_2|y[6] ; CLK          ; CLK         ; 0.000        ; 0.465      ; 2.606      ;
; 1.976 ; PC:inst|REG16:reg|REG8:reg_1|y[3] ; PC:inst|REG16:reg|REG8:reg_1|y[3] ; CLK          ; CLK         ; 0.000        ; 0.070      ; 2.217      ;
; 1.985 ; PC:inst|REG16:reg|REG8:reg_1|y[3] ; PC:inst|REG16:reg|REG8:reg_1|y[6] ; CLK          ; CLK         ; 0.000        ; 0.068      ; 2.224      ;
; 2.036 ; PC:inst|REG16:reg|REG8:reg_1|y[6] ; PC:inst|REG16:reg|REG8:reg_1|y[7] ; CLK          ; CLK         ; 0.000        ; 0.070      ; 2.277      ;
; 2.038 ; PC:inst|REG16:reg|REG8:reg_1|y[4] ; PC:inst|REG16:reg|REG8:reg_2|y[4] ; CLK          ; CLK         ; 0.000        ; 0.070      ; 2.279      ;
; 2.040 ; PC:inst|REG16:reg|REG8:reg_1|y[6] ; PC:inst|REG16:reg|REG8:reg_2|y[0] ; CLK          ; CLK         ; 0.000        ; 0.070      ; 2.281      ;
; 2.043 ; PC:inst|REG16:reg|REG8:reg_1|y[5] ; PC:inst|REG16:reg|REG8:reg_2|y[1] ; CLK          ; CLK         ; 0.000        ; 0.068      ; 2.282      ;
; 2.054 ; PC:inst|REG16:reg|REG8:reg_1|y[4] ; PC:inst|REG16:reg|REG8:reg_2|y[3] ; CLK          ; CLK         ; 0.000        ; 0.069      ; 2.294      ;
; 2.086 ; PC:inst|REG16:reg|REG8:reg_1|y[5] ; PC:inst|REG16:reg|REG8:reg_1|y[3] ; CLK          ; CLK         ; 0.000        ; 0.070      ; 2.327      ;
; 2.092 ; PC:inst|REG16:reg|REG8:reg_2|y[3] ; PC:inst|REG16:reg|REG8:reg_2|y[5] ; CLK          ; CLK         ; 0.000        ; 0.070      ; 2.333      ;
; 2.106 ; PC:inst|REG16:reg|REG8:reg_1|y[3] ; PC:inst|REG16:reg|REG8:reg_2|y[5] ; CLK          ; CLK         ; 0.000        ; 0.069      ; 2.346      ;
; 2.111 ; PC:inst|REG16:reg|REG8:reg_1|y[5] ; PC:inst|REG16:reg|REG8:reg_1|y[7] ; CLK          ; CLK         ; 0.000        ; 0.068      ; 2.350      ;
; 2.136 ; PC:inst|REG16:reg|REG8:reg_1|y[2] ; PC:inst|REG16:reg|REG8:reg_2|y[1] ; CLK          ; CLK         ; 0.000        ; 0.068      ; 2.375      ;
; 2.142 ; PC:inst|REG16:reg|REG8:reg_1|y[4] ; PC:inst|REG16:reg|REG8:reg_2|y[1] ; CLK          ; CLK         ; 0.000        ; 0.068      ; 2.381      ;
; 2.154 ; PC:inst|REG16:reg|REG8:reg_2|y[1] ; PC:inst|REG16:reg|REG8:reg_2|y[2] ; CLK          ; CLK         ; 0.000        ; 0.071      ; 2.396      ;
; 2.160 ; PC:inst|REG16:reg|REG8:reg_1|y[4] ; PC:inst|REG16:reg|REG8:reg_1|y[6] ; CLK          ; CLK         ; 0.000        ; 0.068      ; 2.399      ;
; 2.166 ; PC:inst|REG16:reg|REG8:reg_1|y[4] ; PC:inst|REG16:reg|REG8:reg_2|y[2] ; CLK          ; CLK         ; 0.000        ; 0.069      ; 2.406      ;
; 2.174 ; PC:inst|REG16:reg|REG8:reg_1|y[1] ; PC:inst|REG16:reg|REG8:reg_1|y[6] ; CLK          ; CLK         ; 0.000        ; 0.068      ; 2.413      ;
; 2.182 ; PC:inst|REG16:reg|REG8:reg_1|y[3] ; PC:inst|REG16:reg|REG8:reg_2|y[4] ; CLK          ; CLK         ; 0.000        ; 0.070      ; 2.423      ;
; 2.191 ; PC:inst|REG16:reg|REG8:reg_2|y[1] ; PC:inst|REG16:reg|REG8:reg_2|y[6] ; CLK          ; CLK         ; 0.000        ; 0.467      ; 2.829      ;
; 2.202 ; PC:inst|REG16:reg|REG8:reg_1|y[3] ; PC:inst|REG16:reg|REG8:reg_2|y[3] ; CLK          ; CLK         ; 0.000        ; 0.069      ; 2.442      ;
; 2.212 ; PC:inst|REG16:reg|REG8:reg_1|y[2] ; PC:inst|REG16:reg|REG8:reg_1|y[3] ; CLK          ; CLK         ; 0.000        ; 0.070      ; 2.453      ;
; 2.214 ; PC:inst|REG16:reg|REG8:reg_1|y[7] ; PC:inst|REG16:reg|REG8:reg_1|y[7] ; CLK          ; CLK         ; 0.000        ; 0.070      ; 2.455      ;
; 2.214 ; PC:inst|REG16:reg|REG8:reg_1|y[2] ; PC:inst|REG16:reg|REG8:reg_1|y[7] ; CLK          ; CLK         ; 0.000        ; 0.068      ; 2.453      ;
; 2.226 ; PC:inst|REG16:reg|REG8:reg_1|y[4] ; PC:inst|REG16:reg|REG8:reg_1|y[7] ; CLK          ; CLK         ; 0.000        ; 0.068      ; 2.465      ;
; 2.227 ; PC:inst|REG16:reg|REG8:reg_1|y[4] ; PC:inst|REG16:reg|REG8:reg_2|y[0] ; CLK          ; CLK         ; 0.000        ; 0.068      ; 2.466      ;
; 2.229 ; PC:inst|REG16:reg|REG8:reg_2|y[2] ; PC:inst|REG16:reg|REG8:reg_2|y[2] ; CLK          ; CLK         ; 0.000        ; 0.070      ; 2.470      ;
; 2.238 ; PC:inst|REG16:reg|REG8:reg_2|y[1] ; PC:inst|REG16:reg|REG8:reg_2|y[3] ; CLK          ; CLK         ; 0.000        ; 0.071      ; 2.480      ;
; 2.253 ; PC:inst|REG16:reg|REG8:reg_1|y[4] ; PC:inst|REG16:reg|REG8:reg_1|y[3] ; CLK          ; CLK         ; 0.000        ; 0.070      ; 2.494      ;
; 2.258 ; PC:inst|REG16:reg|REG8:reg_2|y[4] ; PC:inst|REG16:reg|REG8:reg_2|y[5] ; CLK          ; CLK         ; 0.000        ; 0.070      ; 2.499      ;
; 2.262 ; PC:inst|REG16:reg|REG8:reg_2|y[4] ; PC:inst|REG16:reg|REG8:reg_2|y[4] ; CLK          ; CLK         ; 0.000        ; 0.071      ; 2.504      ;
; 2.270 ; PC:inst|REG16:reg|REG8:reg_1|y[5] ; PC:inst|REG16:reg|REG8:reg_2|y[5] ; CLK          ; CLK         ; 0.000        ; 0.069      ; 2.510      ;
; 2.276 ; PC:inst|REG16:reg|REG8:reg_2|y[1] ; PC:inst|REG16:reg|REG8:reg_2|y[7] ; CLK          ; CLK         ; 0.000        ; 0.467      ; 2.914      ;
; 2.286 ; PC:inst|REG16:reg|REG8:reg_1|y[3] ; PC:inst|REG16:reg|REG8:reg_2|y[1] ; CLK          ; CLK         ; 0.000        ; 0.068      ; 2.525      ;
; 2.297 ; PC:inst|REG16:reg|REG8:reg_1|y[7] ; PC:inst|REG16:reg|REG8:reg_2|y[6] ; CLK          ; CLK         ; 0.000        ; 0.467      ; 2.935      ;
; 2.298 ; PC:inst|REG16:reg|REG8:reg_1|y[1] ; PC:inst|REG16:reg|REG8:reg_1|y[5] ; CLK          ; CLK         ; 0.000        ; 0.070      ; 2.539      ;
; 2.318 ; PC:inst|REG16:reg|REG8:reg_1|y[1] ; PC:inst|REG16:reg|REG8:reg_1|y[3] ; CLK          ; CLK         ; 0.000        ; 0.070      ; 2.559      ;
; 2.324 ; PC:inst|REG16:reg|REG8:reg_1|y[3] ; PC:inst|REG16:reg|REG8:reg_2|y[2] ; CLK          ; CLK         ; 0.000        ; 0.069      ; 2.564      ;
; 2.344 ; PC:inst|REG16:reg|REG8:reg_1|y[5] ; PC:inst|REG16:reg|REG8:reg_2|y[4] ; CLK          ; CLK         ; 0.000        ; 0.070      ; 2.585      ;
; 2.347 ; PC:inst|REG16:reg|REG8:reg_1|y[7] ; PC:inst|REG16:reg|REG8:reg_2|y[3] ; CLK          ; CLK         ; 0.000        ; 0.071      ; 2.589      ;
; 2.364 ; PC:inst|REG16:reg|REG8:reg_1|y[5] ; PC:inst|REG16:reg|REG8:reg_2|y[3] ; CLK          ; CLK         ; 0.000        ; 0.069      ; 2.604      ;
; 2.370 ; PC:inst|REG16:reg|REG8:reg_1|y[3] ; PC:inst|REG16:reg|REG8:reg_1|y[7] ; CLK          ; CLK         ; 0.000        ; 0.068      ; 2.609      ;
; 2.371 ; PC:inst|REG16:reg|REG8:reg_1|y[3] ; PC:inst|REG16:reg|REG8:reg_2|y[0] ; CLK          ; CLK         ; 0.000        ; 0.068      ; 2.610      ;
; 2.380 ; PC:inst|REG16:reg|REG8:reg_1|y[1] ; PC:inst|REG16:reg|REG8:reg_1|y[1] ; CLK          ; CLK         ; 0.000        ; 0.070      ; 2.621      ;
; 2.382 ; PC:inst|REG16:reg|REG8:reg_1|y[7] ; PC:inst|REG16:reg|REG8:reg_2|y[7] ; CLK          ; CLK         ; 0.000        ; 0.467      ; 3.020      ;
; 2.387 ; PC:inst|REG16:reg|REG8:reg_2|y[0] ; PC:inst|REG16:reg|REG8:reg_2|y[6] ; CLK          ; CLK         ; 0.000        ; 0.467      ; 3.025      ;
; 2.415 ; PC:inst|REG16:reg|REG8:reg_1|y[5] ; PC:inst|REG16:reg|REG8:reg_2|y[0] ; CLK          ; CLK         ; 0.000        ; 0.068      ; 2.654      ;
; 2.430 ; PC:inst|REG16:reg|REG8:reg_1|y[2] ; PC:inst|REG16:reg|REG8:reg_1|y[2] ; CLK          ; CLK         ; 0.000        ; 0.070      ; 2.671      ;
; 2.437 ; PC:inst|REG16:reg|REG8:reg_2|y[0] ; PC:inst|REG16:reg|REG8:reg_2|y[3] ; CLK          ; CLK         ; 0.000        ; 0.071      ; 2.679      ;
; 2.466 ; PC:inst|REG16:reg|REG8:reg_1|y[0] ; PC:inst|REG16:reg|REG8:reg_1|y[3] ; CLK          ; CLK         ; 0.000        ; 0.071      ; 2.708      ;
; 2.472 ; PC:inst|REG16:reg|REG8:reg_2|y[0] ; PC:inst|REG16:reg|REG8:reg_2|y[7] ; CLK          ; CLK         ; 0.000        ; 0.467      ; 3.110      ;
; 2.473 ; PC:inst|REG16:reg|REG8:reg_1|y[6] ; PC:inst|REG16:reg|REG8:reg_2|y[2] ; CLK          ; CLK         ; 0.000        ; 0.071      ; 2.715      ;
; 2.487 ; PC:inst|REG16:reg|REG8:reg_1|y[5] ; PC:inst|REG16:reg|REG8:reg_2|y[2] ; CLK          ; CLK         ; 0.000        ; 0.069      ; 2.727      ;
; 2.493 ; PC:inst|REG16:reg|REG8:reg_2|y[2] ; PC:inst|REG16:reg|REG8:reg_1|y[5] ; CLK          ; CLK         ; 0.000        ; 0.071      ; 2.735      ;
; 2.497 ; PC:inst|REG16:reg|REG8:reg_1|y[4] ; PC:inst|REG16:reg|REG8:reg_1|y[2] ; CLK          ; CLK         ; 0.000        ; 0.070      ; 2.738      ;
; 2.507 ; PC:inst|REG16:reg|REG8:reg_2|y[0] ; PC:inst|REG16:reg|REG8:reg_2|y[2] ; CLK          ; CLK         ; 0.000        ; 0.071      ; 2.749      ;
; 2.508 ; PC:inst|REG16:reg|REG8:reg_1|y[2] ; PC:inst|REG16:reg|REG8:reg_2|y[0] ; CLK          ; CLK         ; 0.000        ; 0.068      ; 2.747      ;
; 2.512 ; PC:inst|REG16:reg|REG8:reg_1|y[1] ; PC:inst|REG16:reg|REG8:reg_2|y[1] ; CLK          ; CLK         ; 0.000        ; 0.068      ; 2.751      ;
; 2.516 ; PC:inst|REG16:reg|REG8:reg_1|y[5] ; PC:inst|REG16:reg|REG8:reg_1|y[4] ; CLK          ; CLK         ; 0.000        ; 0.070      ; 2.757      ;
; 2.518 ; PC:inst|REG16:reg|REG8:reg_1|y[6] ; PC:inst|REG16:reg|REG8:reg_2|y[6] ; CLK          ; CLK         ; 0.000        ; 0.467      ; 3.156      ;
+-------+-----------------------------------+-----------------------------------+--------------+-------------+--------------+------------+------------+


----------------------------------------------
; Slow 1200mV 0C Model Metastability Summary ;
----------------------------------------------
No synchronizer chains to report.


+------------------------------------+
; Fast 1200mV 0C Model Setup Summary ;
+-------+--------+-------------------+
; Clock ; Slack  ; End Point TNS     ;
+-------+--------+-------------------+
; CLK   ; -2.619 ; -32.429           ;
+-------+--------+-------------------+


+-----------------------------------+
; Fast 1200mV 0C Model Hold Summary ;
+-------+-------+-------------------+
; Clock ; Slack ; End Point TNS     ;
+-------+-------+-------------------+
; CLK   ; 0.512 ; 0.000             ;
+-------+-------+-------------------+


-----------------------------------------
; Fast 1200mV 0C Model Recovery Summary ;
-----------------------------------------
No paths to report.


----------------------------------------
; Fast 1200mV 0C Model Removal Summary ;
----------------------------------------
No paths to report.


+--------------------------------------------------+
; Fast 1200mV 0C Model Minimum Pulse Width Summary ;
+-------+--------+---------------------------------+
; Clock ; Slack  ; End Point TNS                   ;
+-------+--------+---------------------------------+
; CLK   ; -3.000 ; -20.020                         ;
+-------+--------+---------------------------------+


+------------------------------------------------------------------------------------------------------------------------------------------------------+
; Fast 1200mV 0C Model Setup: 'CLK'                                                                                                                    ;
+--------+-----------------------------------+-----------------------------------+--------------+-------------+--------------+------------+------------+
; Slack  ; From Node                         ; To Node                           ; Launch Clock ; Latch Clock ; Relationship ; Clock Skew ; Data Delay ;
+--------+-----------------------------------+-----------------------------------+--------------+-------------+--------------+------------+------------+
; -2.619 ; PC:inst|REG16:reg|REG8:reg_1|y[3] ; PC:inst|REG16:reg|REG8:reg_2|y[5] ; CLK          ; CLK         ; 1.000        ; -0.041     ; 3.565      ;
; -2.595 ; PC:inst|REG16:reg|REG8:reg_1|y[3] ; PC:inst|REG16:reg|REG8:reg_2|y[7] ; CLK          ; CLK         ; 1.000        ; 0.154      ; 3.736      ;
; -2.595 ; PC:inst|REG16:reg|REG8:reg_1|y[3] ; PC:inst|REG16:reg|REG8:reg_2|y[6] ; CLK          ; CLK         ; 1.000        ; 0.154      ; 3.736      ;
; -2.594 ; PC:inst|REG16:reg|REG8:reg_1|y[6] ; PC:inst|REG16:reg|REG8:reg_2|y[5] ; CLK          ; CLK         ; 1.000        ; -0.040     ; 3.541      ;
; -2.590 ; PC:inst|REG16:reg|REG8:reg_1|y[7] ; PC:inst|REG16:reg|REG8:reg_2|y[5] ; CLK          ; CLK         ; 1.000        ; -0.040     ; 3.537      ;
; -2.587 ; PC:inst|REG16:reg|REG8:reg_1|y[3] ; PC:inst|REG16:reg|REG8:reg_2|y[4] ; CLK          ; CLK         ; 1.000        ; -0.040     ; 3.534      ;
; -2.570 ; PC:inst|REG16:reg|REG8:reg_1|y[6] ; PC:inst|REG16:reg|REG8:reg_2|y[7] ; CLK          ; CLK         ; 1.000        ; 0.155      ; 3.712      ;
; -2.570 ; PC:inst|REG16:reg|REG8:reg_1|y[6] ; PC:inst|REG16:reg|REG8:reg_2|y[6] ; CLK          ; CLK         ; 1.000        ; 0.155      ; 3.712      ;
; -2.566 ; PC:inst|REG16:reg|REG8:reg_1|y[7] ; PC:inst|REG16:reg|REG8:reg_2|y[7] ; CLK          ; CLK         ; 1.000        ; 0.155      ; 3.708      ;
; -2.566 ; PC:inst|REG16:reg|REG8:reg_1|y[7] ; PC:inst|REG16:reg|REG8:reg_2|y[6] ; CLK          ; CLK         ; 1.000        ; 0.155      ; 3.708      ;
; -2.562 ; PC:inst|REG16:reg|REG8:reg_1|y[6] ; PC:inst|REG16:reg|REG8:reg_2|y[4] ; CLK          ; CLK         ; 1.000        ; -0.039     ; 3.510      ;
; -2.559 ; PC:inst|REG16:reg|REG8:reg_2|y[5] ; PC:inst|REG16:reg|REG8:reg_2|y[5] ; CLK          ; CLK         ; 1.000        ; -0.040     ; 3.506      ;
; -2.558 ; PC:inst|REG16:reg|REG8:reg_1|y[7] ; PC:inst|REG16:reg|REG8:reg_2|y[4] ; CLK          ; CLK         ; 1.000        ; -0.039     ; 3.506      ;
; -2.535 ; PC:inst|REG16:reg|REG8:reg_2|y[5] ; PC:inst|REG16:reg|REG8:reg_2|y[7] ; CLK          ; CLK         ; 1.000        ; 0.155      ; 3.677      ;
; -2.535 ; PC:inst|REG16:reg|REG8:reg_2|y[5] ; PC:inst|REG16:reg|REG8:reg_2|y[6] ; CLK          ; CLK         ; 1.000        ; 0.155      ; 3.677      ;
; -2.534 ; PC:inst|REG16:reg|REG8:reg_1|y[4] ; PC:inst|REG16:reg|REG8:reg_2|y[5] ; CLK          ; CLK         ; 1.000        ; -0.041     ; 3.480      ;
; -2.527 ; PC:inst|REG16:reg|REG8:reg_2|y[5] ; PC:inst|REG16:reg|REG8:reg_2|y[4] ; CLK          ; CLK         ; 1.000        ; -0.039     ; 3.475      ;
; -2.520 ; PC:inst|REG16:reg|REG8:reg_2|y[7] ; PC:inst|REG16:reg|REG8:reg_2|y[5] ; CLK          ; CLK         ; 1.000        ; -0.243     ; 3.264      ;
; -2.517 ; PC:inst|REG16:reg|REG8:reg_2|y[6] ; PC:inst|REG16:reg|REG8:reg_2|y[5] ; CLK          ; CLK         ; 1.000        ; -0.243     ; 3.261      ;
; -2.510 ; PC:inst|REG16:reg|REG8:reg_1|y[4] ; PC:inst|REG16:reg|REG8:reg_2|y[7] ; CLK          ; CLK         ; 1.000        ; 0.154      ; 3.651      ;
; -2.510 ; PC:inst|REG16:reg|REG8:reg_1|y[4] ; PC:inst|REG16:reg|REG8:reg_2|y[6] ; CLK          ; CLK         ; 1.000        ; 0.154      ; 3.651      ;
; -2.502 ; PC:inst|REG16:reg|REG8:reg_1|y[4] ; PC:inst|REG16:reg|REG8:reg_2|y[4] ; CLK          ; CLK         ; 1.000        ; -0.040     ; 3.449      ;
; -2.498 ; PC:inst|REG16:reg|REG8:reg_2|y[1] ; PC:inst|REG16:reg|REG8:reg_2|y[5] ; CLK          ; CLK         ; 1.000        ; -0.040     ; 3.445      ;
; -2.496 ; PC:inst|REG16:reg|REG8:reg_2|y[7] ; PC:inst|REG16:reg|REG8:reg_2|y[7] ; CLK          ; CLK         ; 1.000        ; -0.048     ; 3.435      ;
; -2.496 ; PC:inst|REG16:reg|REG8:reg_2|y[7] ; PC:inst|REG16:reg|REG8:reg_2|y[6] ; CLK          ; CLK         ; 1.000        ; -0.048     ; 3.435      ;
; -2.493 ; PC:inst|REG16:reg|REG8:reg_2|y[6] ; PC:inst|REG16:reg|REG8:reg_2|y[7] ; CLK          ; CLK         ; 1.000        ; -0.048     ; 3.432      ;
; -2.493 ; PC:inst|REG16:reg|REG8:reg_2|y[6] ; PC:inst|REG16:reg|REG8:reg_2|y[6] ; CLK          ; CLK         ; 1.000        ; -0.048     ; 3.432      ;
; -2.488 ; PC:inst|REG16:reg|REG8:reg_2|y[7] ; PC:inst|REG16:reg|REG8:reg_2|y[4] ; CLK          ; CLK         ; 1.000        ; -0.242     ; 3.233      ;
; -2.485 ; PC:inst|REG16:reg|REG8:reg_2|y[6] ; PC:inst|REG16:reg|REG8:reg_2|y[4] ; CLK          ; CLK         ; 1.000        ; -0.242     ; 3.230      ;
; -2.474 ; PC:inst|REG16:reg|REG8:reg_2|y[1] ; PC:inst|REG16:reg|REG8:reg_2|y[7] ; CLK          ; CLK         ; 1.000        ; 0.155      ; 3.616      ;
; -2.474 ; PC:inst|REG16:reg|REG8:reg_2|y[1] ; PC:inst|REG16:reg|REG8:reg_2|y[6] ; CLK          ; CLK         ; 1.000        ; 0.155      ; 3.616      ;
; -2.469 ; PC:inst|REG16:reg|REG8:reg_1|y[1] ; PC:inst|REG16:reg|REG8:reg_2|y[5] ; CLK          ; CLK         ; 1.000        ; -0.041     ; 3.415      ;
; -2.466 ; PC:inst|REG16:reg|REG8:reg_2|y[1] ; PC:inst|REG16:reg|REG8:reg_2|y[4] ; CLK          ; CLK         ; 1.000        ; -0.039     ; 3.414      ;
; -2.465 ; PC:inst|REG16:reg|REG8:reg_1|y[5] ; PC:inst|REG16:reg|REG8:reg_2|y[5] ; CLK          ; CLK         ; 1.000        ; -0.041     ; 3.411      ;
; -2.464 ; PC:inst|REG16:reg|REG8:reg_2|y[4] ; PC:inst|REG16:reg|REG8:reg_2|y[5] ; CLK          ; CLK         ; 1.000        ; -0.040     ; 3.411      ;
; -2.460 ; PC:inst|REG16:reg|REG8:reg_2|y[3] ; PC:inst|REG16:reg|REG8:reg_2|y[5] ; CLK          ; CLK         ; 1.000        ; -0.040     ; 3.407      ;
; -2.451 ; PC:inst|REG16:reg|REG8:reg_1|y[2] ; PC:inst|REG16:reg|REG8:reg_2|y[5] ; CLK          ; CLK         ; 1.000        ; -0.041     ; 3.397      ;
; -2.445 ; PC:inst|REG16:reg|REG8:reg_1|y[1] ; PC:inst|REG16:reg|REG8:reg_2|y[7] ; CLK          ; CLK         ; 1.000        ; 0.154      ; 3.586      ;
; -2.445 ; PC:inst|REG16:reg|REG8:reg_1|y[1] ; PC:inst|REG16:reg|REG8:reg_2|y[6] ; CLK          ; CLK         ; 1.000        ; 0.154      ; 3.586      ;
; -2.442 ; PC:inst|REG16:reg|REG8:reg_2|y[0] ; PC:inst|REG16:reg|REG8:reg_2|y[5] ; CLK          ; CLK         ; 1.000        ; -0.040     ; 3.389      ;
; -2.441 ; PC:inst|REG16:reg|REG8:reg_1|y[5] ; PC:inst|REG16:reg|REG8:reg_2|y[7] ; CLK          ; CLK         ; 1.000        ; 0.154      ; 3.582      ;
; -2.441 ; PC:inst|REG16:reg|REG8:reg_1|y[5] ; PC:inst|REG16:reg|REG8:reg_2|y[6] ; CLK          ; CLK         ; 1.000        ; 0.154      ; 3.582      ;
; -2.440 ; PC:inst|REG16:reg|REG8:reg_2|y[4] ; PC:inst|REG16:reg|REG8:reg_2|y[7] ; CLK          ; CLK         ; 1.000        ; 0.155      ; 3.582      ;
; -2.440 ; PC:inst|REG16:reg|REG8:reg_2|y[4] ; PC:inst|REG16:reg|REG8:reg_2|y[6] ; CLK          ; CLK         ; 1.000        ; 0.155      ; 3.582      ;
; -2.437 ; PC:inst|REG16:reg|REG8:reg_1|y[1] ; PC:inst|REG16:reg|REG8:reg_2|y[4] ; CLK          ; CLK         ; 1.000        ; -0.040     ; 3.384      ;
; -2.436 ; PC:inst|REG16:reg|REG8:reg_1|y[3] ; PC:inst|REG16:reg|REG8:reg_2|y[3] ; CLK          ; CLK         ; 1.000        ; -0.041     ; 3.382      ;
; -2.436 ; PC:inst|REG16:reg|REG8:reg_2|y[3] ; PC:inst|REG16:reg|REG8:reg_2|y[7] ; CLK          ; CLK         ; 1.000        ; 0.155      ; 3.578      ;
; -2.436 ; PC:inst|REG16:reg|REG8:reg_2|y[3] ; PC:inst|REG16:reg|REG8:reg_2|y[6] ; CLK          ; CLK         ; 1.000        ; 0.155      ; 3.578      ;
; -2.433 ; PC:inst|REG16:reg|REG8:reg_1|y[5] ; PC:inst|REG16:reg|REG8:reg_2|y[4] ; CLK          ; CLK         ; 1.000        ; -0.040     ; 3.380      ;
; -2.432 ; PC:inst|REG16:reg|REG8:reg_2|y[4] ; PC:inst|REG16:reg|REG8:reg_2|y[4] ; CLK          ; CLK         ; 1.000        ; -0.039     ; 3.380      ;
; -2.428 ; PC:inst|REG16:reg|REG8:reg_2|y[3] ; PC:inst|REG16:reg|REG8:reg_2|y[4] ; CLK          ; CLK         ; 1.000        ; -0.039     ; 3.376      ;
; -2.427 ; PC:inst|REG16:reg|REG8:reg_1|y[2] ; PC:inst|REG16:reg|REG8:reg_2|y[7] ; CLK          ; CLK         ; 1.000        ; 0.154      ; 3.568      ;
; -2.427 ; PC:inst|REG16:reg|REG8:reg_1|y[2] ; PC:inst|REG16:reg|REG8:reg_2|y[6] ; CLK          ; CLK         ; 1.000        ; 0.154      ; 3.568      ;
; -2.419 ; PC:inst|REG16:reg|REG8:reg_1|y[2] ; PC:inst|REG16:reg|REG8:reg_2|y[4] ; CLK          ; CLK         ; 1.000        ; -0.040     ; 3.366      ;
; -2.418 ; PC:inst|REG16:reg|REG8:reg_2|y[0] ; PC:inst|REG16:reg|REG8:reg_2|y[7] ; CLK          ; CLK         ; 1.000        ; 0.155      ; 3.560      ;
; -2.418 ; PC:inst|REG16:reg|REG8:reg_2|y[0] ; PC:inst|REG16:reg|REG8:reg_2|y[6] ; CLK          ; CLK         ; 1.000        ; 0.155      ; 3.560      ;
; -2.411 ; PC:inst|REG16:reg|REG8:reg_1|y[6] ; PC:inst|REG16:reg|REG8:reg_2|y[3] ; CLK          ; CLK         ; 1.000        ; -0.040     ; 3.358      ;
; -2.410 ; PC:inst|REG16:reg|REG8:reg_2|y[0] ; PC:inst|REG16:reg|REG8:reg_2|y[4] ; CLK          ; CLK         ; 1.000        ; -0.039     ; 3.358      ;
; -2.407 ; PC:inst|REG16:reg|REG8:reg_1|y[7] ; PC:inst|REG16:reg|REG8:reg_2|y[3] ; CLK          ; CLK         ; 1.000        ; -0.040     ; 3.354      ;
; -2.396 ; PC:inst|REG16:reg|REG8:reg_2|y[2] ; PC:inst|REG16:reg|REG8:reg_2|y[5] ; CLK          ; CLK         ; 1.000        ; -0.040     ; 3.343      ;
; -2.376 ; PC:inst|REG16:reg|REG8:reg_2|y[5] ; PC:inst|REG16:reg|REG8:reg_2|y[3] ; CLK          ; CLK         ; 1.000        ; -0.040     ; 3.323      ;
; -2.372 ; PC:inst|REG16:reg|REG8:reg_2|y[2] ; PC:inst|REG16:reg|REG8:reg_2|y[7] ; CLK          ; CLK         ; 1.000        ; 0.155      ; 3.514      ;
; -2.372 ; PC:inst|REG16:reg|REG8:reg_2|y[2] ; PC:inst|REG16:reg|REG8:reg_2|y[6] ; CLK          ; CLK         ; 1.000        ; 0.155      ; 3.514      ;
; -2.364 ; PC:inst|REG16:reg|REG8:reg_2|y[2] ; PC:inst|REG16:reg|REG8:reg_2|y[4] ; CLK          ; CLK         ; 1.000        ; -0.039     ; 3.312      ;
; -2.363 ; PC:inst|REG16:reg|REG8:reg_1|y[3] ; PC:inst|REG16:reg|REG8:reg_2|y[1] ; CLK          ; CLK         ; 1.000        ; -0.041     ; 3.309      ;
; -2.351 ; PC:inst|REG16:reg|REG8:reg_1|y[4] ; PC:inst|REG16:reg|REG8:reg_2|y[3] ; CLK          ; CLK         ; 1.000        ; -0.041     ; 3.297      ;
; -2.338 ; PC:inst|REG16:reg|REG8:reg_1|y[6] ; PC:inst|REG16:reg|REG8:reg_2|y[1] ; CLK          ; CLK         ; 1.000        ; -0.040     ; 3.285      ;
; -2.337 ; PC:inst|REG16:reg|REG8:reg_2|y[7] ; PC:inst|REG16:reg|REG8:reg_2|y[3] ; CLK          ; CLK         ; 1.000        ; -0.243     ; 3.081      ;
; -2.334 ; PC:inst|REG16:reg|REG8:reg_2|y[6] ; PC:inst|REG16:reg|REG8:reg_2|y[3] ; CLK          ; CLK         ; 1.000        ; -0.243     ; 3.078      ;
; -2.334 ; PC:inst|REG16:reg|REG8:reg_1|y[7] ; PC:inst|REG16:reg|REG8:reg_2|y[1] ; CLK          ; CLK         ; 1.000        ; -0.040     ; 3.281      ;
; -2.321 ; PC:inst|REG16:reg|REG8:reg_1|y[3] ; PC:inst|REG16:reg|REG8:reg_2|y[2] ; CLK          ; CLK         ; 1.000        ; -0.041     ; 3.267      ;
; -2.315 ; PC:inst|REG16:reg|REG8:reg_2|y[1] ; PC:inst|REG16:reg|REG8:reg_2|y[3] ; CLK          ; CLK         ; 1.000        ; -0.040     ; 3.262      ;
; -2.303 ; PC:inst|REG16:reg|REG8:reg_2|y[5] ; PC:inst|REG16:reg|REG8:reg_2|y[1] ; CLK          ; CLK         ; 1.000        ; -0.040     ; 3.250      ;
; -2.296 ; PC:inst|REG16:reg|REG8:reg_1|y[6] ; PC:inst|REG16:reg|REG8:reg_2|y[2] ; CLK          ; CLK         ; 1.000        ; -0.040     ; 3.243      ;
; -2.292 ; PC:inst|REG16:reg|REG8:reg_1|y[7] ; PC:inst|REG16:reg|REG8:reg_2|y[2] ; CLK          ; CLK         ; 1.000        ; -0.040     ; 3.239      ;
; -2.286 ; PC:inst|REG16:reg|REG8:reg_1|y[1] ; PC:inst|REG16:reg|REG8:reg_2|y[3] ; CLK          ; CLK         ; 1.000        ; -0.041     ; 3.232      ;
; -2.282 ; PC:inst|REG16:reg|REG8:reg_1|y[5] ; PC:inst|REG16:reg|REG8:reg_2|y[3] ; CLK          ; CLK         ; 1.000        ; -0.041     ; 3.228      ;
; -2.281 ; PC:inst|REG16:reg|REG8:reg_2|y[4] ; PC:inst|REG16:reg|REG8:reg_2|y[3] ; CLK          ; CLK         ; 1.000        ; -0.040     ; 3.228      ;
; -2.278 ; PC:inst|REG16:reg|REG8:reg_1|y[4] ; PC:inst|REG16:reg|REG8:reg_2|y[1] ; CLK          ; CLK         ; 1.000        ; -0.041     ; 3.224      ;
; -2.277 ; PC:inst|REG16:reg|REG8:reg_2|y[3] ; PC:inst|REG16:reg|REG8:reg_2|y[3] ; CLK          ; CLK         ; 1.000        ; -0.040     ; 3.224      ;
; -2.268 ; PC:inst|REG16:reg|REG8:reg_1|y[2] ; PC:inst|REG16:reg|REG8:reg_2|y[3] ; CLK          ; CLK         ; 1.000        ; -0.041     ; 3.214      ;
; -2.264 ; PC:inst|REG16:reg|REG8:reg_2|y[7] ; PC:inst|REG16:reg|REG8:reg_2|y[1] ; CLK          ; CLK         ; 1.000        ; -0.243     ; 3.008      ;
; -2.261 ; PC:inst|REG16:reg|REG8:reg_2|y[6] ; PC:inst|REG16:reg|REG8:reg_2|y[1] ; CLK          ; CLK         ; 1.000        ; -0.243     ; 3.005      ;
; -2.261 ; PC:inst|REG16:reg|REG8:reg_2|y[5] ; PC:inst|REG16:reg|REG8:reg_2|y[2] ; CLK          ; CLK         ; 1.000        ; -0.040     ; 3.208      ;
; -2.259 ; PC:inst|REG16:reg|REG8:reg_2|y[0] ; PC:inst|REG16:reg|REG8:reg_2|y[3] ; CLK          ; CLK         ; 1.000        ; -0.040     ; 3.206      ;
; -2.242 ; PC:inst|REG16:reg|REG8:reg_2|y[1] ; PC:inst|REG16:reg|REG8:reg_2|y[1] ; CLK          ; CLK         ; 1.000        ; -0.040     ; 3.189      ;
; -2.236 ; PC:inst|REG16:reg|REG8:reg_1|y[4] ; PC:inst|REG16:reg|REG8:reg_2|y[2] ; CLK          ; CLK         ; 1.000        ; -0.041     ; 3.182      ;
; -2.222 ; PC:inst|REG16:reg|REG8:reg_2|y[7] ; PC:inst|REG16:reg|REG8:reg_2|y[2] ; CLK          ; CLK         ; 1.000        ; -0.243     ; 2.966      ;
; -2.219 ; PC:inst|REG16:reg|REG8:reg_2|y[6] ; PC:inst|REG16:reg|REG8:reg_2|y[2] ; CLK          ; CLK         ; 1.000        ; -0.243     ; 2.963      ;
; -2.213 ; PC:inst|REG16:reg|REG8:reg_2|y[2] ; PC:inst|REG16:reg|REG8:reg_2|y[3] ; CLK          ; CLK         ; 1.000        ; -0.040     ; 3.160      ;
; -2.213 ; PC:inst|REG16:reg|REG8:reg_1|y[1] ; PC:inst|REG16:reg|REG8:reg_2|y[1] ; CLK          ; CLK         ; 1.000        ; -0.041     ; 3.159      ;
; -2.209 ; PC:inst|REG16:reg|REG8:reg_1|y[5] ; PC:inst|REG16:reg|REG8:reg_2|y[1] ; CLK          ; CLK         ; 1.000        ; -0.041     ; 3.155      ;
; -2.208 ; PC:inst|REG16:reg|REG8:reg_2|y[4] ; PC:inst|REG16:reg|REG8:reg_2|y[1] ; CLK          ; CLK         ; 1.000        ; -0.040     ; 3.155      ;
; -2.204 ; PC:inst|REG16:reg|REG8:reg_2|y[3] ; PC:inst|REG16:reg|REG8:reg_2|y[1] ; CLK          ; CLK         ; 1.000        ; -0.040     ; 3.151      ;
; -2.200 ; PC:inst|REG16:reg|REG8:reg_2|y[1] ; PC:inst|REG16:reg|REG8:reg_2|y[2] ; CLK          ; CLK         ; 1.000        ; -0.040     ; 3.147      ;
; -2.195 ; PC:inst|REG16:reg|REG8:reg_1|y[2] ; PC:inst|REG16:reg|REG8:reg_2|y[1] ; CLK          ; CLK         ; 1.000        ; -0.041     ; 3.141      ;
; -2.186 ; PC:inst|REG16:reg|REG8:reg_2|y[0] ; PC:inst|REG16:reg|REG8:reg_2|y[1] ; CLK          ; CLK         ; 1.000        ; -0.040     ; 3.133      ;
; -2.180 ; PC:inst|REG16:reg|REG8:reg_1|y[3] ; PC:inst|REG16:reg|REG8:reg_2|y[0] ; CLK          ; CLK         ; 1.000        ; -0.041     ; 3.126      ;
; -2.171 ; PC:inst|REG16:reg|REG8:reg_1|y[1] ; PC:inst|REG16:reg|REG8:reg_2|y[2] ; CLK          ; CLK         ; 1.000        ; -0.041     ; 3.117      ;
; -2.167 ; PC:inst|REG16:reg|REG8:reg_1|y[5] ; PC:inst|REG16:reg|REG8:reg_2|y[2] ; CLK          ; CLK         ; 1.000        ; -0.041     ; 3.113      ;
+--------+-----------------------------------+-----------------------------------+--------------+-------------+--------------+------------+------------+


+-----------------------------------------------------------------------------------------------------------------------------------------------------+
; Fast 1200mV 0C Model Hold: 'CLK'                                                                                                                    ;
+-------+-----------------------------------+-----------------------------------+--------------+-------------+--------------+------------+------------+
; Slack ; From Node                         ; To Node                           ; Launch Clock ; Latch Clock ; Relationship ; Clock Skew ; Data Delay ;
+-------+-----------------------------------+-----------------------------------+--------------+-------------+--------------+------------+------------+
; 0.512 ; PC:inst|REG16:reg|REG8:reg_2|y[5] ; PC:inst|REG16:reg|REG8:reg_2|y[6] ; CLK          ; CLK         ; 0.000        ; 0.243      ; 0.839      ;
; 0.558 ; PC:inst|REG16:reg|REG8:reg_2|y[5] ; PC:inst|REG16:reg|REG8:reg_2|y[7] ; CLK          ; CLK         ; 0.000        ; 0.243      ; 0.885      ;
; 0.686 ; PC:inst|REG16:reg|REG8:reg_1|y[1] ; PC:inst|REG16:reg|REG8:reg_1|y[4] ; CLK          ; CLK         ; 0.000        ; 0.040      ; 0.810      ;
; 0.690 ; PC:inst|REG16:reg|REG8:reg_2|y[6] ; PC:inst|REG16:reg|REG8:reg_2|y[7] ; CLK          ; CLK         ; 0.000        ; 0.048      ; 0.822      ;
; 0.695 ; PC:inst|REG16:reg|REG8:reg_2|y[6] ; PC:inst|REG16:reg|REG8:reg_2|y[6] ; CLK          ; CLK         ; 0.000        ; 0.048      ; 0.827      ;
; 0.712 ; PC:inst|REG16:reg|REG8:reg_1|y[7] ; PC:inst|REG16:reg|REG8:reg_2|y[0] ; CLK          ; CLK         ; 0.000        ; 0.040      ; 0.836      ;
; 0.744 ; PC:inst|REG16:reg|REG8:reg_1|y[4] ; PC:inst|REG16:reg|REG8:reg_1|y[5] ; CLK          ; CLK         ; 0.000        ; 0.040      ; 0.868      ;
; 0.747 ; PC:inst|REG16:reg|REG8:reg_2|y[1] ; PC:inst|REG16:reg|REG8:reg_2|y[1] ; CLK          ; CLK         ; 0.000        ; 0.040      ; 0.871      ;
; 0.753 ; PC:inst|REG16:reg|REG8:reg_2|y[3] ; PC:inst|REG16:reg|REG8:reg_2|y[4] ; CLK          ; CLK         ; 0.000        ; 0.040      ; 0.877      ;
; 0.760 ; PC:inst|REG16:reg|REG8:reg_1|y[3] ; PC:inst|REG16:reg|REG8:reg_1|y[4] ; CLK          ; CLK         ; 0.000        ; 0.040      ; 0.884      ;
; 0.764 ; PC:inst|REG16:reg|REG8:reg_1|y[6] ; PC:inst|REG16:reg|REG8:reg_1|y[6] ; CLK          ; CLK         ; 0.000        ; 0.040      ; 0.888      ;
; 0.765 ; PC:inst|REG16:reg|REG8:reg_1|y[4] ; PC:inst|REG16:reg|REG8:reg_2|y[7] ; CLK          ; CLK         ; 0.000        ; 0.242      ; 1.091      ;
; 0.781 ; PC:inst|REG16:reg|REG8:reg_2|y[2] ; PC:inst|REG16:reg|REG8:reg_2|y[3] ; CLK          ; CLK         ; 0.000        ; 0.040      ; 0.905      ;
; 0.785 ; PC:inst|REG16:reg|REG8:reg_2|y[2] ; PC:inst|REG16:reg|REG8:reg_2|y[6] ; CLK          ; CLK         ; 0.000        ; 0.243      ; 1.112      ;
; 0.804 ; PC:inst|REG16:reg|REG8:reg_2|y[0] ; PC:inst|REG16:reg|REG8:reg_2|y[0] ; CLK          ; CLK         ; 0.000        ; 0.040      ; 0.928      ;
; 0.810 ; PC:inst|REG16:reg|REG8:reg_1|y[4] ; PC:inst|REG16:reg|REG8:reg_2|y[6] ; CLK          ; CLK         ; 0.000        ; 0.242      ; 1.136      ;
; 0.812 ; PC:inst|REG16:reg|REG8:reg_1|y[2] ; PC:inst|REG16:reg|REG8:reg_1|y[4] ; CLK          ; CLK         ; 0.000        ; 0.040      ; 0.936      ;
; 0.812 ; PC:inst|REG16:reg|REG8:reg_2|y[3] ; PC:inst|REG16:reg|REG8:reg_2|y[6] ; CLK          ; CLK         ; 0.000        ; 0.243      ; 1.139      ;
; 0.828 ; PC:inst|REG16:reg|REG8:reg_1|y[3] ; PC:inst|REG16:reg|REG8:reg_1|y[5] ; CLK          ; CLK         ; 0.000        ; 0.040      ; 0.952      ;
; 0.830 ; PC:inst|REG16:reg|REG8:reg_2|y[2] ; PC:inst|REG16:reg|REG8:reg_2|y[7] ; CLK          ; CLK         ; 0.000        ; 0.243      ; 1.157      ;
; 0.831 ; PC:inst|REG16:reg|REG8:reg_2|y[3] ; PC:inst|REG16:reg|REG8:reg_2|y[3] ; CLK          ; CLK         ; 0.000        ; 0.040      ; 0.955      ;
; 0.849 ; PC:inst|REG16:reg|REG8:reg_1|y[3] ; PC:inst|REG16:reg|REG8:reg_2|y[7] ; CLK          ; CLK         ; 0.000        ; 0.242      ; 1.175      ;
; 0.857 ; PC:inst|REG16:reg|REG8:reg_2|y[3] ; PC:inst|REG16:reg|REG8:reg_2|y[7] ; CLK          ; CLK         ; 0.000        ; 0.243      ; 1.184      ;
; 0.875 ; PC:inst|REG16:reg|REG8:reg_1|y[4] ; PC:inst|REG16:reg|REG8:reg_1|y[4] ; CLK          ; CLK         ; 0.000        ; 0.040      ; 0.999      ;
; 0.881 ; PC:inst|REG16:reg|REG8:reg_2|y[7] ; PC:inst|REG16:reg|REG8:reg_2|y[7] ; CLK          ; CLK         ; 0.000        ; 0.048      ; 1.013      ;
; 0.892 ; PC:inst|REG16:reg|REG8:reg_1|y[5] ; PC:inst|REG16:reg|REG8:reg_1|y[6] ; CLK          ; CLK         ; 0.000        ; 0.039      ; 1.015      ;
; 0.894 ; PC:inst|REG16:reg|REG8:reg_1|y[3] ; PC:inst|REG16:reg|REG8:reg_2|y[6] ; CLK          ; CLK         ; 0.000        ; 0.242      ; 1.220      ;
; 0.899 ; PC:inst|REG16:reg|REG8:reg_2|y[5] ; PC:inst|REG16:reg|REG8:reg_2|y[5] ; CLK          ; CLK         ; 0.000        ; 0.040      ; 1.023      ;
; 0.900 ; PC:inst|REG16:reg|REG8:reg_2|y[4] ; PC:inst|REG16:reg|REG8:reg_2|y[6] ; CLK          ; CLK         ; 0.000        ; 0.242      ; 1.226      ;
; 0.905 ; PC:inst|REG16:reg|REG8:reg_1|y[7] ; PC:inst|REG16:reg|REG8:reg_2|y[1] ; CLK          ; CLK         ; 0.000        ; 0.040      ; 1.029      ;
; 0.907 ; PC:inst|REG16:reg|REG8:reg_2|y[0] ; PC:inst|REG16:reg|REG8:reg_2|y[1] ; CLK          ; CLK         ; 0.000        ; 0.040      ; 1.031      ;
; 0.915 ; PC:inst|REG16:reg|REG8:reg_1|y[5] ; PC:inst|REG16:reg|REG8:reg_1|y[5] ; CLK          ; CLK         ; 0.000        ; 0.040      ; 1.039      ;
; 0.915 ; PC:inst|REG16:reg|REG8:reg_2|y[2] ; PC:inst|REG16:reg|REG8:reg_2|y[4] ; CLK          ; CLK         ; 0.000        ; 0.040      ; 1.039      ;
; 0.934 ; PC:inst|REG16:reg|REG8:reg_1|y[2] ; PC:inst|REG16:reg|REG8:reg_1|y[6] ; CLK          ; CLK         ; 0.000        ; 0.039      ; 1.057      ;
; 0.936 ; PC:inst|REG16:reg|REG8:reg_1|y[5] ; PC:inst|REG16:reg|REG8:reg_2|y[7] ; CLK          ; CLK         ; 0.000        ; 0.242      ; 1.262      ;
; 0.941 ; PC:inst|REG16:reg|REG8:reg_2|y[2] ; PC:inst|REG16:reg|REG8:reg_2|y[5] ; CLK          ; CLK         ; 0.000        ; 0.040      ; 1.065      ;
; 0.945 ; PC:inst|REG16:reg|REG8:reg_2|y[4] ; PC:inst|REG16:reg|REG8:reg_2|y[7] ; CLK          ; CLK         ; 0.000        ; 0.242      ; 1.271      ;
; 0.968 ; PC:inst|REG16:reg|REG8:reg_1|y[4] ; PC:inst|REG16:reg|REG8:reg_2|y[5] ; CLK          ; CLK         ; 0.000        ; 0.039      ; 1.091      ;
; 0.979 ; PC:inst|REG16:reg|REG8:reg_1|y[6] ; PC:inst|REG16:reg|REG8:reg_2|y[1] ; CLK          ; CLK         ; 0.000        ; 0.040      ; 1.103      ;
; 0.981 ; PC:inst|REG16:reg|REG8:reg_1|y[5] ; PC:inst|REG16:reg|REG8:reg_2|y[6] ; CLK          ; CLK         ; 0.000        ; 0.242      ; 1.307      ;
; 0.990 ; PC:inst|REG16:reg|REG8:reg_1|y[3] ; PC:inst|REG16:reg|REG8:reg_1|y[6] ; CLK          ; CLK         ; 0.000        ; 0.039      ; 1.113      ;
; 0.995 ; PC:inst|REG16:reg|REG8:reg_1|y[3] ; PC:inst|REG16:reg|REG8:reg_1|y[3] ; CLK          ; CLK         ; 0.000        ; 0.040      ; 1.119      ;
; 0.997 ; PC:inst|REG16:reg|REG8:reg_1|y[2] ; PC:inst|REG16:reg|REG8:reg_1|y[5] ; CLK          ; CLK         ; 0.000        ; 0.040      ; 1.121      ;
; 1.002 ; PC:inst|REG16:reg|REG8:reg_1|y[4] ; PC:inst|REG16:reg|REG8:reg_2|y[4] ; CLK          ; CLK         ; 0.000        ; 0.039      ; 1.125      ;
; 1.010 ; PC:inst|REG16:reg|REG8:reg_1|y[4] ; PC:inst|REG16:reg|REG8:reg_2|y[3] ; CLK          ; CLK         ; 0.000        ; 0.039      ; 1.133      ;
; 1.014 ; PC:inst|REG16:reg|REG8:reg_1|y[5] ; PC:inst|REG16:reg|REG8:reg_2|y[1] ; CLK          ; CLK         ; 0.000        ; 0.039      ; 1.137      ;
; 1.024 ; PC:inst|REG16:reg|REG8:reg_1|y[6] ; PC:inst|REG16:reg|REG8:reg_2|y[0] ; CLK          ; CLK         ; 0.000        ; 0.040      ; 1.148      ;
; 1.032 ; PC:inst|REG16:reg|REG8:reg_2|y[3] ; PC:inst|REG16:reg|REG8:reg_2|y[5] ; CLK          ; CLK         ; 0.000        ; 0.040      ; 1.156      ;
; 1.033 ; PC:inst|REG16:reg|REG8:reg_1|y[6] ; PC:inst|REG16:reg|REG8:reg_1|y[7] ; CLK          ; CLK         ; 0.000        ; 0.040      ; 1.157      ;
; 1.052 ; PC:inst|REG16:reg|REG8:reg_1|y[3] ; PC:inst|REG16:reg|REG8:reg_2|y[5] ; CLK          ; CLK         ; 0.000        ; 0.039      ; 1.175      ;
; 1.063 ; PC:inst|REG16:reg|REG8:reg_1|y[5] ; PC:inst|REG16:reg|REG8:reg_1|y[7] ; CLK          ; CLK         ; 0.000        ; 0.039      ; 1.186      ;
; 1.064 ; PC:inst|REG16:reg|REG8:reg_1|y[4] ; PC:inst|REG16:reg|REG8:reg_2|y[1] ; CLK          ; CLK         ; 0.000        ; 0.039      ; 1.187      ;
; 1.069 ; PC:inst|REG16:reg|REG8:reg_1|y[4] ; PC:inst|REG16:reg|REG8:reg_2|y[2] ; CLK          ; CLK         ; 0.000        ; 0.039      ; 1.192      ;
; 1.077 ; PC:inst|REG16:reg|REG8:reg_2|y[1] ; PC:inst|REG16:reg|REG8:reg_2|y[6] ; CLK          ; CLK         ; 0.000        ; 0.243      ; 1.404      ;
; 1.077 ; PC:inst|REG16:reg|REG8:reg_1|y[4] ; PC:inst|REG16:reg|REG8:reg_1|y[6] ; CLK          ; CLK         ; 0.000        ; 0.039      ; 1.200      ;
; 1.084 ; PC:inst|REG16:reg|REG8:reg_2|y[1] ; PC:inst|REG16:reg|REG8:reg_2|y[2] ; CLK          ; CLK         ; 0.000        ; 0.040      ; 1.208      ;
; 1.086 ; PC:inst|REG16:reg|REG8:reg_1|y[3] ; PC:inst|REG16:reg|REG8:reg_2|y[4] ; CLK          ; CLK         ; 0.000        ; 0.039      ; 1.209      ;
; 1.087 ; PC:inst|REG16:reg|REG8:reg_1|y[5] ; PC:inst|REG16:reg|REG8:reg_1|y[3] ; CLK          ; CLK         ; 0.000        ; 0.040      ; 1.211      ;
; 1.088 ; PC:inst|REG16:reg|REG8:reg_1|y[1] ; PC:inst|REG16:reg|REG8:reg_1|y[6] ; CLK          ; CLK         ; 0.000        ; 0.039      ; 1.211      ;
; 1.094 ; PC:inst|REG16:reg|REG8:reg_1|y[3] ; PC:inst|REG16:reg|REG8:reg_2|y[3] ; CLK          ; CLK         ; 0.000        ; 0.039      ; 1.217      ;
; 1.097 ; PC:inst|REG16:reg|REG8:reg_1|y[2] ; PC:inst|REG16:reg|REG8:reg_2|y[1] ; CLK          ; CLK         ; 0.000        ; 0.039      ; 1.220      ;
; 1.098 ; PC:inst|REG16:reg|REG8:reg_2|y[1] ; PC:inst|REG16:reg|REG8:reg_2|y[3] ; CLK          ; CLK         ; 0.000        ; 0.040      ; 1.222      ;
; 1.101 ; PC:inst|REG16:reg|REG8:reg_1|y[4] ; PC:inst|REG16:reg|REG8:reg_1|y[7] ; CLK          ; CLK         ; 0.000        ; 0.039      ; 1.224      ;
; 1.103 ; PC:inst|REG16:reg|REG8:reg_1|y[4] ; PC:inst|REG16:reg|REG8:reg_2|y[0] ; CLK          ; CLK         ; 0.000        ; 0.039      ; 1.226      ;
; 1.105 ; PC:inst|REG16:reg|REG8:reg_2|y[2] ; PC:inst|REG16:reg|REG8:reg_2|y[2] ; CLK          ; CLK         ; 0.000        ; 0.040      ; 1.229      ;
; 1.116 ; PC:inst|REG16:reg|REG8:reg_2|y[4] ; PC:inst|REG16:reg|REG8:reg_2|y[5] ; CLK          ; CLK         ; 0.000        ; 0.039      ; 1.239      ;
; 1.117 ; PC:inst|REG16:reg|REG8:reg_1|y[2] ; PC:inst|REG16:reg|REG8:reg_1|y[3] ; CLK          ; CLK         ; 0.000        ; 0.040      ; 1.241      ;
; 1.119 ; PC:inst|REG16:reg|REG8:reg_1|y[7] ; PC:inst|REG16:reg|REG8:reg_1|y[7] ; CLK          ; CLK         ; 0.000        ; 0.040      ; 1.243      ;
; 1.122 ; PC:inst|REG16:reg|REG8:reg_2|y[1] ; PC:inst|REG16:reg|REG8:reg_2|y[7] ; CLK          ; CLK         ; 0.000        ; 0.243      ; 1.449      ;
; 1.139 ; PC:inst|REG16:reg|REG8:reg_1|y[5] ; PC:inst|REG16:reg|REG8:reg_2|y[5] ; CLK          ; CLK         ; 0.000        ; 0.039      ; 1.262      ;
; 1.146 ; PC:inst|REG16:reg|REG8:reg_1|y[2] ; PC:inst|REG16:reg|REG8:reg_1|y[7] ; CLK          ; CLK         ; 0.000        ; 0.039      ; 1.269      ;
; 1.146 ; PC:inst|REG16:reg|REG8:reg_1|y[7] ; PC:inst|REG16:reg|REG8:reg_2|y[6] ; CLK          ; CLK         ; 0.000        ; 0.243      ; 1.473      ;
; 1.148 ; PC:inst|REG16:reg|REG8:reg_1|y[3] ; PC:inst|REG16:reg|REG8:reg_2|y[1] ; CLK          ; CLK         ; 0.000        ; 0.039      ; 1.271      ;
; 1.151 ; PC:inst|REG16:reg|REG8:reg_1|y[1] ; PC:inst|REG16:reg|REG8:reg_1|y[5] ; CLK          ; CLK         ; 0.000        ; 0.040      ; 1.275      ;
; 1.153 ; PC:inst|REG16:reg|REG8:reg_1|y[3] ; PC:inst|REG16:reg|REG8:reg_2|y[2] ; CLK          ; CLK         ; 0.000        ; 0.039      ; 1.276      ;
; 1.160 ; PC:inst|REG16:reg|REG8:reg_1|y[4] ; PC:inst|REG16:reg|REG8:reg_1|y[3] ; CLK          ; CLK         ; 0.000        ; 0.040      ; 1.284      ;
; 1.165 ; PC:inst|REG16:reg|REG8:reg_1|y[1] ; PC:inst|REG16:reg|REG8:reg_1|y[3] ; CLK          ; CLK         ; 0.000        ; 0.040      ; 1.289      ;
; 1.167 ; PC:inst|REG16:reg|REG8:reg_1|y[7] ; PC:inst|REG16:reg|REG8:reg_2|y[3] ; CLK          ; CLK         ; 0.000        ; 0.040      ; 1.291      ;
; 1.168 ; PC:inst|REG16:reg|REG8:reg_2|y[4] ; PC:inst|REG16:reg|REG8:reg_2|y[4] ; CLK          ; CLK         ; 0.000        ; 0.039      ; 1.291      ;
; 1.173 ; PC:inst|REG16:reg|REG8:reg_1|y[5] ; PC:inst|REG16:reg|REG8:reg_2|y[4] ; CLK          ; CLK         ; 0.000        ; 0.039      ; 1.296      ;
; 1.181 ; PC:inst|REG16:reg|REG8:reg_1|y[5] ; PC:inst|REG16:reg|REG8:reg_2|y[3] ; CLK          ; CLK         ; 0.000        ; 0.039      ; 1.304      ;
; 1.185 ; PC:inst|REG16:reg|REG8:reg_1|y[3] ; PC:inst|REG16:reg|REG8:reg_1|y[7] ; CLK          ; CLK         ; 0.000        ; 0.039      ; 1.308      ;
; 1.187 ; PC:inst|REG16:reg|REG8:reg_1|y[3] ; PC:inst|REG16:reg|REG8:reg_2|y[0] ; CLK          ; CLK         ; 0.000        ; 0.039      ; 1.310      ;
; 1.190 ; PC:inst|REG16:reg|REG8:reg_2|y[0] ; PC:inst|REG16:reg|REG8:reg_2|y[6] ; CLK          ; CLK         ; 0.000        ; 0.243      ; 1.517      ;
; 1.191 ; PC:inst|REG16:reg|REG8:reg_1|y[7] ; PC:inst|REG16:reg|REG8:reg_2|y[7] ; CLK          ; CLK         ; 0.000        ; 0.243      ; 1.518      ;
; 1.211 ; PC:inst|REG16:reg|REG8:reg_2|y[0] ; PC:inst|REG16:reg|REG8:reg_2|y[3] ; CLK          ; CLK         ; 0.000        ; 0.040      ; 1.335      ;
; 1.212 ; PC:inst|REG16:reg|REG8:reg_1|y[1] ; PC:inst|REG16:reg|REG8:reg_1|y[1] ; CLK          ; CLK         ; 0.000        ; 0.040      ; 1.336      ;
; 1.215 ; PC:inst|REG16:reg|REG8:reg_1|y[5] ; PC:inst|REG16:reg|REG8:reg_2|y[0] ; CLK          ; CLK         ; 0.000        ; 0.039      ; 1.338      ;
; 1.223 ; PC:inst|REG16:reg|REG8:reg_1|y[6] ; PC:inst|REG16:reg|REG8:reg_2|y[2] ; CLK          ; CLK         ; 0.000        ; 0.040      ; 1.347      ;
; 1.228 ; PC:inst|REG16:reg|REG8:reg_1|y[2] ; PC:inst|REG16:reg|REG8:reg_1|y[2] ; CLK          ; CLK         ; 0.000        ; 0.040      ; 1.352      ;
; 1.228 ; PC:inst|REG16:reg|REG8:reg_1|y[0] ; PC:inst|REG16:reg|REG8:reg_1|y[3] ; CLK          ; CLK         ; 0.000        ; 0.040      ; 1.352      ;
; 1.235 ; PC:inst|REG16:reg|REG8:reg_2|y[0] ; PC:inst|REG16:reg|REG8:reg_2|y[7] ; CLK          ; CLK         ; 0.000        ; 0.243      ; 1.562      ;
; 1.240 ; PC:inst|REG16:reg|REG8:reg_1|y[5] ; PC:inst|REG16:reg|REG8:reg_2|y[2] ; CLK          ; CLK         ; 0.000        ; 0.039      ; 1.363      ;
; 1.248 ; PC:inst|REG16:reg|REG8:reg_1|y[4] ; PC:inst|REG16:reg|REG8:reg_1|y[2] ; CLK          ; CLK         ; 0.000        ; 0.040      ; 1.372      ;
; 1.249 ; PC:inst|REG16:reg|REG8:reg_1|y[7] ; PC:inst|REG16:reg|REG8:reg_2|y[2] ; CLK          ; CLK         ; 0.000        ; 0.040      ; 1.373      ;
; 1.251 ; PC:inst|REG16:reg|REG8:reg_1|y[1] ; PC:inst|REG16:reg|REG8:reg_2|y[1] ; CLK          ; CLK         ; 0.000        ; 0.039      ; 1.374      ;
; 1.255 ; PC:inst|REG16:reg|REG8:reg_2|y[0] ; PC:inst|REG16:reg|REG8:reg_2|y[2] ; CLK          ; CLK         ; 0.000        ; 0.040      ; 1.379      ;
; 1.256 ; PC:inst|REG16:reg|REG8:reg_2|y[2] ; PC:inst|REG16:reg|REG8:reg_1|y[5] ; CLK          ; CLK         ; 0.000        ; 0.041      ; 1.381      ;
; 1.261 ; PC:inst|REG16:reg|REG8:reg_1|y[6] ; PC:inst|REG16:reg|REG8:reg_2|y[6] ; CLK          ; CLK         ; 0.000        ; 0.243      ; 1.588      ;
; 1.282 ; PC:inst|REG16:reg|REG8:reg_1|y[6] ; PC:inst|REG16:reg|REG8:reg_2|y[3] ; CLK          ; CLK         ; 0.000        ; 0.040      ; 1.406      ;
+-------+-----------------------------------+-----------------------------------+--------------+-------------+--------------+------------+------------+


----------------------------------------------
; Fast 1200mV 0C Model Metastability Summary ;
----------------------------------------------
No synchronizer chains to report.


+-------------------------------------------------------------------------------+
; Multicorner Timing Analysis Summary                                           ;
+------------------+---------+-------+----------+---------+---------------------+
; Clock            ; Setup   ; Hold  ; Recovery ; Removal ; Minimum Pulse Width ;
+------------------+---------+-------+----------+---------+---------------------+
; Worst-case Slack ; -6.519  ; 0.512 ; N/A      ; N/A     ; -3.000              ;
;  CLK             ; -6.519  ; 0.512 ; N/A      ; N/A     ; -3.000              ;
; Design-wide TNS  ; -84.69  ; 0.0   ; 0.0      ; 0.0     ; -23.56              ;
;  CLK             ; -84.690 ; 0.000 ; N/A      ; N/A     ; -23.560             ;
+------------------+---------+-------+----------+---------+---------------------+


+--------------------------------------------------------------------------------------------------------------------------------------------------------------------------------------------------------------------------------------------------------------------------------------------------------------------------------------------------------------------------------------------------------------------+
; Board Trace Model Assignments                                                                                                                                                                                                                                                                                                                                                                                      ;
+-----------------+--------------+-------------------+-------------------------+-------------------------+---------------+---------------------+----------------+------------------+--------+------------------+------------------------+------------------------+--------------+---------------+-----------------+-------+---------------------+--------------------+---------------+-----------------+-------------+
; Pin             ; I/O Standard ; Near Tline Length ; Near Tline L per Length ; Near Tline C per Length ; Near Series R ; Near Differential R ; Near Pull-up R ; Near Pull-down R ; Near C ; Far Tline Length ; Far Tline L per Length ; Far Tline C per Length ; Far Series R ; Far Pull-up R ; Far Pull-down R ; Far C ; Termination Voltage ; Far Differential R ; EBD File Name ; EBD Signal Name ; EBD Far-end ;
+-----------------+--------------+-------------------+-------------------------+-------------------------+---------------+---------------------+----------------+------------------+--------+------------------+------------------------+------------------------+--------------+---------------+-----------------+-------+---------------------+--------------------+---------------+-----------------+-------------+
; RegDst          ; 2.5 V        ; 0 in              ; 0 H/in                  ; 0 F/in                  ; short         ; -                   ; open           ; open             ; open   ; 0 in             ; 0 H/in                 ; 0 F/in                 ; short        ; open          ; open            ; open  ; 0 V                 ; -                  ; n/a           ; n/a             ; n/a         ;
; MemRead         ; 2.5 V        ; 0 in              ; 0 H/in                  ; 0 F/in                  ; short         ; -                   ; open           ; open             ; open   ; 0 in             ; 0 H/in                 ; 0 F/in                 ; short        ; open          ; open            ; open  ; 0 V                 ; -                  ; n/a           ; n/a             ; n/a         ;
; MemtoReg        ; 2.5 V        ; 0 in              ; 0 H/in                  ; 0 F/in                  ; short         ; -                   ; open           ; open             ; open   ; 0 in             ; 0 H/in                 ; 0 F/in                 ; short        ; open          ; open            ; open  ; 0 V                 ; -                  ; n/a           ; n/a             ; n/a         ;
; MemWrite        ; 2.5 V        ; 0 in              ; 0 H/in                  ; 0 F/in                  ; short         ; -                   ; open           ; open             ; open   ; 0 in             ; 0 H/in                 ; 0 F/in                 ; short        ; open          ; open            ; open  ; 0 V                 ; -                  ; n/a           ; n/a             ; n/a         ;
; ALUSrc          ; 2.5 V        ; 0 in              ; 0 H/in                  ; 0 F/in                  ; short         ; -                   ; open           ; open             ; open   ; 0 in             ; 0 H/in                 ; 0 F/in                 ; short        ; open          ; open            ; open  ; 0 V                 ; -                  ; n/a           ; n/a             ; n/a         ;
; RegWrite        ; 2.5 V        ; 0 in              ; 0 H/in                  ; 0 F/in                  ; short         ; -                   ; open           ; open             ; open   ; 0 in             ; 0 H/in                 ; 0 F/in                 ; short        ; open          ; open            ; open  ; 0 V                 ; -                  ; n/a           ; n/a             ; n/a         ;
; ALUCon          ; 2.5 V        ; 0 in              ; 0 H/in                  ; 0 F/in                  ; short         ; -                   ; open           ; open             ; open   ; 0 in             ; 0 H/in                 ; 0 F/in                 ; short        ; open          ; open            ; open  ; 0 V                 ; -                  ; n/a           ; n/a             ; n/a         ;
; ALUOp[2]        ; 2.5 V        ; 0 in              ; 0 H/in                  ; 0 F/in                  ; short         ; -                   ; open           ; open             ; open   ; 0 in             ; 0 H/in                 ; 0 F/in                 ; short        ; open          ; open            ; open  ; 0 V                 ; -                  ; n/a           ; n/a             ; n/a         ;
; ALUOp[1]        ; 2.5 V        ; 0 in              ; 0 H/in                  ; 0 F/in                  ; short         ; -                   ; open           ; open             ; open   ; 0 in             ; 0 H/in                 ; 0 F/in                 ; short        ; open          ; open            ; open  ; 0 V                 ; -                  ; n/a           ; n/a             ; n/a         ;
; ALUOp[0]        ; 2.5 V        ; 0 in              ; 0 H/in                  ; 0 F/in                  ; short         ; -                   ; open           ; open             ; open   ; 0 in             ; 0 H/in                 ; 0 F/in                 ; short        ; open          ; open            ; open  ; 0 V                 ; -                  ; n/a           ; n/a             ; n/a         ;
; DOUT[15]        ; 2.5 V        ; 0 in              ; 0 H/in                  ; 0 F/in                  ; short         ; -                   ; open           ; open             ; open   ; 0 in             ; 0 H/in                 ; 0 F/in                 ; short        ; open          ; open            ; open  ; 0 V                 ; -                  ; n/a           ; n/a             ; n/a         ;
; DOUT[14]        ; 2.5 V        ; 0 in              ; 0 H/in                  ; 0 F/in                  ; short         ; -                   ; open           ; open             ; open   ; 0 in             ; 0 H/in                 ; 0 F/in                 ; short        ; open          ; open            ; open  ; 0 V                 ; -                  ; n/a           ; n/a             ; n/a         ;
; DOUT[13]        ; 2.5 V        ; 0 in              ; 0 H/in                  ; 0 F/in                  ; short         ; -                   ; open           ; open             ; open   ; 0 in             ; 0 H/in                 ; 0 F/in                 ; short        ; open          ; open            ; open  ; 0 V                 ; -                  ; n/a           ; n/a             ; n/a         ;
; DOUT[12]        ; 2.5 V        ; 0 in              ; 0 H/in                  ; 0 F/in                  ; short         ; -                   ; open           ; open             ; open   ; 0 in             ; 0 H/in                 ; 0 F/in                 ; short        ; open          ; open            ; open  ; 0 V                 ; -                  ; n/a           ; n/a             ; n/a         ;
; DOUT[11]        ; 2.5 V        ; 0 in              ; 0 H/in                  ; 0 F/in                  ; short         ; -                   ; open           ; open             ; open   ; 0 in             ; 0 H/in                 ; 0 F/in                 ; short        ; open          ; open            ; open  ; 0 V                 ; -                  ; n/a           ; n/a             ; n/a         ;
; DOUT[10]        ; 2.5 V        ; 0 in              ; 0 H/in                  ; 0 F/in                  ; short         ; -                   ; open           ; open             ; open   ; 0 in             ; 0 H/in                 ; 0 F/in                 ; short        ; open          ; open            ; open  ; 0 V                 ; -                  ; n/a           ; n/a             ; n/a         ;
; DOUT[9]         ; 2.5 V        ; 0 in              ; 0 H/in                  ; 0 F/in                  ; short         ; -                   ; open           ; open             ; open   ; 0 in             ; 0 H/in                 ; 0 F/in                 ; short        ; open          ; open            ; open  ; 0 V                 ; -                  ; n/a           ; n/a             ; n/a         ;
; DOUT[8]         ; 2.5 V        ; 0 in              ; 0 H/in                  ; 0 F/in                  ; short         ; -                   ; open           ; open             ; open   ; 0 in             ; 0 H/in                 ; 0 F/in                 ; short        ; open          ; open            ; open  ; 0 V                 ; -                  ; n/a           ; n/a             ; n/a         ;
; DOUT[7]         ; 2.5 V        ; 0 in              ; 0 H/in                  ; 0 F/in                  ; short         ; -                   ; open           ; open             ; open   ; 0 in             ; 0 H/in                 ; 0 F/in                 ; short        ; open          ; open            ; open  ; 0 V                 ; -                  ; n/a           ; n/a             ; n/a         ;
; DOUT[6]         ; 2.5 V        ; 0 in              ; 0 H/in                  ; 0 F/in                  ; short         ; -                   ; open           ; open             ; open   ; 0 in             ; 0 H/in                 ; 0 F/in                 ; short        ; open          ; open            ; open  ; 0 V                 ; -                  ; n/a           ; n/a             ; n/a         ;
; DOUT[5]         ; 2.5 V        ; 0 in              ; 0 H/in                  ; 0 F/in                  ; short         ; -                   ; open           ; open             ; open   ; 0 in             ; 0 H/in                 ; 0 F/in                 ; short        ; open          ; open            ; open  ; 0 V                 ; -                  ; n/a           ; n/a             ; n/a         ;
; DOUT[4]         ; 2.5 V        ; 0 in              ; 0 H/in                  ; 0 F/in                  ; short         ; -                   ; open           ; open             ; open   ; 0 in             ; 0 H/in                 ; 0 F/in                 ; short        ; open          ; open            ; open  ; 0 V                 ; -                  ; n/a           ; n/a             ; n/a         ;
; DOUT[3]         ; 2.5 V        ; 0 in              ; 0 H/in                  ; 0 F/in                  ; short         ; -                   ; open           ; open             ; open   ; 0 in             ; 0 H/in                 ; 0 F/in                 ; short        ; open          ; open            ; open  ; 0 V                 ; -                  ; n/a           ; n/a             ; n/a         ;
; DOUT[2]         ; 2.5 V        ; 0 in              ; 0 H/in                  ; 0 F/in                  ; short         ; -                   ; open           ; open             ; open   ; 0 in             ; 0 H/in                 ; 0 F/in                 ; short        ; open          ; open            ; open  ; 0 V                 ; -                  ; n/a           ; n/a             ; n/a         ;
; DOUT[1]         ; 2.5 V        ; 0 in              ; 0 H/in                  ; 0 F/in                  ; short         ; -                   ; open           ; open             ; open   ; 0 in             ; 0 H/in                 ; 0 F/in                 ; short        ; open          ; open            ; open  ; 0 V                 ; -                  ; n/a           ; n/a             ; n/a         ;
; DOUT[0]         ; 2.5 V        ; 0 in              ; 0 H/in                  ; 0 F/in                  ; short         ; -                   ; open           ; open             ; open   ; 0 in             ; 0 H/in                 ; 0 F/in                 ; short        ; open          ; open            ; open  ; 0 V                 ; -                  ; n/a           ; n/a             ; n/a         ;
; INSOUT[15]      ; 2.5 V        ; 0 in              ; 0 H/in                  ; 0 F/in                  ; short         ; -                   ; open           ; open             ; open   ; 0 in             ; 0 H/in                 ; 0 F/in                 ; short        ; open          ; open            ; open  ; 0 V                 ; -                  ; n/a           ; n/a             ; n/a         ;
; INSOUT[14]      ; 2.5 V        ; 0 in              ; 0 H/in                  ; 0 F/in                  ; short         ; -                   ; open           ; open             ; open   ; 0 in             ; 0 H/in                 ; 0 F/in                 ; short        ; open          ; open            ; open  ; 0 V                 ; -                  ; n/a           ; n/a             ; n/a         ;
; INSOUT[13]      ; 2.5 V        ; 0 in              ; 0 H/in                  ; 0 F/in                  ; short         ; -                   ; open           ; open             ; open   ; 0 in             ; 0 H/in                 ; 0 F/in                 ; short        ; open          ; open            ; open  ; 0 V                 ; -                  ; n/a           ; n/a             ; n/a         ;
; INSOUT[12]      ; 2.5 V        ; 0 in              ; 0 H/in                  ; 0 F/in                  ; short         ; -                   ; open           ; open             ; open   ; 0 in             ; 0 H/in                 ; 0 F/in                 ; short        ; open          ; open            ; open  ; 0 V                 ; -                  ; n/a           ; n/a             ; n/a         ;
; INSOUT[11]      ; 2.5 V        ; 0 in              ; 0 H/in                  ; 0 F/in                  ; short         ; -                   ; open           ; open             ; open   ; 0 in             ; 0 H/in                 ; 0 F/in                 ; short        ; open          ; open            ; open  ; 0 V                 ; -                  ; n/a           ; n/a             ; n/a         ;
; INSOUT[10]      ; 2.5 V        ; 0 in              ; 0 H/in                  ; 0 F/in                  ; short         ; -                   ; open           ; open             ; open   ; 0 in             ; 0 H/in                 ; 0 F/in                 ; short        ; open          ; open            ; open  ; 0 V                 ; -                  ; n/a           ; n/a             ; n/a         ;
; INSOUT[9]       ; 2.5 V        ; 0 in              ; 0 H/in                  ; 0 F/in                  ; short         ; -                   ; open           ; open             ; open   ; 0 in             ; 0 H/in                 ; 0 F/in                 ; short        ; open          ; open            ; open  ; 0 V                 ; -                  ; n/a           ; n/a             ; n/a         ;
; INSOUT[8]       ; 2.5 V        ; 0 in              ; 0 H/in                  ; 0 F/in                  ; short         ; -                   ; open           ; open             ; open   ; 0 in             ; 0 H/in                 ; 0 F/in                 ; short        ; open          ; open            ; open  ; 0 V                 ; -                  ; n/a           ; n/a             ; n/a         ;
; INSOUT[7]       ; 2.5 V        ; 0 in              ; 0 H/in                  ; 0 F/in                  ; short         ; -                   ; open           ; open             ; open   ; 0 in             ; 0 H/in                 ; 0 F/in                 ; short        ; open          ; open            ; open  ; 0 V                 ; -                  ; n/a           ; n/a             ; n/a         ;
; INSOUT[6]       ; 2.5 V        ; 0 in              ; 0 H/in                  ; 0 F/in                  ; short         ; -                   ; open           ; open             ; open   ; 0 in             ; 0 H/in                 ; 0 F/in                 ; short        ; open          ; open            ; open  ; 0 V                 ; -                  ; n/a           ; n/a             ; n/a         ;
; INSOUT[5]       ; 2.5 V        ; 0 in              ; 0 H/in                  ; 0 F/in                  ; short         ; -                   ; open           ; open             ; open   ; 0 in             ; 0 H/in                 ; 0 F/in                 ; short        ; open          ; open            ; open  ; 0 V                 ; -                  ; n/a           ; n/a             ; n/a         ;
; INSOUT[4]       ; 2.5 V        ; 0 in              ; 0 H/in                  ; 0 F/in                  ; short         ; -                   ; open           ; open             ; open   ; 0 in             ; 0 H/in                 ; 0 F/in                 ; short        ; open          ; open            ; open  ; 0 V                 ; -                  ; n/a           ; n/a             ; n/a         ;
; INSOUT[3]       ; 2.5 V        ; 0 in              ; 0 H/in                  ; 0 F/in                  ; short         ; -                   ; open           ; open             ; open   ; 0 in             ; 0 H/in                 ; 0 F/in                 ; short        ; open          ; open            ; open  ; 0 V                 ; -                  ; n/a           ; n/a             ; n/a         ;
; INSOUT[2]       ; 2.5 V        ; 0 in              ; 0 H/in                  ; 0 F/in                  ; short         ; -                   ; open           ; open             ; open   ; 0 in             ; 0 H/in                 ; 0 F/in                 ; short        ; open          ; open            ; open  ; 0 V                 ; -                  ; n/a           ; n/a             ; n/a         ;
; INSOUT[1]       ; 2.5 V        ; 0 in              ; 0 H/in                  ; 0 F/in                  ; short         ; -                   ; open           ; open             ; open   ; 0 in             ; 0 H/in                 ; 0 F/in                 ; short        ; open          ; open            ; open  ; 0 V                 ; -                  ; n/a           ; n/a             ; n/a         ;
; INSOUT[0]       ; 2.5 V        ; 0 in              ; 0 H/in                  ; 0 F/in                  ; short         ; -                   ; open           ; open             ; open   ; 0 in             ; 0 H/in                 ; 0 F/in                 ; short        ; open          ; open            ; open  ; 0 V                 ; -                  ; n/a           ; n/a             ; n/a         ;
; JOUT[15]        ; 2.5 V        ; 0 in              ; 0 H/in                  ; 0 F/in                  ; short         ; -                   ; open           ; open             ; open   ; 0 in             ; 0 H/in                 ; 0 F/in                 ; short        ; open          ; open            ; open  ; 0 V                 ; -                  ; n/a           ; n/a             ; n/a         ;
; JOUT[14]        ; 2.5 V        ; 0 in              ; 0 H/in                  ; 0 F/in                  ; short         ; -                   ; open           ; open             ; open   ; 0 in             ; 0 H/in                 ; 0 F/in                 ; short        ; open          ; open            ; open  ; 0 V                 ; -                  ; n/a           ; n/a             ; n/a         ;
; JOUT[13]        ; 2.5 V        ; 0 in              ; 0 H/in                  ; 0 F/in                  ; short         ; -                   ; open           ; open             ; open   ; 0 in             ; 0 H/in                 ; 0 F/in                 ; short        ; open          ; open            ; open  ; 0 V                 ; -                  ; n/a           ; n/a             ; n/a         ;
; JOUT[12]        ; 2.5 V        ; 0 in              ; 0 H/in                  ; 0 F/in                  ; short         ; -                   ; open           ; open             ; open   ; 0 in             ; 0 H/in                 ; 0 F/in                 ; short        ; open          ; open            ; open  ; 0 V                 ; -                  ; n/a           ; n/a             ; n/a         ;
; JOUT[11]        ; 2.5 V        ; 0 in              ; 0 H/in                  ; 0 F/in                  ; short         ; -                   ; open           ; open             ; open   ; 0 in             ; 0 H/in                 ; 0 F/in                 ; short        ; open          ; open            ; open  ; 0 V                 ; -                  ; n/a           ; n/a             ; n/a         ;
; JOUT[10]        ; 2.5 V        ; 0 in              ; 0 H/in                  ; 0 F/in                  ; short         ; -                   ; open           ; open             ; open   ; 0 in             ; 0 H/in                 ; 0 F/in                 ; short        ; open          ; open            ; open  ; 0 V                 ; -                  ; n/a           ; n/a             ; n/a         ;
; JOUT[9]         ; 2.5 V        ; 0 in              ; 0 H/in                  ; 0 F/in                  ; short         ; -                   ; open           ; open             ; open   ; 0 in             ; 0 H/in                 ; 0 F/in                 ; short        ; open          ; open            ; open  ; 0 V                 ; -                  ; n/a           ; n/a             ; n/a         ;
; JOUT[8]         ; 2.5 V        ; 0 in              ; 0 H/in                  ; 0 F/in                  ; short         ; -                   ; open           ; open             ; open   ; 0 in             ; 0 H/in                 ; 0 F/in                 ; short        ; open          ; open            ; open  ; 0 V                 ; -                  ; n/a           ; n/a             ; n/a         ;
; JOUT[7]         ; 2.5 V        ; 0 in              ; 0 H/in                  ; 0 F/in                  ; short         ; -                   ; open           ; open             ; open   ; 0 in             ; 0 H/in                 ; 0 F/in                 ; short        ; open          ; open            ; open  ; 0 V                 ; -                  ; n/a           ; n/a             ; n/a         ;
; JOUT[6]         ; 2.5 V        ; 0 in              ; 0 H/in                  ; 0 F/in                  ; short         ; -                   ; open           ; open             ; open   ; 0 in             ; 0 H/in                 ; 0 F/in                 ; short        ; open          ; open            ; open  ; 0 V                 ; -                  ; n/a           ; n/a             ; n/a         ;
; JOUT[5]         ; 2.5 V        ; 0 in              ; 0 H/in                  ; 0 F/in                  ; short         ; -                   ; open           ; open             ; open   ; 0 in             ; 0 H/in                 ; 0 F/in                 ; short        ; open          ; open            ; open  ; 0 V                 ; -                  ; n/a           ; n/a             ; n/a         ;
; JOUT[4]         ; 2.5 V        ; 0 in              ; 0 H/in                  ; 0 F/in                  ; short         ; -                   ; open           ; open             ; open   ; 0 in             ; 0 H/in                 ; 0 F/in                 ; short        ; open          ; open            ; open  ; 0 V                 ; -                  ; n/a           ; n/a             ; n/a         ;
; JOUT[3]         ; 2.5 V        ; 0 in              ; 0 H/in                  ; 0 F/in                  ; short         ; -                   ; open           ; open             ; open   ; 0 in             ; 0 H/in                 ; 0 F/in                 ; short        ; open          ; open            ; open  ; 0 V                 ; -                  ; n/a           ; n/a             ; n/a         ;
; JOUT[2]         ; 2.5 V        ; 0 in              ; 0 H/in                  ; 0 F/in                  ; short         ; -                   ; open           ; open             ; open   ; 0 in             ; 0 H/in                 ; 0 F/in                 ; short        ; open          ; open            ; open  ; 0 V                 ; -                  ; n/a           ; n/a             ; n/a         ;
; JOUT[1]         ; 2.5 V        ; 0 in              ; 0 H/in                  ; 0 F/in                  ; short         ; -                   ; open           ; open             ; open   ; 0 in             ; 0 H/in                 ; 0 F/in                 ; short        ; open          ; open            ; open  ; 0 V                 ; -                  ; n/a           ; n/a             ; n/a         ;
; JOUT[0]         ; 2.5 V        ; 0 in              ; 0 H/in                  ; 0 F/in                  ; short         ; -                   ; open           ; open             ; open   ; 0 in             ; 0 H/in                 ; 0 F/in                 ; short        ; open          ; open            ; open  ; 0 V                 ; -                  ; n/a           ; n/a             ; n/a         ;
; JUMPMUX_OUT[15] ; 2.5 V        ; 0 in              ; 0 H/in                  ; 0 F/in                  ; short         ; -                   ; open           ; open             ; open   ; 0 in             ; 0 H/in                 ; 0 F/in                 ; short        ; open          ; open            ; open  ; 0 V                 ; -                  ; n/a           ; n/a             ; n/a         ;
; JUMPMUX_OUT[14] ; 2.5 V        ; 0 in              ; 0 H/in                  ; 0 F/in                  ; short         ; -                   ; open           ; open             ; open   ; 0 in             ; 0 H/in                 ; 0 F/in                 ; short        ; open          ; open            ; open  ; 0 V                 ; -                  ; n/a           ; n/a             ; n/a         ;
; JUMPMUX_OUT[13] ; 2.5 V        ; 0 in              ; 0 H/in                  ; 0 F/in                  ; short         ; -                   ; open           ; open             ; open   ; 0 in             ; 0 H/in                 ; 0 F/in                 ; short        ; open          ; open            ; open  ; 0 V                 ; -                  ; n/a           ; n/a             ; n/a         ;
; JUMPMUX_OUT[12] ; 2.5 V        ; 0 in              ; 0 H/in                  ; 0 F/in                  ; short         ; -                   ; open           ; open             ; open   ; 0 in             ; 0 H/in                 ; 0 F/in                 ; short        ; open          ; open            ; open  ; 0 V                 ; -                  ; n/a           ; n/a             ; n/a         ;
; JUMPMUX_OUT[11] ; 2.5 V        ; 0 in              ; 0 H/in                  ; 0 F/in                  ; short         ; -                   ; open           ; open             ; open   ; 0 in             ; 0 H/in                 ; 0 F/in                 ; short        ; open          ; open            ; open  ; 0 V                 ; -                  ; n/a           ; n/a             ; n/a         ;
; JUMPMUX_OUT[10] ; 2.5 V        ; 0 in              ; 0 H/in                  ; 0 F/in                  ; short         ; -                   ; open           ; open             ; open   ; 0 in             ; 0 H/in                 ; 0 F/in                 ; short        ; open          ; open            ; open  ; 0 V                 ; -                  ; n/a           ; n/a             ; n/a         ;
; JUMPMUX_OUT[9]  ; 2.5 V        ; 0 in              ; 0 H/in                  ; 0 F/in                  ; short         ; -                   ; open           ; open             ; open   ; 0 in             ; 0 H/in                 ; 0 F/in                 ; short        ; open          ; open            ; open  ; 0 V                 ; -                  ; n/a           ; n/a             ; n/a         ;
; JUMPMUX_OUT[8]  ; 2.5 V        ; 0 in              ; 0 H/in                  ; 0 F/in                  ; short         ; -                   ; open           ; open             ; open   ; 0 in             ; 0 H/in                 ; 0 F/in                 ; short        ; open          ; open            ; open  ; 0 V                 ; -                  ; n/a           ; n/a             ; n/a         ;
; JUMPMUX_OUT[7]  ; 2.5 V        ; 0 in              ; 0 H/in                  ; 0 F/in                  ; short         ; -                   ; open           ; open             ; open   ; 0 in             ; 0 H/in                 ; 0 F/in                 ; short        ; open          ; open            ; open  ; 0 V                 ; -                  ; n/a           ; n/a             ; n/a         ;
; JUMPMUX_OUT[6]  ; 2.5 V        ; 0 in              ; 0 H/in                  ; 0 F/in                  ; short         ; -                   ; open           ; open             ; open   ; 0 in             ; 0 H/in                 ; 0 F/in                 ; short        ; open          ; open            ; open  ; 0 V                 ; -                  ; n/a           ; n/a             ; n/a         ;
; JUMPMUX_OUT[5]  ; 2.5 V        ; 0 in              ; 0 H/in                  ; 0 F/in                  ; short         ; -                   ; open           ; open             ; open   ; 0 in             ; 0 H/in                 ; 0 F/in                 ; short        ; open          ; open            ; open  ; 0 V                 ; -                  ; n/a           ; n/a             ; n/a         ;
; JUMPMUX_OUT[4]  ; 2.5 V        ; 0 in              ; 0 H/in                  ; 0 F/in                  ; short         ; -                   ; open           ; open             ; open   ; 0 in             ; 0 H/in                 ; 0 F/in                 ; short        ; open          ; open            ; open  ; 0 V                 ; -                  ; n/a           ; n/a             ; n/a         ;
; JUMPMUX_OUT[3]  ; 2.5 V        ; 0 in              ; 0 H/in                  ; 0 F/in                  ; short         ; -                   ; open           ; open             ; open   ; 0 in             ; 0 H/in                 ; 0 F/in                 ; short        ; open          ; open            ; open  ; 0 V                 ; -                  ; n/a           ; n/a             ; n/a         ;
; JUMPMUX_OUT[2]  ; 2.5 V        ; 0 in              ; 0 H/in                  ; 0 F/in                  ; short         ; -                   ; open           ; open             ; open   ; 0 in             ; 0 H/in                 ; 0 F/in                 ; short        ; open          ; open            ; open  ; 0 V                 ; -                  ; n/a           ; n/a             ; n/a         ;
; JUMPMUX_OUT[1]  ; 2.5 V        ; 0 in              ; 0 H/in                  ; 0 F/in                  ; short         ; -                   ; open           ; open             ; open   ; 0 in             ; 0 H/in                 ; 0 F/in                 ; short        ; open          ; open            ; open  ; 0 V                 ; -                  ; n/a           ; n/a             ; n/a         ;
; JUMPMUX_OUT[0]  ; 2.5 V        ; 0 in              ; 0 H/in                  ; 0 F/in                  ; short         ; -                   ; open           ; open             ; open   ; 0 in             ; 0 H/in                 ; 0 F/in                 ; short        ; open          ; open            ; open  ; 0 V                 ; -                  ; n/a           ; n/a             ; n/a         ;
; PCP2[15]        ; 2.5 V        ; 0 in              ; 0 H/in                  ; 0 F/in                  ; short         ; -                   ; open           ; open             ; open   ; 0 in             ; 0 H/in                 ; 0 F/in                 ; short        ; open          ; open            ; open  ; 0 V                 ; -                  ; n/a           ; n/a             ; n/a         ;
; PCP2[14]        ; 2.5 V        ; 0 in              ; 0 H/in                  ; 0 F/in                  ; short         ; -                   ; open           ; open             ; open   ; 0 in             ; 0 H/in                 ; 0 F/in                 ; short        ; open          ; open            ; open  ; 0 V                 ; -                  ; n/a           ; n/a             ; n/a         ;
; PCP2[13]        ; 2.5 V        ; 0 in              ; 0 H/in                  ; 0 F/in                  ; short         ; -                   ; open           ; open             ; open   ; 0 in             ; 0 H/in                 ; 0 F/in                 ; short        ; open          ; open            ; open  ; 0 V                 ; -                  ; n/a           ; n/a             ; n/a         ;
; PCP2[12]        ; 2.5 V        ; 0 in              ; 0 H/in                  ; 0 F/in                  ; short         ; -                   ; open           ; open             ; open   ; 0 in             ; 0 H/in                 ; 0 F/in                 ; short        ; open          ; open            ; open  ; 0 V                 ; -                  ; n/a           ; n/a             ; n/a         ;
; PCP2[11]        ; 2.5 V        ; 0 in              ; 0 H/in                  ; 0 F/in                  ; short         ; -                   ; open           ; open             ; open   ; 0 in             ; 0 H/in                 ; 0 F/in                 ; short        ; open          ; open            ; open  ; 0 V                 ; -                  ; n/a           ; n/a             ; n/a         ;
; PCP2[10]        ; 2.5 V        ; 0 in              ; 0 H/in                  ; 0 F/in                  ; short         ; -                   ; open           ; open             ; open   ; 0 in             ; 0 H/in                 ; 0 F/in                 ; short        ; open          ; open            ; open  ; 0 V                 ; -                  ; n/a           ; n/a             ; n/a         ;
; PCP2[9]         ; 2.5 V        ; 0 in              ; 0 H/in                  ; 0 F/in                  ; short         ; -                   ; open           ; open             ; open   ; 0 in             ; 0 H/in                 ; 0 F/in                 ; short        ; open          ; open            ; open  ; 0 V                 ; -                  ; n/a           ; n/a             ; n/a         ;
; PCP2[8]         ; 2.5 V        ; 0 in              ; 0 H/in                  ; 0 F/in                  ; short         ; -                   ; open           ; open             ; open   ; 0 in             ; 0 H/in                 ; 0 F/in                 ; short        ; open          ; open            ; open  ; 0 V                 ; -                  ; n/a           ; n/a             ; n/a         ;
; PCP2[7]         ; 2.5 V        ; 0 in              ; 0 H/in                  ; 0 F/in                  ; short         ; -                   ; open           ; open             ; open   ; 0 in             ; 0 H/in                 ; 0 F/in                 ; short        ; open          ; open            ; open  ; 0 V                 ; -                  ; n/a           ; n/a             ; n/a         ;
; PCP2[6]         ; 2.5 V        ; 0 in              ; 0 H/in                  ; 0 F/in                  ; short         ; -                   ; open           ; open             ; open   ; 0 in             ; 0 H/in                 ; 0 F/in                 ; short        ; open          ; open            ; open  ; 0 V                 ; -                  ; n/a           ; n/a             ; n/a         ;
; PCP2[5]         ; 2.5 V        ; 0 in              ; 0 H/in                  ; 0 F/in                  ; short         ; -                   ; open           ; open             ; open   ; 0 in             ; 0 H/in                 ; 0 F/in                 ; short        ; open          ; open            ; open  ; 0 V                 ; -                  ; n/a           ; n/a             ; n/a         ;
; PCP2[4]         ; 2.5 V        ; 0 in              ; 0 H/in                  ; 0 F/in                  ; short         ; -                   ; open           ; open             ; open   ; 0 in             ; 0 H/in                 ; 0 F/in                 ; short        ; open          ; open            ; open  ; 0 V                 ; -                  ; n/a           ; n/a             ; n/a         ;
; PCP2[3]         ; 2.5 V        ; 0 in              ; 0 H/in                  ; 0 F/in                  ; short         ; -                   ; open           ; open             ; open   ; 0 in             ; 0 H/in                 ; 0 F/in                 ; short        ; open          ; open            ; open  ; 0 V                 ; -                  ; n/a           ; n/a             ; n/a         ;
; PCP2[2]         ; 2.5 V        ; 0 in              ; 0 H/in                  ; 0 F/in                  ; short         ; -                   ; open           ; open             ; open   ; 0 in             ; 0 H/in                 ; 0 F/in                 ; short        ; open          ; open            ; open  ; 0 V                 ; -                  ; n/a           ; n/a             ; n/a         ;
; PCP2[1]         ; 2.5 V        ; 0 in              ; 0 H/in                  ; 0 F/in                  ; short         ; -                   ; open           ; open             ; open   ; 0 in             ; 0 H/in                 ; 0 F/in                 ; short        ; open          ; open            ; open  ; 0 V                 ; -                  ; n/a           ; n/a             ; n/a         ;
; PCP2[0]         ; 2.5 V        ; 0 in              ; 0 H/in                  ; 0 F/in                  ; short         ; -                   ; open           ; open             ; open   ; 0 in             ; 0 H/in                 ; 0 F/in                 ; short        ; open          ; open            ; open  ; 0 V                 ; -                  ; n/a           ; n/a             ; n/a         ;
; ~ALTERA_DCLK~   ; 2.5 V        ; 0 in              ; 0 H/in                  ; 0 F/in                  ; short         ; -                   ; open           ; open             ; open   ; 0 in             ; 0 H/in                 ; 0 F/in                 ; short        ; open          ; open            ; open  ; 0 V                 ; -                  ; n/a           ; n/a             ; n/a         ;
; ~ALTERA_nCEO~   ; 2.5 V        ; 0 in              ; 0 H/in                  ; 0 F/in                  ; short         ; -                   ; open           ; open             ; open   ; 0 in             ; 0 H/in                 ; 0 F/in                 ; short        ; open          ; open            ; open  ; 0 V                 ; -                  ; n/a           ; n/a             ; n/a         ;
+-----------------+--------------+-------------------+-------------------------+-------------------------+---------------+---------------------+----------------+------------------+--------+------------------+------------------------+------------------------+--------------+---------------+-----------------+-------+---------------------+--------------------+---------------+-----------------+-------------+


+----------------------------------------------------------------------------+
; Input Transition Times                                                     ;
+-------------------------+--------------+-----------------+-----------------+
; Pin                     ; I/O Standard ; 10-90 Rise Time ; 90-10 Fall Time ;
+-------------------------+--------------+-----------------+-----------------+
; OPCODE[1]               ; 2.5 V        ; 2000 ps         ; 2000 ps         ;
; OPCODE[2]               ; 2.5 V        ; 2000 ps         ; 2000 ps         ;
; OPCODE[3]               ; 2.5 V        ; 2000 ps         ; 2000 ps         ;
; OPCODE[0]               ; 2.5 V        ; 2000 ps         ; 2000 ps         ;
; RST                     ; 2.5 V        ; 2000 ps         ; 2000 ps         ;
; CLK                     ; 2.5 V        ; 2000 ps         ; 2000 ps         ;
; EN                      ; 2.5 V        ; 2000 ps         ; 2000 ps         ;
; ~ALTERA_ASDO_DATA1~     ; 2.5 V        ; 2000 ps         ; 2000 ps         ;
; ~ALTERA_FLASH_nCE_nCSO~ ; 2.5 V        ; 2000 ps         ; 2000 ps         ;
; ~ALTERA_DATA0~          ; 2.5 V        ; 2000 ps         ; 2000 ps         ;
+-------------------------+--------------+-----------------+-----------------+


+----------------------------------------------------------------------------------------------------------------------------------------------------------------------------------------------------------------------------------------------------------------------------------------------------------------------------------------------------------------------------------------------------------------------------------------------------------------------------------------------------------------------------------------------------------------------------------------------------------------------------------------------------------------------------------------------+
; Signal Integrity Metrics (Slow 1200mv 0c Model)                                                                                                                                                                                                                                                                                                                                                                                                                                                                                                                                                                                                                                              ;
+-----------------+--------------+---------------------+---------------------+------------------------------+------------------------------+---------------------+---------------------+--------------------------------------+--------------------------------------+-----------------------------+-----------------------------+----------------------------+----------------------------+-----------------------------+-----------------------------+--------------------+--------------------+-------------------------------------+-------------------------------------+----------------------------+----------------------------+---------------------------+---------------------------+
; Pin             ; I/O Standard ; Board Delay on Rise ; Board Delay on Fall ; Steady State Voh at FPGA Pin ; Steady State Vol at FPGA Pin ; Voh Max at FPGA Pin ; Vol Min at FPGA Pin ; Ringback Voltage on Rise at FPGA Pin ; Ringback Voltage on Fall at FPGA Pin ; 10-90 Rise Time at FPGA Pin ; 90-10 Fall Time at FPGA Pin ; Monotonic Rise at FPGA Pin ; Monotonic Fall at FPGA Pin ; Steady State Voh at Far-end ; Steady State Vol at Far-end ; Voh Max at Far-end ; Vol Min at Far-end ; Ringback Voltage on Rise at Far-end ; Ringback Voltage on Fall at Far-end ; 10-90 Rise Time at Far-end ; 90-10 Fall Time at Far-end ; Monotonic Rise at Far-end ; Monotonic Fall at Far-end ;
+-----------------+--------------+---------------------+---------------------+------------------------------+------------------------------+---------------------+---------------------+--------------------------------------+--------------------------------------+-----------------------------+-----------------------------+----------------------------+----------------------------+-----------------------------+-----------------------------+--------------------+--------------------+-------------------------------------+-------------------------------------+----------------------------+----------------------------+---------------------------+---------------------------+
; RegDst          ; 2.5 V        ; 0 s                 ; 0 s                 ; 2.32 V                       ; 4.49e-09 V                   ; 2.38 V              ; -0.00552 V          ; 0.096 V                              ; 0.019 V                              ; 4.18e-10 s                  ; 3.59e-10 s                  ; No                         ; Yes                        ; 2.32 V                      ; 4.49e-09 V                  ; 2.38 V             ; -0.00552 V         ; 0.096 V                             ; 0.019 V                             ; 4.18e-10 s                 ; 3.59e-10 s                 ; No                        ; Yes                       ;
; MemRead         ; 2.5 V        ; 0 s                 ; 0 s                 ; 2.32 V                       ; 3.07e-09 V                   ; 2.37 V              ; -0.00994 V          ; 0.186 V                              ; 0.028 V                              ; 4.98e-10 s                  ; 4.96e-10 s                  ; Yes                        ; Yes                        ; 2.32 V                      ; 3.07e-09 V                  ; 2.37 V             ; -0.00994 V         ; 0.186 V                             ; 0.028 V                             ; 4.98e-10 s                 ; 4.96e-10 s                 ; Yes                       ; Yes                       ;
; MemtoReg        ; 2.5 V        ; 0 s                 ; 0 s                 ; 2.32 V                       ; 3.07e-09 V                   ; 2.37 V              ; -0.00994 V          ; 0.186 V                              ; 0.028 V                              ; 4.98e-10 s                  ; 4.96e-10 s                  ; Yes                        ; Yes                        ; 2.32 V                      ; 3.07e-09 V                  ; 2.37 V             ; -0.00994 V         ; 0.186 V                             ; 0.028 V                             ; 4.98e-10 s                 ; 4.96e-10 s                 ; Yes                       ; Yes                       ;
; MemWrite        ; 2.5 V        ; 0 s                 ; 0 s                 ; 2.32 V                       ; 4.49e-09 V                   ; 2.38 V              ; -0.00552 V          ; 0.096 V                              ; 0.019 V                              ; 4.18e-10 s                  ; 3.59e-10 s                  ; No                         ; Yes                        ; 2.32 V                      ; 4.49e-09 V                  ; 2.38 V             ; -0.00552 V         ; 0.096 V                             ; 0.019 V                             ; 4.18e-10 s                 ; 3.59e-10 s                 ; No                        ; Yes                       ;
; ALUSrc          ; 2.5 V        ; 0 s                 ; 0 s                 ; 2.32 V                       ; 4.49e-09 V                   ; 2.38 V              ; -0.00552 V          ; 0.096 V                              ; 0.019 V                              ; 4.18e-10 s                  ; 3.59e-10 s                  ; No                         ; Yes                        ; 2.32 V                      ; 4.49e-09 V                  ; 2.38 V             ; -0.00552 V         ; 0.096 V                             ; 0.019 V                             ; 4.18e-10 s                 ; 3.59e-10 s                 ; No                        ; Yes                       ;
; RegWrite        ; 2.5 V        ; 0 s                 ; 0 s                 ; 2.32 V                       ; 4.49e-09 V                   ; 2.38 V              ; -0.00552 V          ; 0.096 V                              ; 0.019 V                              ; 4.18e-10 s                  ; 3.59e-10 s                  ; No                         ; Yes                        ; 2.32 V                      ; 4.49e-09 V                  ; 2.38 V             ; -0.00552 V         ; 0.096 V                             ; 0.019 V                             ; 4.18e-10 s                 ; 3.59e-10 s                 ; No                        ; Yes                       ;
; ALUCon          ; 2.5 V        ; 0 s                 ; 0 s                 ; 2.32 V                       ; 4.49e-09 V                   ; 2.38 V              ; -0.00552 V          ; 0.096 V                              ; 0.019 V                              ; 4.18e-10 s                  ; 3.59e-10 s                  ; No                         ; Yes                        ; 2.32 V                      ; 4.49e-09 V                  ; 2.38 V             ; -0.00552 V         ; 0.096 V                             ; 0.019 V                             ; 4.18e-10 s                 ; 3.59e-10 s                 ; No                        ; Yes                       ;
; ALUOp[2]        ; 2.5 V        ; 0 s                 ; 0 s                 ; 2.32 V                       ; 4.49e-09 V                   ; 2.38 V              ; -0.00552 V          ; 0.096 V                              ; 0.019 V                              ; 4.18e-10 s                  ; 3.59e-10 s                  ; No                         ; Yes                        ; 2.32 V                      ; 4.49e-09 V                  ; 2.38 V             ; -0.00552 V         ; 0.096 V                             ; 0.019 V                             ; 4.18e-10 s                 ; 3.59e-10 s                 ; No                        ; Yes                       ;
; ALUOp[1]        ; 2.5 V        ; 0 s                 ; 0 s                 ; 2.32 V                       ; 4.49e-09 V                   ; 2.38 V              ; -0.00552 V          ; 0.096 V                              ; 0.019 V                              ; 4.18e-10 s                  ; 3.59e-10 s                  ; No                         ; Yes                        ; 2.32 V                      ; 4.49e-09 V                  ; 2.38 V             ; -0.00552 V         ; 0.096 V                             ; 0.019 V                             ; 4.18e-10 s                 ; 3.59e-10 s                 ; No                        ; Yes                       ;
; ALUOp[0]        ; 2.5 V        ; 0 s                 ; 0 s                 ; 2.32 V                       ; 4.49e-09 V                   ; 2.38 V              ; -0.00552 V          ; 0.096 V                              ; 0.019 V                              ; 4.18e-10 s                  ; 3.59e-10 s                  ; No                         ; Yes                        ; 2.32 V                      ; 4.49e-09 V                  ; 2.38 V             ; -0.00552 V         ; 0.096 V                             ; 0.019 V                             ; 4.18e-10 s                 ; 3.59e-10 s                 ; No                        ; Yes                       ;
; DOUT[15]        ; 2.5 V        ; 0 s                 ; 0 s                 ; 2.32 V                       ; 3.07e-09 V                   ; 2.37 V              ; -0.00994 V          ; 0.186 V                              ; 0.028 V                              ; 4.98e-10 s                  ; 4.96e-10 s                  ; Yes                        ; Yes                        ; 2.32 V                      ; 3.07e-09 V                  ; 2.37 V             ; -0.00994 V         ; 0.186 V                             ; 0.028 V                             ; 4.98e-10 s                 ; 4.96e-10 s                 ; Yes                       ; Yes                       ;
; DOUT[14]        ; 2.5 V        ; 0 s                 ; 0 s                 ; 2.32 V                       ; 3.07e-09 V                   ; 2.33 V              ; -0.00496 V          ; 0.223 V                              ; 0.086 V                              ; 2.9e-09 s                   ; 2.73e-09 s                  ; Yes                        ; Yes                        ; 2.32 V                      ; 3.07e-09 V                  ; 2.33 V             ; -0.00496 V         ; 0.223 V                             ; 0.086 V                             ; 2.9e-09 s                  ; 2.73e-09 s                 ; Yes                       ; Yes                       ;
; DOUT[13]        ; 2.5 V        ; 0 s                 ; 0 s                 ; 2.32 V                       ; 3.07e-09 V                   ; 2.37 V              ; -0.00994 V          ; 0.186 V                              ; 0.028 V                              ; 4.98e-10 s                  ; 4.96e-10 s                  ; Yes                        ; Yes                        ; 2.32 V                      ; 3.07e-09 V                  ; 2.37 V             ; -0.00994 V         ; 0.186 V                             ; 0.028 V                             ; 4.98e-10 s                 ; 4.96e-10 s                 ; Yes                       ; Yes                       ;
; DOUT[12]        ; 2.5 V        ; 0 s                 ; 0 s                 ; 2.32 V                       ; 4.49e-09 V                   ; 2.38 V              ; -0.00552 V          ; 0.096 V                              ; 0.019 V                              ; 4.18e-10 s                  ; 3.59e-10 s                  ; No                         ; Yes                        ; 2.32 V                      ; 4.49e-09 V                  ; 2.38 V             ; -0.00552 V         ; 0.096 V                             ; 0.019 V                             ; 4.18e-10 s                 ; 3.59e-10 s                 ; No                        ; Yes                       ;
; DOUT[11]        ; 2.5 V        ; 0 s                 ; 0 s                 ; 2.32 V                       ; 3.07e-09 V                   ; 2.37 V              ; -0.00994 V          ; 0.186 V                              ; 0.028 V                              ; 4.98e-10 s                  ; 4.96e-10 s                  ; Yes                        ; Yes                        ; 2.32 V                      ; 3.07e-09 V                  ; 2.37 V             ; -0.00994 V         ; 0.186 V                             ; 0.028 V                             ; 4.98e-10 s                 ; 4.96e-10 s                 ; Yes                       ; Yes                       ;
; DOUT[10]        ; 2.5 V        ; 0 s                 ; 0 s                 ; 2.32 V                       ; 3.07e-09 V                   ; 2.37 V              ; -0.00994 V          ; 0.186 V                              ; 0.028 V                              ; 4.98e-10 s                  ; 4.96e-10 s                  ; Yes                        ; Yes                        ; 2.32 V                      ; 3.07e-09 V                  ; 2.37 V             ; -0.00994 V         ; 0.186 V                             ; 0.028 V                             ; 4.98e-10 s                 ; 4.96e-10 s                 ; Yes                       ; Yes                       ;
; DOUT[9]         ; 2.5 V        ; 0 s                 ; 0 s                 ; 2.32 V                       ; 3.07e-09 V                   ; 2.37 V              ; -0.00994 V          ; 0.186 V                              ; 0.028 V                              ; 4.98e-10 s                  ; 4.96e-10 s                  ; Yes                        ; Yes                        ; 2.32 V                      ; 3.07e-09 V                  ; 2.37 V             ; -0.00994 V         ; 0.186 V                             ; 0.028 V                             ; 4.98e-10 s                 ; 4.96e-10 s                 ; Yes                       ; Yes                       ;
; DOUT[8]         ; 2.5 V        ; 0 s                 ; 0 s                 ; 2.32 V                       ; 3.07e-09 V                   ; 2.37 V              ; -0.00994 V          ; 0.186 V                              ; 0.028 V                              ; 4.98e-10 s                  ; 4.96e-10 s                  ; Yes                        ; Yes                        ; 2.32 V                      ; 3.07e-09 V                  ; 2.37 V             ; -0.00994 V         ; 0.186 V                             ; 0.028 V                             ; 4.98e-10 s                 ; 4.96e-10 s                 ; Yes                       ; Yes                       ;
; DOUT[7]         ; 2.5 V        ; 0 s                 ; 0 s                 ; 2.32 V                       ; 3.07e-09 V                   ; 2.37 V              ; -0.00994 V          ; 0.186 V                              ; 0.028 V                              ; 4.98e-10 s                  ; 4.96e-10 s                  ; Yes                        ; Yes                        ; 2.32 V                      ; 3.07e-09 V                  ; 2.37 V             ; -0.00994 V         ; 0.186 V                             ; 0.028 V                             ; 4.98e-10 s                 ; 4.96e-10 s                 ; Yes                       ; Yes                       ;
; DOUT[6]         ; 2.5 V        ; 0 s                 ; 0 s                 ; 2.32 V                       ; 3.07e-09 V                   ; 2.37 V              ; -0.00994 V          ; 0.186 V                              ; 0.028 V                              ; 4.98e-10 s                  ; 4.96e-10 s                  ; Yes                        ; Yes                        ; 2.32 V                      ; 3.07e-09 V                  ; 2.37 V             ; -0.00994 V         ; 0.186 V                             ; 0.028 V                             ; 4.98e-10 s                 ; 4.96e-10 s                 ; Yes                       ; Yes                       ;
; DOUT[5]         ; 2.5 V        ; 0 s                 ; 0 s                 ; 2.32 V                       ; 3.07e-09 V                   ; 2.37 V              ; -0.00994 V          ; 0.186 V                              ; 0.028 V                              ; 4.98e-10 s                  ; 4.96e-10 s                  ; Yes                        ; Yes                        ; 2.32 V                      ; 3.07e-09 V                  ; 2.37 V             ; -0.00994 V         ; 0.186 V                             ; 0.028 V                             ; 4.98e-10 s                 ; 4.96e-10 s                 ; Yes                       ; Yes                       ;
; DOUT[4]         ; 2.5 V        ; 0 s                 ; 0 s                 ; 2.32 V                       ; 3.07e-09 V                   ; 2.37 V              ; -0.00994 V          ; 0.186 V                              ; 0.028 V                              ; 4.98e-10 s                  ; 4.96e-10 s                  ; Yes                        ; Yes                        ; 2.32 V                      ; 3.07e-09 V                  ; 2.37 V             ; -0.00994 V         ; 0.186 V                             ; 0.028 V                             ; 4.98e-10 s                 ; 4.96e-10 s                 ; Yes                       ; Yes                       ;
; DOUT[3]         ; 2.5 V        ; 0 s                 ; 0 s                 ; 2.32 V                       ; 3.07e-09 V                   ; 2.33 V              ; -0.00496 V          ; 0.223 V                              ; 0.086 V                              ; 2.9e-09 s                   ; 2.73e-09 s                  ; Yes                        ; Yes                        ; 2.32 V                      ; 3.07e-09 V                  ; 2.33 V             ; -0.00496 V         ; 0.223 V                             ; 0.086 V                             ; 2.9e-09 s                  ; 2.73e-09 s                 ; Yes                       ; Yes                       ;
; DOUT[2]         ; 2.5 V        ; 0 s                 ; 0 s                 ; 2.32 V                       ; 3.07e-09 V                   ; 2.37 V              ; -0.00994 V          ; 0.186 V                              ; 0.028 V                              ; 4.98e-10 s                  ; 4.96e-10 s                  ; Yes                        ; Yes                        ; 2.32 V                      ; 3.07e-09 V                  ; 2.37 V             ; -0.00994 V         ; 0.186 V                             ; 0.028 V                             ; 4.98e-10 s                 ; 4.96e-10 s                 ; Yes                       ; Yes                       ;
; DOUT[1]         ; 2.5 V        ; 0 s                 ; 0 s                 ; 2.32 V                       ; 3.07e-09 V                   ; 2.37 V              ; -0.00994 V          ; 0.186 V                              ; 0.028 V                              ; 4.98e-10 s                  ; 4.96e-10 s                  ; Yes                        ; Yes                        ; 2.32 V                      ; 3.07e-09 V                  ; 2.37 V             ; -0.00994 V         ; 0.186 V                             ; 0.028 V                             ; 4.98e-10 s                 ; 4.96e-10 s                 ; Yes                       ; Yes                       ;
; DOUT[0]         ; 2.5 V        ; 0 s                 ; 0 s                 ; 2.32 V                       ; 4.49e-09 V                   ; 2.33 V              ; -0.00467 V          ; 0.226 V                              ; 0.087 V                              ; 2.91e-09 s                  ; 2.74e-09 s                  ; Yes                        ; Yes                        ; 2.32 V                      ; 4.49e-09 V                  ; 2.33 V             ; -0.00467 V         ; 0.226 V                             ; 0.087 V                             ; 2.91e-09 s                 ; 2.74e-09 s                 ; Yes                       ; Yes                       ;
; INSOUT[15]      ; 2.5 V        ; 0 s                 ; 0 s                 ; 2.32 V                       ; 3.07e-09 V                   ; 2.37 V              ; -0.00994 V          ; 0.186 V                              ; 0.028 V                              ; 4.98e-10 s                  ; 4.96e-10 s                  ; Yes                        ; Yes                        ; 2.32 V                      ; 3.07e-09 V                  ; 2.37 V             ; -0.00994 V         ; 0.186 V                             ; 0.028 V                             ; 4.98e-10 s                 ; 4.96e-10 s                 ; Yes                       ; Yes                       ;
; INSOUT[14]      ; 2.5 V        ; 0 s                 ; 0 s                 ; 2.32 V                       ; 3.07e-09 V                   ; 2.38 V              ; -0.0144 V           ; 0.227 V                              ; 0.024 V                              ; 3.14e-10 s                  ; 3.39e-10 s                  ; Yes                        ; Yes                        ; 2.32 V                      ; 3.07e-09 V                  ; 2.38 V             ; -0.0144 V          ; 0.227 V                             ; 0.024 V                             ; 3.14e-10 s                 ; 3.39e-10 s                 ; Yes                       ; Yes                       ;
; INSOUT[13]      ; 2.5 V        ; 0 s                 ; 0 s                 ; 2.32 V                       ; 3.07e-09 V                   ; 2.37 V              ; -0.00994 V          ; 0.186 V                              ; 0.028 V                              ; 4.98e-10 s                  ; 4.96e-10 s                  ; Yes                        ; Yes                        ; 2.32 V                      ; 3.07e-09 V                  ; 2.37 V             ; -0.00994 V         ; 0.186 V                             ; 0.028 V                             ; 4.98e-10 s                 ; 4.96e-10 s                 ; Yes                       ; Yes                       ;
; INSOUT[12]      ; 2.5 V        ; 0 s                 ; 0 s                 ; 2.32 V                       ; 3.07e-09 V                   ; 2.37 V              ; -0.00994 V          ; 0.186 V                              ; 0.028 V                              ; 4.98e-10 s                  ; 4.96e-10 s                  ; Yes                        ; Yes                        ; 2.32 V                      ; 3.07e-09 V                  ; 2.37 V             ; -0.00994 V         ; 0.186 V                             ; 0.028 V                             ; 4.98e-10 s                 ; 4.96e-10 s                 ; Yes                       ; Yes                       ;
; INSOUT[11]      ; 2.5 V        ; 0 s                 ; 0 s                 ; 2.32 V                       ; 3.07e-09 V                   ; 2.37 V              ; -0.00994 V          ; 0.186 V                              ; 0.028 V                              ; 4.98e-10 s                  ; 4.96e-10 s                  ; Yes                        ; Yes                        ; 2.32 V                      ; 3.07e-09 V                  ; 2.37 V             ; -0.00994 V         ; 0.186 V                             ; 0.028 V                             ; 4.98e-10 s                 ; 4.96e-10 s                 ; Yes                       ; Yes                       ;
; INSOUT[10]      ; 2.5 V        ; 0 s                 ; 0 s                 ; 2.32 V                       ; 3.07e-09 V                   ; 2.38 V              ; -0.0144 V           ; 0.227 V                              ; 0.024 V                              ; 3.14e-10 s                  ; 3.39e-10 s                  ; Yes                        ; Yes                        ; 2.32 V                      ; 3.07e-09 V                  ; 2.38 V             ; -0.0144 V          ; 0.227 V                             ; 0.024 V                             ; 3.14e-10 s                 ; 3.39e-10 s                 ; Yes                       ; Yes                       ;
; INSOUT[9]       ; 2.5 V        ; 0 s                 ; 0 s                 ; 2.32 V                       ; 3.07e-09 V                   ; 2.37 V              ; -0.00994 V          ; 0.186 V                              ; 0.028 V                              ; 4.98e-10 s                  ; 4.96e-10 s                  ; Yes                        ; Yes                        ; 2.32 V                      ; 3.07e-09 V                  ; 2.37 V             ; -0.00994 V         ; 0.186 V                             ; 0.028 V                             ; 4.98e-10 s                 ; 4.96e-10 s                 ; Yes                       ; Yes                       ;
; INSOUT[8]       ; 2.5 V        ; 0 s                 ; 0 s                 ; 2.32 V                       ; 4.49e-09 V                   ; 2.38 V              ; -0.00552 V          ; 0.096 V                              ; 0.019 V                              ; 4.18e-10 s                  ; 3.59e-10 s                  ; No                         ; Yes                        ; 2.32 V                      ; 4.49e-09 V                  ; 2.38 V             ; -0.00552 V         ; 0.096 V                             ; 0.019 V                             ; 4.18e-10 s                 ; 3.59e-10 s                 ; No                        ; Yes                       ;
; INSOUT[7]       ; 2.5 V        ; 0 s                 ; 0 s                 ; 2.32 V                       ; 3.07e-09 V                   ; 2.37 V              ; -0.00994 V          ; 0.186 V                              ; 0.028 V                              ; 4.98e-10 s                  ; 4.96e-10 s                  ; Yes                        ; Yes                        ; 2.32 V                      ; 3.07e-09 V                  ; 2.37 V             ; -0.00994 V         ; 0.186 V                             ; 0.028 V                             ; 4.98e-10 s                 ; 4.96e-10 s                 ; Yes                       ; Yes                       ;
; INSOUT[6]       ; 2.5 V        ; 0 s                 ; 0 s                 ; 2.32 V                       ; 3.07e-09 V                   ; 2.37 V              ; -0.00994 V          ; 0.186 V                              ; 0.028 V                              ; 4.98e-10 s                  ; 4.96e-10 s                  ; Yes                        ; Yes                        ; 2.32 V                      ; 3.07e-09 V                  ; 2.37 V             ; -0.00994 V         ; 0.186 V                             ; 0.028 V                             ; 4.98e-10 s                 ; 4.96e-10 s                 ; Yes                       ; Yes                       ;
; INSOUT[5]       ; 2.5 V        ; 0 s                 ; 0 s                 ; 2.32 V                       ; 3.07e-09 V                   ; 2.37 V              ; -0.00994 V          ; 0.186 V                              ; 0.028 V                              ; 4.98e-10 s                  ; 4.96e-10 s                  ; Yes                        ; Yes                        ; 2.32 V                      ; 3.07e-09 V                  ; 2.37 V             ; -0.00994 V         ; 0.186 V                             ; 0.028 V                             ; 4.98e-10 s                 ; 4.96e-10 s                 ; Yes                       ; Yes                       ;
; INSOUT[4]       ; 2.5 V        ; 0 s                 ; 0 s                 ; 2.32 V                       ; 3.07e-09 V                   ; 2.37 V              ; -0.00994 V          ; 0.186 V                              ; 0.028 V                              ; 4.98e-10 s                  ; 4.96e-10 s                  ; Yes                        ; Yes                        ; 2.32 V                      ; 3.07e-09 V                  ; 2.37 V             ; -0.00994 V         ; 0.186 V                             ; 0.028 V                             ; 4.98e-10 s                 ; 4.96e-10 s                 ; Yes                       ; Yes                       ;
; INSOUT[3]       ; 2.5 V        ; 0 s                 ; 0 s                 ; 2.32 V                       ; 3.07e-09 V                   ; 2.37 V              ; -0.00994 V          ; 0.186 V                              ; 0.028 V                              ; 4.98e-10 s                  ; 4.96e-10 s                  ; Yes                        ; Yes                        ; 2.32 V                      ; 3.07e-09 V                  ; 2.37 V             ; -0.00994 V         ; 0.186 V                             ; 0.028 V                             ; 4.98e-10 s                 ; 4.96e-10 s                 ; Yes                       ; Yes                       ;
; INSOUT[2]       ; 2.5 V        ; 0 s                 ; 0 s                 ; 2.32 V                       ; 3.07e-09 V                   ; 2.37 V              ; -0.00994 V          ; 0.186 V                              ; 0.028 V                              ; 4.98e-10 s                  ; 4.96e-10 s                  ; Yes                        ; Yes                        ; 2.32 V                      ; 3.07e-09 V                  ; 2.37 V             ; -0.00994 V         ; 0.186 V                             ; 0.028 V                             ; 4.98e-10 s                 ; 4.96e-10 s                 ; Yes                       ; Yes                       ;
; INSOUT[1]       ; 2.5 V        ; 0 s                 ; 0 s                 ; 2.32 V                       ; 3.07e-09 V                   ; 2.37 V              ; -0.00994 V          ; 0.186 V                              ; 0.028 V                              ; 4.98e-10 s                  ; 4.96e-10 s                  ; Yes                        ; Yes                        ; 2.32 V                      ; 3.07e-09 V                  ; 2.37 V             ; -0.00994 V         ; 0.186 V                             ; 0.028 V                             ; 4.98e-10 s                 ; 4.96e-10 s                 ; Yes                       ; Yes                       ;
; INSOUT[0]       ; 2.5 V        ; 0 s                 ; 0 s                 ; 2.32 V                       ; 4.49e-09 V                   ; 2.38 V              ; -0.00552 V          ; 0.096 V                              ; 0.019 V                              ; 4.18e-10 s                  ; 3.59e-10 s                  ; No                         ; Yes                        ; 2.32 V                      ; 4.49e-09 V                  ; 2.38 V             ; -0.00552 V         ; 0.096 V                             ; 0.019 V                             ; 4.18e-10 s                 ; 3.59e-10 s                 ; No                        ; Yes                       ;
; JOUT[15]        ; 2.5 V        ; 0 s                 ; 0 s                 ; 2.32 V                       ; 4.49e-09 V                   ; 2.38 V              ; -0.00552 V          ; 0.096 V                              ; 0.019 V                              ; 4.18e-10 s                  ; 3.59e-10 s                  ; No                         ; Yes                        ; 2.32 V                      ; 4.49e-09 V                  ; 2.38 V             ; -0.00552 V         ; 0.096 V                             ; 0.019 V                             ; 4.18e-10 s                 ; 3.59e-10 s                 ; No                        ; Yes                       ;
; JOUT[14]        ; 2.5 V        ; 0 s                 ; 0 s                 ; 2.32 V                       ; 4.49e-09 V                   ; 2.38 V              ; -0.00552 V          ; 0.096 V                              ; 0.019 V                              ; 4.18e-10 s                  ; 3.59e-10 s                  ; No                         ; Yes                        ; 2.32 V                      ; 4.49e-09 V                  ; 2.38 V             ; -0.00552 V         ; 0.096 V                             ; 0.019 V                             ; 4.18e-10 s                 ; 3.59e-10 s                 ; No                        ; Yes                       ;
; JOUT[13]        ; 2.5 V        ; 0 s                 ; 0 s                 ; 2.32 V                       ; 4.49e-09 V                   ; 2.38 V              ; -0.00552 V          ; 0.096 V                              ; 0.019 V                              ; 4.18e-10 s                  ; 3.59e-10 s                  ; No                         ; Yes                        ; 2.32 V                      ; 4.49e-09 V                  ; 2.38 V             ; -0.00552 V         ; 0.096 V                             ; 0.019 V                             ; 4.18e-10 s                 ; 3.59e-10 s                 ; No                        ; Yes                       ;
; JOUT[12]        ; 2.5 V        ; 0 s                 ; 0 s                 ; 2.32 V                       ; 3.07e-09 V                   ; 2.37 V              ; -0.00994 V          ; 0.186 V                              ; 0.028 V                              ; 4.98e-10 s                  ; 4.96e-10 s                  ; Yes                        ; Yes                        ; 2.32 V                      ; 3.07e-09 V                  ; 2.37 V             ; -0.00994 V         ; 0.186 V                             ; 0.028 V                             ; 4.98e-10 s                 ; 4.96e-10 s                 ; Yes                       ; Yes                       ;
; JOUT[11]        ; 2.5 V        ; 0 s                 ; 0 s                 ; 2.32 V                       ; 3.07e-09 V                   ; 2.37 V              ; -0.00994 V          ; 0.186 V                              ; 0.028 V                              ; 4.98e-10 s                  ; 4.96e-10 s                  ; Yes                        ; Yes                        ; 2.32 V                      ; 3.07e-09 V                  ; 2.37 V             ; -0.00994 V         ; 0.186 V                             ; 0.028 V                             ; 4.98e-10 s                 ; 4.96e-10 s                 ; Yes                       ; Yes                       ;
; JOUT[10]        ; 2.5 V        ; 0 s                 ; 0 s                 ; 2.32 V                       ; 3.07e-09 V                   ; 2.38 V              ; -0.0144 V           ; 0.227 V                              ; 0.024 V                              ; 3.14e-10 s                  ; 3.39e-10 s                  ; Yes                        ; Yes                        ; 2.32 V                      ; 3.07e-09 V                  ; 2.38 V             ; -0.0144 V          ; 0.227 V                             ; 0.024 V                             ; 3.14e-10 s                 ; 3.39e-10 s                 ; Yes                       ; Yes                       ;
; JOUT[9]         ; 2.5 V        ; 0 s                 ; 0 s                 ; 2.32 V                       ; 3.07e-09 V                   ; 2.37 V              ; -0.00994 V          ; 0.186 V                              ; 0.028 V                              ; 4.98e-10 s                  ; 4.96e-10 s                  ; Yes                        ; Yes                        ; 2.32 V                      ; 3.07e-09 V                  ; 2.37 V             ; -0.00994 V         ; 0.186 V                             ; 0.028 V                             ; 4.98e-10 s                 ; 4.96e-10 s                 ; Yes                       ; Yes                       ;
; JOUT[8]         ; 2.5 V        ; 0 s                 ; 0 s                 ; 2.32 V                       ; 4.49e-09 V                   ; 2.38 V              ; -0.00552 V          ; 0.096 V                              ; 0.019 V                              ; 4.18e-10 s                  ; 3.59e-10 s                  ; No                         ; Yes                        ; 2.32 V                      ; 4.49e-09 V                  ; 2.38 V             ; -0.00552 V         ; 0.096 V                             ; 0.019 V                             ; 4.18e-10 s                 ; 3.59e-10 s                 ; No                        ; Yes                       ;
; JOUT[7]         ; 2.5 V        ; 0 s                 ; 0 s                 ; 2.32 V                       ; 4.49e-09 V                   ; 2.38 V              ; -0.00552 V          ; 0.096 V                              ; 0.019 V                              ; 4.18e-10 s                  ; 3.59e-10 s                  ; No                         ; Yes                        ; 2.32 V                      ; 4.49e-09 V                  ; 2.38 V             ; -0.00552 V         ; 0.096 V                             ; 0.019 V                             ; 4.18e-10 s                 ; 3.59e-10 s                 ; No                        ; Yes                       ;
; JOUT[6]         ; 2.5 V        ; 0 s                 ; 0 s                 ; 2.32 V                       ; 4.49e-09 V                   ; 2.38 V              ; -0.00552 V          ; 0.096 V                              ; 0.019 V                              ; 4.18e-10 s                  ; 3.59e-10 s                  ; No                         ; Yes                        ; 2.32 V                      ; 4.49e-09 V                  ; 2.38 V             ; -0.00552 V         ; 0.096 V                             ; 0.019 V                             ; 4.18e-10 s                 ; 3.59e-10 s                 ; No                        ; Yes                       ;
; JOUT[5]         ; 2.5 V        ; 0 s                 ; 0 s                 ; 2.32 V                       ; 3.07e-09 V                   ; 2.37 V              ; -0.00994 V          ; 0.186 V                              ; 0.028 V                              ; 4.98e-10 s                  ; 4.96e-10 s                  ; Yes                        ; Yes                        ; 2.32 V                      ; 3.07e-09 V                  ; 2.37 V             ; -0.00994 V         ; 0.186 V                             ; 0.028 V                             ; 4.98e-10 s                 ; 4.96e-10 s                 ; Yes                       ; Yes                       ;
; JOUT[4]         ; 2.5 V        ; 0 s                 ; 0 s                 ; 2.32 V                       ; 3.07e-09 V                   ; 2.37 V              ; -0.00994 V          ; 0.186 V                              ; 0.028 V                              ; 4.98e-10 s                  ; 4.96e-10 s                  ; Yes                        ; Yes                        ; 2.32 V                      ; 3.07e-09 V                  ; 2.37 V             ; -0.00994 V         ; 0.186 V                             ; 0.028 V                             ; 4.98e-10 s                 ; 4.96e-10 s                 ; Yes                       ; Yes                       ;
; JOUT[3]         ; 2.5 V        ; 0 s                 ; 0 s                 ; 2.32 V                       ; 3.07e-09 V                   ; 2.37 V              ; -0.00994 V          ; 0.186 V                              ; 0.028 V                              ; 4.98e-10 s                  ; 4.96e-10 s                  ; Yes                        ; Yes                        ; 2.32 V                      ; 3.07e-09 V                  ; 2.37 V             ; -0.00994 V         ; 0.186 V                             ; 0.028 V                             ; 4.98e-10 s                 ; 4.96e-10 s                 ; Yes                       ; Yes                       ;
; JOUT[2]         ; 2.5 V        ; 0 s                 ; 0 s                 ; 2.32 V                       ; 3.07e-09 V                   ; 2.37 V              ; -0.00994 V          ; 0.186 V                              ; 0.028 V                              ; 4.98e-10 s                  ; 4.96e-10 s                  ; Yes                        ; Yes                        ; 2.32 V                      ; 3.07e-09 V                  ; 2.37 V             ; -0.00994 V         ; 0.186 V                             ; 0.028 V                             ; 4.98e-10 s                 ; 4.96e-10 s                 ; Yes                       ; Yes                       ;
; JOUT[1]         ; 2.5 V        ; 0 s                 ; 0 s                 ; 2.32 V                       ; 3.07e-09 V                   ; 2.37 V              ; -0.00994 V          ; 0.186 V                              ; 0.028 V                              ; 4.98e-10 s                  ; 4.96e-10 s                  ; Yes                        ; Yes                        ; 2.32 V                      ; 3.07e-09 V                  ; 2.37 V             ; -0.00994 V         ; 0.186 V                             ; 0.028 V                             ; 4.98e-10 s                 ; 4.96e-10 s                 ; Yes                       ; Yes                       ;
; JOUT[0]         ; 2.5 V        ; 0 s                 ; 0 s                 ; 2.32 V                       ; 3.07e-09 V                   ; 2.37 V              ; -0.00994 V          ; 0.186 V                              ; 0.028 V                              ; 4.98e-10 s                  ; 4.96e-10 s                  ; Yes                        ; Yes                        ; 2.32 V                      ; 3.07e-09 V                  ; 2.37 V             ; -0.00994 V         ; 0.186 V                             ; 0.028 V                             ; 4.98e-10 s                 ; 4.96e-10 s                 ; Yes                       ; Yes                       ;
; JUMPMUX_OUT[15] ; 2.5 V        ; 0 s                 ; 0 s                 ; 2.32 V                       ; 4.49e-09 V                   ; 2.38 V              ; -0.00552 V          ; 0.096 V                              ; 0.019 V                              ; 4.18e-10 s                  ; 3.59e-10 s                  ; No                         ; Yes                        ; 2.32 V                      ; 4.49e-09 V                  ; 2.38 V             ; -0.00552 V         ; 0.096 V                             ; 0.019 V                             ; 4.18e-10 s                 ; 3.59e-10 s                 ; No                        ; Yes                       ;
; JUMPMUX_OUT[14] ; 2.5 V        ; 0 s                 ; 0 s                 ; 2.32 V                       ; 4.49e-09 V                   ; 2.38 V              ; -0.00552 V          ; 0.096 V                              ; 0.019 V                              ; 4.18e-10 s                  ; 3.59e-10 s                  ; No                         ; Yes                        ; 2.32 V                      ; 4.49e-09 V                  ; 2.38 V             ; -0.00552 V         ; 0.096 V                             ; 0.019 V                             ; 4.18e-10 s                 ; 3.59e-10 s                 ; No                        ; Yes                       ;
; JUMPMUX_OUT[13] ; 2.5 V        ; 0 s                 ; 0 s                 ; 2.32 V                       ; 4.49e-09 V                   ; 2.38 V              ; -0.00552 V          ; 0.096 V                              ; 0.019 V                              ; 4.18e-10 s                  ; 3.59e-10 s                  ; No                         ; Yes                        ; 2.32 V                      ; 4.49e-09 V                  ; 2.38 V             ; -0.00552 V         ; 0.096 V                             ; 0.019 V                             ; 4.18e-10 s                 ; 3.59e-10 s                 ; No                        ; Yes                       ;
; JUMPMUX_OUT[12] ; 2.5 V        ; 0 s                 ; 0 s                 ; 2.32 V                       ; 3.07e-09 V                   ; 2.37 V              ; -0.00994 V          ; 0.186 V                              ; 0.028 V                              ; 4.98e-10 s                  ; 4.96e-10 s                  ; Yes                        ; Yes                        ; 2.32 V                      ; 3.07e-09 V                  ; 2.37 V             ; -0.00994 V         ; 0.186 V                             ; 0.028 V                             ; 4.98e-10 s                 ; 4.96e-10 s                 ; Yes                       ; Yes                       ;
; JUMPMUX_OUT[11] ; 2.5 V        ; 0 s                 ; 0 s                 ; 2.32 V                       ; 3.07e-09 V                   ; 2.33 V              ; -0.00496 V          ; 0.223 V                              ; 0.086 V                              ; 2.9e-09 s                   ; 2.73e-09 s                  ; Yes                        ; Yes                        ; 2.32 V                      ; 3.07e-09 V                  ; 2.33 V             ; -0.00496 V         ; 0.223 V                             ; 0.086 V                             ; 2.9e-09 s                  ; 2.73e-09 s                 ; Yes                       ; Yes                       ;
; JUMPMUX_OUT[10] ; 2.5 V        ; 0 s                 ; 0 s                 ; 2.32 V                       ; 3.07e-09 V                   ; 2.37 V              ; -0.00994 V          ; 0.186 V                              ; 0.028 V                              ; 4.98e-10 s                  ; 4.96e-10 s                  ; Yes                        ; Yes                        ; 2.32 V                      ; 3.07e-09 V                  ; 2.37 V             ; -0.00994 V         ; 0.186 V                             ; 0.028 V                             ; 4.98e-10 s                 ; 4.96e-10 s                 ; Yes                       ; Yes                       ;
; JUMPMUX_OUT[9]  ; 2.5 V        ; 0 s                 ; 0 s                 ; 2.32 V                       ; 3.07e-09 V                   ; 2.37 V              ; -0.00994 V          ; 0.186 V                              ; 0.028 V                              ; 4.98e-10 s                  ; 4.96e-10 s                  ; Yes                        ; Yes                        ; 2.32 V                      ; 3.07e-09 V                  ; 2.37 V             ; -0.00994 V         ; 0.186 V                             ; 0.028 V                             ; 4.98e-10 s                 ; 4.96e-10 s                 ; Yes                       ; Yes                       ;
; JUMPMUX_OUT[8]  ; 2.5 V        ; 0 s                 ; 0 s                 ; 2.32 V                       ; 3.07e-09 V                   ; 2.37 V              ; -0.00994 V          ; 0.186 V                              ; 0.028 V                              ; 4.98e-10 s                  ; 4.96e-10 s                  ; Yes                        ; Yes                        ; 2.32 V                      ; 3.07e-09 V                  ; 2.37 V             ; -0.00994 V         ; 0.186 V                             ; 0.028 V                             ; 4.98e-10 s                 ; 4.96e-10 s                 ; Yes                       ; Yes                       ;
; JUMPMUX_OUT[7]  ; 2.5 V        ; 0 s                 ; 0 s                 ; 2.32 V                       ; 4.49e-09 V                   ; 2.38 V              ; -0.00552 V          ; 0.096 V                              ; 0.019 V                              ; 4.18e-10 s                  ; 3.59e-10 s                  ; No                         ; Yes                        ; 2.32 V                      ; 4.49e-09 V                  ; 2.38 V             ; -0.00552 V         ; 0.096 V                             ; 0.019 V                             ; 4.18e-10 s                 ; 3.59e-10 s                 ; No                        ; Yes                       ;
; JUMPMUX_OUT[6]  ; 2.5 V        ; 0 s                 ; 0 s                 ; 2.32 V                       ; 3.07e-09 V                   ; 2.37 V              ; -0.00994 V          ; 0.186 V                              ; 0.028 V                              ; 4.98e-10 s                  ; 4.96e-10 s                  ; Yes                        ; Yes                        ; 2.32 V                      ; 3.07e-09 V                  ; 2.37 V             ; -0.00994 V         ; 0.186 V                             ; 0.028 V                             ; 4.98e-10 s                 ; 4.96e-10 s                 ; Yes                       ; Yes                       ;
; JUMPMUX_OUT[5]  ; 2.5 V        ; 0 s                 ; 0 s                 ; 2.32 V                       ; 3.07e-09 V                   ; 2.37 V              ; -0.00994 V          ; 0.186 V                              ; 0.028 V                              ; 4.98e-10 s                  ; 4.96e-10 s                  ; Yes                        ; Yes                        ; 2.32 V                      ; 3.07e-09 V                  ; 2.37 V             ; -0.00994 V         ; 0.186 V                             ; 0.028 V                             ; 4.98e-10 s                 ; 4.96e-10 s                 ; Yes                       ; Yes                       ;
; JUMPMUX_OUT[4]  ; 2.5 V        ; 0 s                 ; 0 s                 ; 2.32 V                       ; 3.07e-09 V                   ; 2.37 V              ; -0.00994 V          ; 0.186 V                              ; 0.028 V                              ; 4.98e-10 s                  ; 4.96e-10 s                  ; Yes                        ; Yes                        ; 2.32 V                      ; 3.07e-09 V                  ; 2.37 V             ; -0.00994 V         ; 0.186 V                             ; 0.028 V                             ; 4.98e-10 s                 ; 4.96e-10 s                 ; Yes                       ; Yes                       ;
; JUMPMUX_OUT[3]  ; 2.5 V        ; 0 s                 ; 0 s                 ; 2.32 V                       ; 3.07e-09 V                   ; 2.37 V              ; -0.00994 V          ; 0.186 V                              ; 0.028 V                              ; 4.98e-10 s                  ; 4.96e-10 s                  ; Yes                        ; Yes                        ; 2.32 V                      ; 3.07e-09 V                  ; 2.37 V             ; -0.00994 V         ; 0.186 V                             ; 0.028 V                             ; 4.98e-10 s                 ; 4.96e-10 s                 ; Yes                       ; Yes                       ;
; JUMPMUX_OUT[2]  ; 2.5 V        ; 0 s                 ; 0 s                 ; 2.32 V                       ; 3.07e-09 V                   ; 2.37 V              ; -0.00994 V          ; 0.186 V                              ; 0.028 V                              ; 4.98e-10 s                  ; 4.96e-10 s                  ; Yes                        ; Yes                        ; 2.32 V                      ; 3.07e-09 V                  ; 2.37 V             ; -0.00994 V         ; 0.186 V                             ; 0.028 V                             ; 4.98e-10 s                 ; 4.96e-10 s                 ; Yes                       ; Yes                       ;
; JUMPMUX_OUT[1]  ; 2.5 V        ; 0 s                 ; 0 s                 ; 2.32 V                       ; 3.07e-09 V                   ; 2.38 V              ; -0.0144 V           ; 0.227 V                              ; 0.024 V                              ; 3.14e-10 s                  ; 3.39e-10 s                  ; Yes                        ; Yes                        ; 2.32 V                      ; 3.07e-09 V                  ; 2.38 V             ; -0.0144 V          ; 0.227 V                             ; 0.024 V                             ; 3.14e-10 s                 ; 3.39e-10 s                 ; Yes                       ; Yes                       ;
; JUMPMUX_OUT[0]  ; 2.5 V        ; 0 s                 ; 0 s                 ; 2.32 V                       ; 3.07e-09 V                   ; 2.37 V              ; -0.00994 V          ; 0.186 V                              ; 0.028 V                              ; 4.98e-10 s                  ; 4.96e-10 s                  ; Yes                        ; Yes                        ; 2.32 V                      ; 3.07e-09 V                  ; 2.37 V             ; -0.00994 V         ; 0.186 V                             ; 0.028 V                             ; 4.98e-10 s                 ; 4.96e-10 s                 ; Yes                       ; Yes                       ;
; PCP2[15]        ; 2.5 V        ; 0 s                 ; 0 s                 ; 2.32 V                       ; 3.07e-09 V                   ; 2.37 V              ; -0.00994 V          ; 0.186 V                              ; 0.028 V                              ; 4.98e-10 s                  ; 4.96e-10 s                  ; Yes                        ; Yes                        ; 2.32 V                      ; 3.07e-09 V                  ; 2.37 V             ; -0.00994 V         ; 0.186 V                             ; 0.028 V                             ; 4.98e-10 s                 ; 4.96e-10 s                 ; Yes                       ; Yes                       ;
; PCP2[14]        ; 2.5 V        ; 0 s                 ; 0 s                 ; 2.32 V                       ; 3.07e-09 V                   ; 2.37 V              ; -0.00994 V          ; 0.186 V                              ; 0.028 V                              ; 4.98e-10 s                  ; 4.96e-10 s                  ; Yes                        ; Yes                        ; 2.32 V                      ; 3.07e-09 V                  ; 2.37 V             ; -0.00994 V         ; 0.186 V                             ; 0.028 V                             ; 4.98e-10 s                 ; 4.96e-10 s                 ; Yes                       ; Yes                       ;
; PCP2[13]        ; 2.5 V        ; 0 s                 ; 0 s                 ; 2.32 V                       ; 4.49e-09 V                   ; 2.33 V              ; -0.00467 V          ; 0.226 V                              ; 0.087 V                              ; 2.91e-09 s                  ; 2.74e-09 s                  ; Yes                        ; Yes                        ; 2.32 V                      ; 4.49e-09 V                  ; 2.33 V             ; -0.00467 V         ; 0.226 V                             ; 0.087 V                             ; 2.91e-09 s                 ; 2.74e-09 s                 ; Yes                       ; Yes                       ;
; PCP2[12]        ; 2.5 V        ; 0 s                 ; 0 s                 ; 2.32 V                       ; 3.07e-09 V                   ; 2.37 V              ; -0.00994 V          ; 0.186 V                              ; 0.028 V                              ; 4.98e-10 s                  ; 4.96e-10 s                  ; Yes                        ; Yes                        ; 2.32 V                      ; 3.07e-09 V                  ; 2.37 V             ; -0.00994 V         ; 0.186 V                             ; 0.028 V                             ; 4.98e-10 s                 ; 4.96e-10 s                 ; Yes                       ; Yes                       ;
; PCP2[11]        ; 2.5 V        ; 0 s                 ; 0 s                 ; 2.32 V                       ; 3.07e-09 V                   ; 2.37 V              ; -0.00994 V          ; 0.186 V                              ; 0.028 V                              ; 4.98e-10 s                  ; 4.96e-10 s                  ; Yes                        ; Yes                        ; 2.32 V                      ; 3.07e-09 V                  ; 2.37 V             ; -0.00994 V         ; 0.186 V                             ; 0.028 V                             ; 4.98e-10 s                 ; 4.96e-10 s                 ; Yes                       ; Yes                       ;
; PCP2[10]        ; 2.5 V        ; 0 s                 ; 0 s                 ; 2.32 V                       ; 3.07e-09 V                   ; 2.37 V              ; -0.00994 V          ; 0.186 V                              ; 0.028 V                              ; 4.98e-10 s                  ; 4.96e-10 s                  ; Yes                        ; Yes                        ; 2.32 V                      ; 3.07e-09 V                  ; 2.37 V             ; -0.00994 V         ; 0.186 V                             ; 0.028 V                             ; 4.98e-10 s                 ; 4.96e-10 s                 ; Yes                       ; Yes                       ;
; PCP2[9]         ; 2.5 V        ; 0 s                 ; 0 s                 ; 2.32 V                       ; 4.49e-09 V                   ; 2.38 V              ; -0.00552 V          ; 0.096 V                              ; 0.019 V                              ; 4.18e-10 s                  ; 3.59e-10 s                  ; No                         ; Yes                        ; 2.32 V                      ; 4.49e-09 V                  ; 2.38 V             ; -0.00552 V         ; 0.096 V                             ; 0.019 V                             ; 4.18e-10 s                 ; 3.59e-10 s                 ; No                        ; Yes                       ;
; PCP2[8]         ; 2.5 V        ; 0 s                 ; 0 s                 ; 2.32 V                       ; 3.07e-09 V                   ; 2.37 V              ; -0.00994 V          ; 0.186 V                              ; 0.028 V                              ; 4.98e-10 s                  ; 4.96e-10 s                  ; Yes                        ; Yes                        ; 2.32 V                      ; 3.07e-09 V                  ; 2.37 V             ; -0.00994 V         ; 0.186 V                             ; 0.028 V                             ; 4.98e-10 s                 ; 4.96e-10 s                 ; Yes                       ; Yes                       ;
; PCP2[7]         ; 2.5 V        ; 0 s                 ; 0 s                 ; 2.32 V                       ; 3.07e-09 V                   ; 2.33 V              ; -0.00496 V          ; 0.223 V                              ; 0.086 V                              ; 2.9e-09 s                   ; 2.73e-09 s                  ; Yes                        ; Yes                        ; 2.32 V                      ; 3.07e-09 V                  ; 2.33 V             ; -0.00496 V         ; 0.223 V                             ; 0.086 V                             ; 2.9e-09 s                  ; 2.73e-09 s                 ; Yes                       ; Yes                       ;
; PCP2[6]         ; 2.5 V        ; 0 s                 ; 0 s                 ; 2.32 V                       ; 3.07e-09 V                   ; 2.37 V              ; -0.00994 V          ; 0.186 V                              ; 0.028 V                              ; 4.98e-10 s                  ; 4.96e-10 s                  ; Yes                        ; Yes                        ; 2.32 V                      ; 3.07e-09 V                  ; 2.37 V             ; -0.00994 V         ; 0.186 V                             ; 0.028 V                             ; 4.98e-10 s                 ; 4.96e-10 s                 ; Yes                       ; Yes                       ;
; PCP2[5]         ; 2.5 V        ; 0 s                 ; 0 s                 ; 2.32 V                       ; 3.07e-09 V                   ; 2.37 V              ; -0.00994 V          ; 0.186 V                              ; 0.028 V                              ; 4.98e-10 s                  ; 4.96e-10 s                  ; Yes                        ; Yes                        ; 2.32 V                      ; 3.07e-09 V                  ; 2.37 V             ; -0.00994 V         ; 0.186 V                             ; 0.028 V                             ; 4.98e-10 s                 ; 4.96e-10 s                 ; Yes                       ; Yes                       ;
; PCP2[4]         ; 2.5 V        ; 0 s                 ; 0 s                 ; 2.32 V                       ; 3.07e-09 V                   ; 2.37 V              ; -0.00994 V          ; 0.186 V                              ; 0.028 V                              ; 4.98e-10 s                  ; 4.96e-10 s                  ; Yes                        ; Yes                        ; 2.32 V                      ; 3.07e-09 V                  ; 2.37 V             ; -0.00994 V         ; 0.186 V                             ; 0.028 V                             ; 4.98e-10 s                 ; 4.96e-10 s                 ; Yes                       ; Yes                       ;
; PCP2[3]         ; 2.5 V        ; 0 s                 ; 0 s                 ; 2.32 V                       ; 3.07e-09 V                   ; 2.37 V              ; -0.00994 V          ; 0.186 V                              ; 0.028 V                              ; 4.98e-10 s                  ; 4.96e-10 s                  ; Yes                        ; Yes                        ; 2.32 V                      ; 3.07e-09 V                  ; 2.37 V             ; -0.00994 V         ; 0.186 V                             ; 0.028 V                             ; 4.98e-10 s                 ; 4.96e-10 s                 ; Yes                       ; Yes                       ;
; PCP2[2]         ; 2.5 V        ; 0 s                 ; 0 s                 ; 2.32 V                       ; 3.07e-09 V                   ; 2.37 V              ; -0.00994 V          ; 0.186 V                              ; 0.028 V                              ; 4.98e-10 s                  ; 4.96e-10 s                  ; Yes                        ; Yes                        ; 2.32 V                      ; 3.07e-09 V                  ; 2.37 V             ; -0.00994 V         ; 0.186 V                             ; 0.028 V                             ; 4.98e-10 s                 ; 4.96e-10 s                 ; Yes                       ; Yes                       ;
; PCP2[1]         ; 2.5 V        ; 0 s                 ; 0 s                 ; 2.32 V                       ; 3.07e-09 V                   ; 2.37 V              ; -0.00994 V          ; 0.186 V                              ; 0.028 V                              ; 4.98e-10 s                  ; 4.96e-10 s                  ; Yes                        ; Yes                        ; 2.32 V                      ; 3.07e-09 V                  ; 2.37 V             ; -0.00994 V         ; 0.186 V                             ; 0.028 V                             ; 4.98e-10 s                 ; 4.96e-10 s                 ; Yes                       ; Yes                       ;
; PCP2[0]         ; 2.5 V        ; 0 s                 ; 0 s                 ; 2.32 V                       ; 3.07e-09 V                   ; 2.37 V              ; -0.00994 V          ; 0.186 V                              ; 0.028 V                              ; 4.98e-10 s                  ; 4.96e-10 s                  ; Yes                        ; Yes                        ; 2.32 V                      ; 3.07e-09 V                  ; 2.37 V             ; -0.00994 V         ; 0.186 V                             ; 0.028 V                             ; 4.98e-10 s                 ; 4.96e-10 s                 ; Yes                       ; Yes                       ;
; ~ALTERA_DCLK~   ; 2.5 V        ; 0 s                 ; 0 s                 ; 2.32 V                       ; 2.67e-09 V                   ; 2.38 V              ; -0.0485 V           ; 0.167 V                              ; 0.096 V                              ; 2.95e-10 s                  ; 2.73e-10 s                  ; Yes                        ; Yes                        ; 2.32 V                      ; 2.67e-09 V                  ; 2.38 V             ; -0.0485 V          ; 0.167 V                             ; 0.096 V                             ; 2.95e-10 s                 ; 2.73e-10 s                 ; Yes                       ; Yes                       ;
; ~ALTERA_nCEO~   ; 2.5 V        ; 0 s                 ; 0 s                 ; 2.32 V                       ; 4.18e-09 V                   ; 2.38 V              ; -0.00483 V          ; 0.152 V                              ; 0.012 V                              ; 4.81e-10 s                  ; 6.29e-10 s                  ; Yes                        ; Yes                        ; 2.32 V                      ; 4.18e-09 V                  ; 2.38 V             ; -0.00483 V         ; 0.152 V                             ; 0.012 V                             ; 4.81e-10 s                 ; 6.29e-10 s                 ; Yes                       ; Yes                       ;
+-----------------+--------------+---------------------+---------------------+------------------------------+------------------------------+---------------------+---------------------+--------------------------------------+--------------------------------------+-----------------------------+-----------------------------+----------------------------+----------------------------+-----------------------------+-----------------------------+--------------------+--------------------+-------------------------------------+-------------------------------------+----------------------------+----------------------------+---------------------------+---------------------------+


+----------------------------------------------------------------------------------------------------------------------------------------------------------------------------------------------------------------------------------------------------------------------------------------------------------------------------------------------------------------------------------------------------------------------------------------------------------------------------------------------------------------------------------------------------------------------------------------------------------------------------------------------------------------------------------------------+
; Signal Integrity Metrics (Slow 1200mv 85c Model)                                                                                                                                                                                                                                                                                                                                                                                                                                                                                                                                                                                                                                             ;
+-----------------+--------------+---------------------+---------------------+------------------------------+------------------------------+---------------------+---------------------+--------------------------------------+--------------------------------------+-----------------------------+-----------------------------+----------------------------+----------------------------+-----------------------------+-----------------------------+--------------------+--------------------+-------------------------------------+-------------------------------------+----------------------------+----------------------------+---------------------------+---------------------------+
; Pin             ; I/O Standard ; Board Delay on Rise ; Board Delay on Fall ; Steady State Voh at FPGA Pin ; Steady State Vol at FPGA Pin ; Voh Max at FPGA Pin ; Vol Min at FPGA Pin ; Ringback Voltage on Rise at FPGA Pin ; Ringback Voltage on Fall at FPGA Pin ; 10-90 Rise Time at FPGA Pin ; 90-10 Fall Time at FPGA Pin ; Monotonic Rise at FPGA Pin ; Monotonic Fall at FPGA Pin ; Steady State Voh at Far-end ; Steady State Vol at Far-end ; Voh Max at Far-end ; Vol Min at Far-end ; Ringback Voltage on Rise at Far-end ; Ringback Voltage on Fall at Far-end ; 10-90 Rise Time at Far-end ; 90-10 Fall Time at Far-end ; Monotonic Rise at Far-end ; Monotonic Fall at Far-end ;
+-----------------+--------------+---------------------+---------------------+------------------------------+------------------------------+---------------------+---------------------+--------------------------------------+--------------------------------------+-----------------------------+-----------------------------+----------------------------+----------------------------+-----------------------------+-----------------------------+--------------------+--------------------+-------------------------------------+-------------------------------------+----------------------------+----------------------------+---------------------------+---------------------------+
; RegDst          ; 2.5 V        ; 0 s                 ; 0 s                 ; 2.32 V                       ; 6.92e-07 V                   ; 2.35 V              ; -0.00996 V          ; 0.121 V                              ; 0.03 V                               ; 4.64e-10 s                  ; 4.47e-10 s                  ; Yes                        ; Yes                        ; 2.32 V                      ; 6.92e-07 V                  ; 2.35 V             ; -0.00996 V         ; 0.121 V                             ; 0.03 V                              ; 4.64e-10 s                 ; 4.47e-10 s                 ; Yes                       ; Yes                       ;
; MemRead         ; 2.5 V        ; 0 s                 ; 0 s                 ; 2.32 V                       ; 4.67e-07 V                   ; 2.35 V              ; -0.00942 V          ; 0.116 V                              ; 0.033 V                              ; 6.66e-10 s                  ; 6.27e-10 s                  ; Yes                        ; Yes                        ; 2.32 V                      ; 4.67e-07 V                  ; 2.35 V             ; -0.00942 V         ; 0.116 V                             ; 0.033 V                             ; 6.66e-10 s                 ; 6.27e-10 s                 ; Yes                       ; Yes                       ;
; MemtoReg        ; 2.5 V        ; 0 s                 ; 0 s                 ; 2.32 V                       ; 4.67e-07 V                   ; 2.35 V              ; -0.00942 V          ; 0.116 V                              ; 0.033 V                              ; 6.66e-10 s                  ; 6.27e-10 s                  ; Yes                        ; Yes                        ; 2.32 V                      ; 4.67e-07 V                  ; 2.35 V             ; -0.00942 V         ; 0.116 V                             ; 0.033 V                             ; 6.66e-10 s                 ; 6.27e-10 s                 ; Yes                       ; Yes                       ;
; MemWrite        ; 2.5 V        ; 0 s                 ; 0 s                 ; 2.32 V                       ; 6.92e-07 V                   ; 2.35 V              ; -0.00996 V          ; 0.121 V                              ; 0.03 V                               ; 4.64e-10 s                  ; 4.47e-10 s                  ; Yes                        ; Yes                        ; 2.32 V                      ; 6.92e-07 V                  ; 2.35 V             ; -0.00996 V         ; 0.121 V                             ; 0.03 V                              ; 4.64e-10 s                 ; 4.47e-10 s                 ; Yes                       ; Yes                       ;
; ALUSrc          ; 2.5 V        ; 0 s                 ; 0 s                 ; 2.32 V                       ; 6.92e-07 V                   ; 2.35 V              ; -0.00996 V          ; 0.121 V                              ; 0.03 V                               ; 4.64e-10 s                  ; 4.47e-10 s                  ; Yes                        ; Yes                        ; 2.32 V                      ; 6.92e-07 V                  ; 2.35 V             ; -0.00996 V         ; 0.121 V                             ; 0.03 V                              ; 4.64e-10 s                 ; 4.47e-10 s                 ; Yes                       ; Yes                       ;
; RegWrite        ; 2.5 V        ; 0 s                 ; 0 s                 ; 2.32 V                       ; 6.92e-07 V                   ; 2.35 V              ; -0.00996 V          ; 0.121 V                              ; 0.03 V                               ; 4.64e-10 s                  ; 4.47e-10 s                  ; Yes                        ; Yes                        ; 2.32 V                      ; 6.92e-07 V                  ; 2.35 V             ; -0.00996 V         ; 0.121 V                             ; 0.03 V                              ; 4.64e-10 s                 ; 4.47e-10 s                 ; Yes                       ; Yes                       ;
; ALUCon          ; 2.5 V        ; 0 s                 ; 0 s                 ; 2.32 V                       ; 6.92e-07 V                   ; 2.35 V              ; -0.00996 V          ; 0.121 V                              ; 0.03 V                               ; 4.64e-10 s                  ; 4.47e-10 s                  ; Yes                        ; Yes                        ; 2.32 V                      ; 6.92e-07 V                  ; 2.35 V             ; -0.00996 V         ; 0.121 V                             ; 0.03 V                              ; 4.64e-10 s                 ; 4.47e-10 s                 ; Yes                       ; Yes                       ;
; ALUOp[2]        ; 2.5 V        ; 0 s                 ; 0 s                 ; 2.32 V                       ; 6.92e-07 V                   ; 2.35 V              ; -0.00996 V          ; 0.121 V                              ; 0.03 V                               ; 4.64e-10 s                  ; 4.47e-10 s                  ; Yes                        ; Yes                        ; 2.32 V                      ; 6.92e-07 V                  ; 2.35 V             ; -0.00996 V         ; 0.121 V                             ; 0.03 V                              ; 4.64e-10 s                 ; 4.47e-10 s                 ; Yes                       ; Yes                       ;
; ALUOp[1]        ; 2.5 V        ; 0 s                 ; 0 s                 ; 2.32 V                       ; 6.92e-07 V                   ; 2.35 V              ; -0.00996 V          ; 0.121 V                              ; 0.03 V                               ; 4.64e-10 s                  ; 4.47e-10 s                  ; Yes                        ; Yes                        ; 2.32 V                      ; 6.92e-07 V                  ; 2.35 V             ; -0.00996 V         ; 0.121 V                             ; 0.03 V                              ; 4.64e-10 s                 ; 4.47e-10 s                 ; Yes                       ; Yes                       ;
; ALUOp[0]        ; 2.5 V        ; 0 s                 ; 0 s                 ; 2.32 V                       ; 6.92e-07 V                   ; 2.35 V              ; -0.00996 V          ; 0.121 V                              ; 0.03 V                               ; 4.64e-10 s                  ; 4.47e-10 s                  ; Yes                        ; Yes                        ; 2.32 V                      ; 6.92e-07 V                  ; 2.35 V             ; -0.00996 V         ; 0.121 V                             ; 0.03 V                              ; 4.64e-10 s                 ; 4.47e-10 s                 ; Yes                       ; Yes                       ;
; DOUT[15]        ; 2.5 V        ; 0 s                 ; 0 s                 ; 2.32 V                       ; 4.67e-07 V                   ; 2.35 V              ; -0.00942 V          ; 0.116 V                              ; 0.033 V                              ; 6.66e-10 s                  ; 6.27e-10 s                  ; Yes                        ; Yes                        ; 2.32 V                      ; 4.67e-07 V                  ; 2.35 V             ; -0.00942 V         ; 0.116 V                             ; 0.033 V                             ; 6.66e-10 s                 ; 6.27e-10 s                 ; Yes                       ; Yes                       ;
; DOUT[14]        ; 2.5 V        ; 0 s                 ; 0 s                 ; 2.32 V                       ; 4.67e-07 V                   ; 2.33 V              ; -0.00269 V          ; 0.13 V                               ; 0.055 V                              ; 3.54e-09 s                  ; 3.29e-09 s                  ; Yes                        ; Yes                        ; 2.32 V                      ; 4.67e-07 V                  ; 2.33 V             ; -0.00269 V         ; 0.13 V                              ; 0.055 V                             ; 3.54e-09 s                 ; 3.29e-09 s                 ; Yes                       ; Yes                       ;
; DOUT[13]        ; 2.5 V        ; 0 s                 ; 0 s                 ; 2.32 V                       ; 4.67e-07 V                   ; 2.35 V              ; -0.00942 V          ; 0.116 V                              ; 0.033 V                              ; 6.66e-10 s                  ; 6.27e-10 s                  ; Yes                        ; Yes                        ; 2.32 V                      ; 4.67e-07 V                  ; 2.35 V             ; -0.00942 V         ; 0.116 V                             ; 0.033 V                             ; 6.66e-10 s                 ; 6.27e-10 s                 ; Yes                       ; Yes                       ;
; DOUT[12]        ; 2.5 V        ; 0 s                 ; 0 s                 ; 2.32 V                       ; 6.92e-07 V                   ; 2.35 V              ; -0.00996 V          ; 0.121 V                              ; 0.03 V                               ; 4.64e-10 s                  ; 4.47e-10 s                  ; Yes                        ; Yes                        ; 2.32 V                      ; 6.92e-07 V                  ; 2.35 V             ; -0.00996 V         ; 0.121 V                             ; 0.03 V                              ; 4.64e-10 s                 ; 4.47e-10 s                 ; Yes                       ; Yes                       ;
; DOUT[11]        ; 2.5 V        ; 0 s                 ; 0 s                 ; 2.32 V                       ; 4.67e-07 V                   ; 2.35 V              ; -0.00942 V          ; 0.116 V                              ; 0.033 V                              ; 6.66e-10 s                  ; 6.27e-10 s                  ; Yes                        ; Yes                        ; 2.32 V                      ; 4.67e-07 V                  ; 2.35 V             ; -0.00942 V         ; 0.116 V                             ; 0.033 V                             ; 6.66e-10 s                 ; 6.27e-10 s                 ; Yes                       ; Yes                       ;
; DOUT[10]        ; 2.5 V        ; 0 s                 ; 0 s                 ; 2.32 V                       ; 4.67e-07 V                   ; 2.35 V              ; -0.00942 V          ; 0.116 V                              ; 0.033 V                              ; 6.66e-10 s                  ; 6.27e-10 s                  ; Yes                        ; Yes                        ; 2.32 V                      ; 4.67e-07 V                  ; 2.35 V             ; -0.00942 V         ; 0.116 V                             ; 0.033 V                             ; 6.66e-10 s                 ; 6.27e-10 s                 ; Yes                       ; Yes                       ;
; DOUT[9]         ; 2.5 V        ; 0 s                 ; 0 s                 ; 2.32 V                       ; 4.67e-07 V                   ; 2.35 V              ; -0.00942 V          ; 0.116 V                              ; 0.033 V                              ; 6.66e-10 s                  ; 6.27e-10 s                  ; Yes                        ; Yes                        ; 2.32 V                      ; 4.67e-07 V                  ; 2.35 V             ; -0.00942 V         ; 0.116 V                             ; 0.033 V                             ; 6.66e-10 s                 ; 6.27e-10 s                 ; Yes                       ; Yes                       ;
; DOUT[8]         ; 2.5 V        ; 0 s                 ; 0 s                 ; 2.32 V                       ; 4.67e-07 V                   ; 2.35 V              ; -0.00942 V          ; 0.116 V                              ; 0.033 V                              ; 6.66e-10 s                  ; 6.27e-10 s                  ; Yes                        ; Yes                        ; 2.32 V                      ; 4.67e-07 V                  ; 2.35 V             ; -0.00942 V         ; 0.116 V                             ; 0.033 V                             ; 6.66e-10 s                 ; 6.27e-10 s                 ; Yes                       ; Yes                       ;
; DOUT[7]         ; 2.5 V        ; 0 s                 ; 0 s                 ; 2.32 V                       ; 4.67e-07 V                   ; 2.35 V              ; -0.00942 V          ; 0.116 V                              ; 0.033 V                              ; 6.66e-10 s                  ; 6.27e-10 s                  ; Yes                        ; Yes                        ; 2.32 V                      ; 4.67e-07 V                  ; 2.35 V             ; -0.00942 V         ; 0.116 V                             ; 0.033 V                             ; 6.66e-10 s                 ; 6.27e-10 s                 ; Yes                       ; Yes                       ;
; DOUT[6]         ; 2.5 V        ; 0 s                 ; 0 s                 ; 2.32 V                       ; 4.67e-07 V                   ; 2.35 V              ; -0.00942 V          ; 0.116 V                              ; 0.033 V                              ; 6.66e-10 s                  ; 6.27e-10 s                  ; Yes                        ; Yes                        ; 2.32 V                      ; 4.67e-07 V                  ; 2.35 V             ; -0.00942 V         ; 0.116 V                             ; 0.033 V                             ; 6.66e-10 s                 ; 6.27e-10 s                 ; Yes                       ; Yes                       ;
; DOUT[5]         ; 2.5 V        ; 0 s                 ; 0 s                 ; 2.32 V                       ; 4.67e-07 V                   ; 2.35 V              ; -0.00942 V          ; 0.116 V                              ; 0.033 V                              ; 6.66e-10 s                  ; 6.27e-10 s                  ; Yes                        ; Yes                        ; 2.32 V                      ; 4.67e-07 V                  ; 2.35 V             ; -0.00942 V         ; 0.116 V                             ; 0.033 V                             ; 6.66e-10 s                 ; 6.27e-10 s                 ; Yes                       ; Yes                       ;
; DOUT[4]         ; 2.5 V        ; 0 s                 ; 0 s                 ; 2.32 V                       ; 4.67e-07 V                   ; 2.35 V              ; -0.00942 V          ; 0.116 V                              ; 0.033 V                              ; 6.66e-10 s                  ; 6.27e-10 s                  ; Yes                        ; Yes                        ; 2.32 V                      ; 4.67e-07 V                  ; 2.35 V             ; -0.00942 V         ; 0.116 V                             ; 0.033 V                             ; 6.66e-10 s                 ; 6.27e-10 s                 ; Yes                       ; Yes                       ;
; DOUT[3]         ; 2.5 V        ; 0 s                 ; 0 s                 ; 2.32 V                       ; 4.67e-07 V                   ; 2.33 V              ; -0.00269 V          ; 0.13 V                               ; 0.055 V                              ; 3.54e-09 s                  ; 3.29e-09 s                  ; Yes                        ; Yes                        ; 2.32 V                      ; 4.67e-07 V                  ; 2.33 V             ; -0.00269 V         ; 0.13 V                              ; 0.055 V                             ; 3.54e-09 s                 ; 3.29e-09 s                 ; Yes                       ; Yes                       ;
; DOUT[2]         ; 2.5 V        ; 0 s                 ; 0 s                 ; 2.32 V                       ; 4.67e-07 V                   ; 2.35 V              ; -0.00942 V          ; 0.116 V                              ; 0.033 V                              ; 6.66e-10 s                  ; 6.27e-10 s                  ; Yes                        ; Yes                        ; 2.32 V                      ; 4.67e-07 V                  ; 2.35 V             ; -0.00942 V         ; 0.116 V                             ; 0.033 V                             ; 6.66e-10 s                 ; 6.27e-10 s                 ; Yes                       ; Yes                       ;
; DOUT[1]         ; 2.5 V        ; 0 s                 ; 0 s                 ; 2.32 V                       ; 4.67e-07 V                   ; 2.35 V              ; -0.00942 V          ; 0.116 V                              ; 0.033 V                              ; 6.66e-10 s                  ; 6.27e-10 s                  ; Yes                        ; Yes                        ; 2.32 V                      ; 4.67e-07 V                  ; 2.35 V             ; -0.00942 V         ; 0.116 V                             ; 0.033 V                             ; 6.66e-10 s                 ; 6.27e-10 s                 ; Yes                       ; Yes                       ;
; DOUT[0]         ; 2.5 V        ; 0 s                 ; 0 s                 ; 2.32 V                       ; 6.92e-07 V                   ; 2.33 V              ; -0.00265 V          ; 0.133 V                              ; 0.056 V                              ; 3.55e-09 s                  ; 3.31e-09 s                  ; Yes                        ; Yes                        ; 2.32 V                      ; 6.92e-07 V                  ; 2.33 V             ; -0.00265 V         ; 0.133 V                             ; 0.056 V                             ; 3.55e-09 s                 ; 3.31e-09 s                 ; Yes                       ; Yes                       ;
; INSOUT[15]      ; 2.5 V        ; 0 s                 ; 0 s                 ; 2.32 V                       ; 4.67e-07 V                   ; 2.35 V              ; -0.00942 V          ; 0.116 V                              ; 0.033 V                              ; 6.66e-10 s                  ; 6.27e-10 s                  ; Yes                        ; Yes                        ; 2.32 V                      ; 4.67e-07 V                  ; 2.35 V             ; -0.00942 V         ; 0.116 V                             ; 0.033 V                             ; 6.66e-10 s                 ; 6.27e-10 s                 ; Yes                       ; Yes                       ;
; INSOUT[14]      ; 2.5 V        ; 0 s                 ; 0 s                 ; 2.32 V                       ; 4.67e-07 V                   ; 2.36 V              ; -0.00552 V          ; 0.11 V                               ; 0.007 V                              ; 4.54e-10 s                  ; 4.35e-10 s                  ; Yes                        ; Yes                        ; 2.32 V                      ; 4.67e-07 V                  ; 2.36 V             ; -0.00552 V         ; 0.11 V                              ; 0.007 V                             ; 4.54e-10 s                 ; 4.35e-10 s                 ; Yes                       ; Yes                       ;
; INSOUT[13]      ; 2.5 V        ; 0 s                 ; 0 s                 ; 2.32 V                       ; 4.67e-07 V                   ; 2.35 V              ; -0.00942 V          ; 0.116 V                              ; 0.033 V                              ; 6.66e-10 s                  ; 6.27e-10 s                  ; Yes                        ; Yes                        ; 2.32 V                      ; 4.67e-07 V                  ; 2.35 V             ; -0.00942 V         ; 0.116 V                             ; 0.033 V                             ; 6.66e-10 s                 ; 6.27e-10 s                 ; Yes                       ; Yes                       ;
; INSOUT[12]      ; 2.5 V        ; 0 s                 ; 0 s                 ; 2.32 V                       ; 4.67e-07 V                   ; 2.35 V              ; -0.00942 V          ; 0.116 V                              ; 0.033 V                              ; 6.66e-10 s                  ; 6.27e-10 s                  ; Yes                        ; Yes                        ; 2.32 V                      ; 4.67e-07 V                  ; 2.35 V             ; -0.00942 V         ; 0.116 V                             ; 0.033 V                             ; 6.66e-10 s                 ; 6.27e-10 s                 ; Yes                       ; Yes                       ;
; INSOUT[11]      ; 2.5 V        ; 0 s                 ; 0 s                 ; 2.32 V                       ; 4.67e-07 V                   ; 2.35 V              ; -0.00942 V          ; 0.116 V                              ; 0.033 V                              ; 6.66e-10 s                  ; 6.27e-10 s                  ; Yes                        ; Yes                        ; 2.32 V                      ; 4.67e-07 V                  ; 2.35 V             ; -0.00942 V         ; 0.116 V                             ; 0.033 V                             ; 6.66e-10 s                 ; 6.27e-10 s                 ; Yes                       ; Yes                       ;
; INSOUT[10]      ; 2.5 V        ; 0 s                 ; 0 s                 ; 2.32 V                       ; 4.67e-07 V                   ; 2.36 V              ; -0.00552 V          ; 0.11 V                               ; 0.007 V                              ; 4.54e-10 s                  ; 4.35e-10 s                  ; Yes                        ; Yes                        ; 2.32 V                      ; 4.67e-07 V                  ; 2.36 V             ; -0.00552 V         ; 0.11 V                              ; 0.007 V                             ; 4.54e-10 s                 ; 4.35e-10 s                 ; Yes                       ; Yes                       ;
; INSOUT[9]       ; 2.5 V        ; 0 s                 ; 0 s                 ; 2.32 V                       ; 4.67e-07 V                   ; 2.35 V              ; -0.00942 V          ; 0.116 V                              ; 0.033 V                              ; 6.66e-10 s                  ; 6.27e-10 s                  ; Yes                        ; Yes                        ; 2.32 V                      ; 4.67e-07 V                  ; 2.35 V             ; -0.00942 V         ; 0.116 V                             ; 0.033 V                             ; 6.66e-10 s                 ; 6.27e-10 s                 ; Yes                       ; Yes                       ;
; INSOUT[8]       ; 2.5 V        ; 0 s                 ; 0 s                 ; 2.32 V                       ; 6.92e-07 V                   ; 2.35 V              ; -0.00996 V          ; 0.121 V                              ; 0.03 V                               ; 4.64e-10 s                  ; 4.47e-10 s                  ; Yes                        ; Yes                        ; 2.32 V                      ; 6.92e-07 V                  ; 2.35 V             ; -0.00996 V         ; 0.121 V                             ; 0.03 V                              ; 4.64e-10 s                 ; 4.47e-10 s                 ; Yes                       ; Yes                       ;
; INSOUT[7]       ; 2.5 V        ; 0 s                 ; 0 s                 ; 2.32 V                       ; 4.67e-07 V                   ; 2.35 V              ; -0.00942 V          ; 0.116 V                              ; 0.033 V                              ; 6.66e-10 s                  ; 6.27e-10 s                  ; Yes                        ; Yes                        ; 2.32 V                      ; 4.67e-07 V                  ; 2.35 V             ; -0.00942 V         ; 0.116 V                             ; 0.033 V                             ; 6.66e-10 s                 ; 6.27e-10 s                 ; Yes                       ; Yes                       ;
; INSOUT[6]       ; 2.5 V        ; 0 s                 ; 0 s                 ; 2.32 V                       ; 4.67e-07 V                   ; 2.35 V              ; -0.00942 V          ; 0.116 V                              ; 0.033 V                              ; 6.66e-10 s                  ; 6.27e-10 s                  ; Yes                        ; Yes                        ; 2.32 V                      ; 4.67e-07 V                  ; 2.35 V             ; -0.00942 V         ; 0.116 V                             ; 0.033 V                             ; 6.66e-10 s                 ; 6.27e-10 s                 ; Yes                       ; Yes                       ;
; INSOUT[5]       ; 2.5 V        ; 0 s                 ; 0 s                 ; 2.32 V                       ; 4.67e-07 V                   ; 2.35 V              ; -0.00942 V          ; 0.116 V                              ; 0.033 V                              ; 6.66e-10 s                  ; 6.27e-10 s                  ; Yes                        ; Yes                        ; 2.32 V                      ; 4.67e-07 V                  ; 2.35 V             ; -0.00942 V         ; 0.116 V                             ; 0.033 V                             ; 6.66e-10 s                 ; 6.27e-10 s                 ; Yes                       ; Yes                       ;
; INSOUT[4]       ; 2.5 V        ; 0 s                 ; 0 s                 ; 2.32 V                       ; 4.67e-07 V                   ; 2.35 V              ; -0.00942 V          ; 0.116 V                              ; 0.033 V                              ; 6.66e-10 s                  ; 6.27e-10 s                  ; Yes                        ; Yes                        ; 2.32 V                      ; 4.67e-07 V                  ; 2.35 V             ; -0.00942 V         ; 0.116 V                             ; 0.033 V                             ; 6.66e-10 s                 ; 6.27e-10 s                 ; Yes                       ; Yes                       ;
; INSOUT[3]       ; 2.5 V        ; 0 s                 ; 0 s                 ; 2.32 V                       ; 4.67e-07 V                   ; 2.35 V              ; -0.00942 V          ; 0.116 V                              ; 0.033 V                              ; 6.66e-10 s                  ; 6.27e-10 s                  ; Yes                        ; Yes                        ; 2.32 V                      ; 4.67e-07 V                  ; 2.35 V             ; -0.00942 V         ; 0.116 V                             ; 0.033 V                             ; 6.66e-10 s                 ; 6.27e-10 s                 ; Yes                       ; Yes                       ;
; INSOUT[2]       ; 2.5 V        ; 0 s                 ; 0 s                 ; 2.32 V                       ; 4.67e-07 V                   ; 2.35 V              ; -0.00942 V          ; 0.116 V                              ; 0.033 V                              ; 6.66e-10 s                  ; 6.27e-10 s                  ; Yes                        ; Yes                        ; 2.32 V                      ; 4.67e-07 V                  ; 2.35 V             ; -0.00942 V         ; 0.116 V                             ; 0.033 V                             ; 6.66e-10 s                 ; 6.27e-10 s                 ; Yes                       ; Yes                       ;
; INSOUT[1]       ; 2.5 V        ; 0 s                 ; 0 s                 ; 2.32 V                       ; 4.67e-07 V                   ; 2.35 V              ; -0.00942 V          ; 0.116 V                              ; 0.033 V                              ; 6.66e-10 s                  ; 6.27e-10 s                  ; Yes                        ; Yes                        ; 2.32 V                      ; 4.67e-07 V                  ; 2.35 V             ; -0.00942 V         ; 0.116 V                             ; 0.033 V                             ; 6.66e-10 s                 ; 6.27e-10 s                 ; Yes                       ; Yes                       ;
; INSOUT[0]       ; 2.5 V        ; 0 s                 ; 0 s                 ; 2.32 V                       ; 6.92e-07 V                   ; 2.35 V              ; -0.00996 V          ; 0.121 V                              ; 0.03 V                               ; 4.64e-10 s                  ; 4.47e-10 s                  ; Yes                        ; Yes                        ; 2.32 V                      ; 6.92e-07 V                  ; 2.35 V             ; -0.00996 V         ; 0.121 V                             ; 0.03 V                              ; 4.64e-10 s                 ; 4.47e-10 s                 ; Yes                       ; Yes                       ;
; JOUT[15]        ; 2.5 V        ; 0 s                 ; 0 s                 ; 2.32 V                       ; 6.92e-07 V                   ; 2.35 V              ; -0.00996 V          ; 0.121 V                              ; 0.03 V                               ; 4.64e-10 s                  ; 4.47e-10 s                  ; Yes                        ; Yes                        ; 2.32 V                      ; 6.92e-07 V                  ; 2.35 V             ; -0.00996 V         ; 0.121 V                             ; 0.03 V                              ; 4.64e-10 s                 ; 4.47e-10 s                 ; Yes                       ; Yes                       ;
; JOUT[14]        ; 2.5 V        ; 0 s                 ; 0 s                 ; 2.32 V                       ; 6.92e-07 V                   ; 2.35 V              ; -0.00996 V          ; 0.121 V                              ; 0.03 V                               ; 4.64e-10 s                  ; 4.47e-10 s                  ; Yes                        ; Yes                        ; 2.32 V                      ; 6.92e-07 V                  ; 2.35 V             ; -0.00996 V         ; 0.121 V                             ; 0.03 V                              ; 4.64e-10 s                 ; 4.47e-10 s                 ; Yes                       ; Yes                       ;
; JOUT[13]        ; 2.5 V        ; 0 s                 ; 0 s                 ; 2.32 V                       ; 6.92e-07 V                   ; 2.35 V              ; -0.00996 V          ; 0.121 V                              ; 0.03 V                               ; 4.64e-10 s                  ; 4.47e-10 s                  ; Yes                        ; Yes                        ; 2.32 V                      ; 6.92e-07 V                  ; 2.35 V             ; -0.00996 V         ; 0.121 V                             ; 0.03 V                              ; 4.64e-10 s                 ; 4.47e-10 s                 ; Yes                       ; Yes                       ;
; JOUT[12]        ; 2.5 V        ; 0 s                 ; 0 s                 ; 2.32 V                       ; 4.67e-07 V                   ; 2.35 V              ; -0.00942 V          ; 0.116 V                              ; 0.033 V                              ; 6.66e-10 s                  ; 6.27e-10 s                  ; Yes                        ; Yes                        ; 2.32 V                      ; 4.67e-07 V                  ; 2.35 V             ; -0.00942 V         ; 0.116 V                             ; 0.033 V                             ; 6.66e-10 s                 ; 6.27e-10 s                 ; Yes                       ; Yes                       ;
; JOUT[11]        ; 2.5 V        ; 0 s                 ; 0 s                 ; 2.32 V                       ; 4.67e-07 V                   ; 2.35 V              ; -0.00942 V          ; 0.116 V                              ; 0.033 V                              ; 6.66e-10 s                  ; 6.27e-10 s                  ; Yes                        ; Yes                        ; 2.32 V                      ; 4.67e-07 V                  ; 2.35 V             ; -0.00942 V         ; 0.116 V                             ; 0.033 V                             ; 6.66e-10 s                 ; 6.27e-10 s                 ; Yes                       ; Yes                       ;
; JOUT[10]        ; 2.5 V        ; 0 s                 ; 0 s                 ; 2.32 V                       ; 4.67e-07 V                   ; 2.36 V              ; -0.00552 V          ; 0.11 V                               ; 0.007 V                              ; 4.54e-10 s                  ; 4.35e-10 s                  ; Yes                        ; Yes                        ; 2.32 V                      ; 4.67e-07 V                  ; 2.36 V             ; -0.00552 V         ; 0.11 V                              ; 0.007 V                             ; 4.54e-10 s                 ; 4.35e-10 s                 ; Yes                       ; Yes                       ;
; JOUT[9]         ; 2.5 V        ; 0 s                 ; 0 s                 ; 2.32 V                       ; 4.67e-07 V                   ; 2.35 V              ; -0.00942 V          ; 0.116 V                              ; 0.033 V                              ; 6.66e-10 s                  ; 6.27e-10 s                  ; Yes                        ; Yes                        ; 2.32 V                      ; 4.67e-07 V                  ; 2.35 V             ; -0.00942 V         ; 0.116 V                             ; 0.033 V                             ; 6.66e-10 s                 ; 6.27e-10 s                 ; Yes                       ; Yes                       ;
; JOUT[8]         ; 2.5 V        ; 0 s                 ; 0 s                 ; 2.32 V                       ; 6.92e-07 V                   ; 2.35 V              ; -0.00996 V          ; 0.121 V                              ; 0.03 V                               ; 4.64e-10 s                  ; 4.47e-10 s                  ; Yes                        ; Yes                        ; 2.32 V                      ; 6.92e-07 V                  ; 2.35 V             ; -0.00996 V         ; 0.121 V                             ; 0.03 V                              ; 4.64e-10 s                 ; 4.47e-10 s                 ; Yes                       ; Yes                       ;
; JOUT[7]         ; 2.5 V        ; 0 s                 ; 0 s                 ; 2.32 V                       ; 6.92e-07 V                   ; 2.35 V              ; -0.00996 V          ; 0.121 V                              ; 0.03 V                               ; 4.64e-10 s                  ; 4.47e-10 s                  ; Yes                        ; Yes                        ; 2.32 V                      ; 6.92e-07 V                  ; 2.35 V             ; -0.00996 V         ; 0.121 V                             ; 0.03 V                              ; 4.64e-10 s                 ; 4.47e-10 s                 ; Yes                       ; Yes                       ;
; JOUT[6]         ; 2.5 V        ; 0 s                 ; 0 s                 ; 2.32 V                       ; 6.92e-07 V                   ; 2.35 V              ; -0.00996 V          ; 0.121 V                              ; 0.03 V                               ; 4.64e-10 s                  ; 4.47e-10 s                  ; Yes                        ; Yes                        ; 2.32 V                      ; 6.92e-07 V                  ; 2.35 V             ; -0.00996 V         ; 0.121 V                             ; 0.03 V                              ; 4.64e-10 s                 ; 4.47e-10 s                 ; Yes                       ; Yes                       ;
; JOUT[5]         ; 2.5 V        ; 0 s                 ; 0 s                 ; 2.32 V                       ; 4.67e-07 V                   ; 2.35 V              ; -0.00942 V          ; 0.116 V                              ; 0.033 V                              ; 6.66e-10 s                  ; 6.27e-10 s                  ; Yes                        ; Yes                        ; 2.32 V                      ; 4.67e-07 V                  ; 2.35 V             ; -0.00942 V         ; 0.116 V                             ; 0.033 V                             ; 6.66e-10 s                 ; 6.27e-10 s                 ; Yes                       ; Yes                       ;
; JOUT[4]         ; 2.5 V        ; 0 s                 ; 0 s                 ; 2.32 V                       ; 4.67e-07 V                   ; 2.35 V              ; -0.00942 V          ; 0.116 V                              ; 0.033 V                              ; 6.66e-10 s                  ; 6.27e-10 s                  ; Yes                        ; Yes                        ; 2.32 V                      ; 4.67e-07 V                  ; 2.35 V             ; -0.00942 V         ; 0.116 V                             ; 0.033 V                             ; 6.66e-10 s                 ; 6.27e-10 s                 ; Yes                       ; Yes                       ;
; JOUT[3]         ; 2.5 V        ; 0 s                 ; 0 s                 ; 2.32 V                       ; 4.67e-07 V                   ; 2.35 V              ; -0.00942 V          ; 0.116 V                              ; 0.033 V                              ; 6.66e-10 s                  ; 6.27e-10 s                  ; Yes                        ; Yes                        ; 2.32 V                      ; 4.67e-07 V                  ; 2.35 V             ; -0.00942 V         ; 0.116 V                             ; 0.033 V                             ; 6.66e-10 s                 ; 6.27e-10 s                 ; Yes                       ; Yes                       ;
; JOUT[2]         ; 2.5 V        ; 0 s                 ; 0 s                 ; 2.32 V                       ; 4.67e-07 V                   ; 2.35 V              ; -0.00942 V          ; 0.116 V                              ; 0.033 V                              ; 6.66e-10 s                  ; 6.27e-10 s                  ; Yes                        ; Yes                        ; 2.32 V                      ; 4.67e-07 V                  ; 2.35 V             ; -0.00942 V         ; 0.116 V                             ; 0.033 V                             ; 6.66e-10 s                 ; 6.27e-10 s                 ; Yes                       ; Yes                       ;
; JOUT[1]         ; 2.5 V        ; 0 s                 ; 0 s                 ; 2.32 V                       ; 4.67e-07 V                   ; 2.35 V              ; -0.00942 V          ; 0.116 V                              ; 0.033 V                              ; 6.66e-10 s                  ; 6.27e-10 s                  ; Yes                        ; Yes                        ; 2.32 V                      ; 4.67e-07 V                  ; 2.35 V             ; -0.00942 V         ; 0.116 V                             ; 0.033 V                             ; 6.66e-10 s                 ; 6.27e-10 s                 ; Yes                       ; Yes                       ;
; JOUT[0]         ; 2.5 V        ; 0 s                 ; 0 s                 ; 2.32 V                       ; 4.67e-07 V                   ; 2.35 V              ; -0.00942 V          ; 0.116 V                              ; 0.033 V                              ; 6.66e-10 s                  ; 6.27e-10 s                  ; Yes                        ; Yes                        ; 2.32 V                      ; 4.67e-07 V                  ; 2.35 V             ; -0.00942 V         ; 0.116 V                             ; 0.033 V                             ; 6.66e-10 s                 ; 6.27e-10 s                 ; Yes                       ; Yes                       ;
; JUMPMUX_OUT[15] ; 2.5 V        ; 0 s                 ; 0 s                 ; 2.32 V                       ; 6.92e-07 V                   ; 2.35 V              ; -0.00996 V          ; 0.121 V                              ; 0.03 V                               ; 4.64e-10 s                  ; 4.47e-10 s                  ; Yes                        ; Yes                        ; 2.32 V                      ; 6.92e-07 V                  ; 2.35 V             ; -0.00996 V         ; 0.121 V                             ; 0.03 V                              ; 4.64e-10 s                 ; 4.47e-10 s                 ; Yes                       ; Yes                       ;
; JUMPMUX_OUT[14] ; 2.5 V        ; 0 s                 ; 0 s                 ; 2.32 V                       ; 6.92e-07 V                   ; 2.35 V              ; -0.00996 V          ; 0.121 V                              ; 0.03 V                               ; 4.64e-10 s                  ; 4.47e-10 s                  ; Yes                        ; Yes                        ; 2.32 V                      ; 6.92e-07 V                  ; 2.35 V             ; -0.00996 V         ; 0.121 V                             ; 0.03 V                              ; 4.64e-10 s                 ; 4.47e-10 s                 ; Yes                       ; Yes                       ;
; JUMPMUX_OUT[13] ; 2.5 V        ; 0 s                 ; 0 s                 ; 2.32 V                       ; 6.92e-07 V                   ; 2.35 V              ; -0.00996 V          ; 0.121 V                              ; 0.03 V                               ; 4.64e-10 s                  ; 4.47e-10 s                  ; Yes                        ; Yes                        ; 2.32 V                      ; 6.92e-07 V                  ; 2.35 V             ; -0.00996 V         ; 0.121 V                             ; 0.03 V                              ; 4.64e-10 s                 ; 4.47e-10 s                 ; Yes                       ; Yes                       ;
; JUMPMUX_OUT[12] ; 2.5 V        ; 0 s                 ; 0 s                 ; 2.32 V                       ; 4.67e-07 V                   ; 2.35 V              ; -0.00942 V          ; 0.116 V                              ; 0.033 V                              ; 6.66e-10 s                  ; 6.27e-10 s                  ; Yes                        ; Yes                        ; 2.32 V                      ; 4.67e-07 V                  ; 2.35 V             ; -0.00942 V         ; 0.116 V                             ; 0.033 V                             ; 6.66e-10 s                 ; 6.27e-10 s                 ; Yes                       ; Yes                       ;
; JUMPMUX_OUT[11] ; 2.5 V        ; 0 s                 ; 0 s                 ; 2.32 V                       ; 4.67e-07 V                   ; 2.33 V              ; -0.00269 V          ; 0.13 V                               ; 0.055 V                              ; 3.54e-09 s                  ; 3.29e-09 s                  ; Yes                        ; Yes                        ; 2.32 V                      ; 4.67e-07 V                  ; 2.33 V             ; -0.00269 V         ; 0.13 V                              ; 0.055 V                             ; 3.54e-09 s                 ; 3.29e-09 s                 ; Yes                       ; Yes                       ;
; JUMPMUX_OUT[10] ; 2.5 V        ; 0 s                 ; 0 s                 ; 2.32 V                       ; 4.67e-07 V                   ; 2.35 V              ; -0.00942 V          ; 0.116 V                              ; 0.033 V                              ; 6.66e-10 s                  ; 6.27e-10 s                  ; Yes                        ; Yes                        ; 2.32 V                      ; 4.67e-07 V                  ; 2.35 V             ; -0.00942 V         ; 0.116 V                             ; 0.033 V                             ; 6.66e-10 s                 ; 6.27e-10 s                 ; Yes                       ; Yes                       ;
; JUMPMUX_OUT[9]  ; 2.5 V        ; 0 s                 ; 0 s                 ; 2.32 V                       ; 4.67e-07 V                   ; 2.35 V              ; -0.00942 V          ; 0.116 V                              ; 0.033 V                              ; 6.66e-10 s                  ; 6.27e-10 s                  ; Yes                        ; Yes                        ; 2.32 V                      ; 4.67e-07 V                  ; 2.35 V             ; -0.00942 V         ; 0.116 V                             ; 0.033 V                             ; 6.66e-10 s                 ; 6.27e-10 s                 ; Yes                       ; Yes                       ;
; JUMPMUX_OUT[8]  ; 2.5 V        ; 0 s                 ; 0 s                 ; 2.32 V                       ; 4.67e-07 V                   ; 2.35 V              ; -0.00942 V          ; 0.116 V                              ; 0.033 V                              ; 6.66e-10 s                  ; 6.27e-10 s                  ; Yes                        ; Yes                        ; 2.32 V                      ; 4.67e-07 V                  ; 2.35 V             ; -0.00942 V         ; 0.116 V                             ; 0.033 V                             ; 6.66e-10 s                 ; 6.27e-10 s                 ; Yes                       ; Yes                       ;
; JUMPMUX_OUT[7]  ; 2.5 V        ; 0 s                 ; 0 s                 ; 2.32 V                       ; 6.92e-07 V                   ; 2.35 V              ; -0.00996 V          ; 0.121 V                              ; 0.03 V                               ; 4.64e-10 s                  ; 4.47e-10 s                  ; Yes                        ; Yes                        ; 2.32 V                      ; 6.92e-07 V                  ; 2.35 V             ; -0.00996 V         ; 0.121 V                             ; 0.03 V                              ; 4.64e-10 s                 ; 4.47e-10 s                 ; Yes                       ; Yes                       ;
; JUMPMUX_OUT[6]  ; 2.5 V        ; 0 s                 ; 0 s                 ; 2.32 V                       ; 4.67e-07 V                   ; 2.35 V              ; -0.00942 V          ; 0.116 V                              ; 0.033 V                              ; 6.66e-10 s                  ; 6.27e-10 s                  ; Yes                        ; Yes                        ; 2.32 V                      ; 4.67e-07 V                  ; 2.35 V             ; -0.00942 V         ; 0.116 V                             ; 0.033 V                             ; 6.66e-10 s                 ; 6.27e-10 s                 ; Yes                       ; Yes                       ;
; JUMPMUX_OUT[5]  ; 2.5 V        ; 0 s                 ; 0 s                 ; 2.32 V                       ; 4.67e-07 V                   ; 2.35 V              ; -0.00942 V          ; 0.116 V                              ; 0.033 V                              ; 6.66e-10 s                  ; 6.27e-10 s                  ; Yes                        ; Yes                        ; 2.32 V                      ; 4.67e-07 V                  ; 2.35 V             ; -0.00942 V         ; 0.116 V                             ; 0.033 V                             ; 6.66e-10 s                 ; 6.27e-10 s                 ; Yes                       ; Yes                       ;
; JUMPMUX_OUT[4]  ; 2.5 V        ; 0 s                 ; 0 s                 ; 2.32 V                       ; 4.67e-07 V                   ; 2.35 V              ; -0.00942 V          ; 0.116 V                              ; 0.033 V                              ; 6.66e-10 s                  ; 6.27e-10 s                  ; Yes                        ; Yes                        ; 2.32 V                      ; 4.67e-07 V                  ; 2.35 V             ; -0.00942 V         ; 0.116 V                             ; 0.033 V                             ; 6.66e-10 s                 ; 6.27e-10 s                 ; Yes                       ; Yes                       ;
; JUMPMUX_OUT[3]  ; 2.5 V        ; 0 s                 ; 0 s                 ; 2.32 V                       ; 4.67e-07 V                   ; 2.35 V              ; -0.00942 V          ; 0.116 V                              ; 0.033 V                              ; 6.66e-10 s                  ; 6.27e-10 s                  ; Yes                        ; Yes                        ; 2.32 V                      ; 4.67e-07 V                  ; 2.35 V             ; -0.00942 V         ; 0.116 V                             ; 0.033 V                             ; 6.66e-10 s                 ; 6.27e-10 s                 ; Yes                       ; Yes                       ;
; JUMPMUX_OUT[2]  ; 2.5 V        ; 0 s                 ; 0 s                 ; 2.32 V                       ; 4.67e-07 V                   ; 2.35 V              ; -0.00942 V          ; 0.116 V                              ; 0.033 V                              ; 6.66e-10 s                  ; 6.27e-10 s                  ; Yes                        ; Yes                        ; 2.32 V                      ; 4.67e-07 V                  ; 2.35 V             ; -0.00942 V         ; 0.116 V                             ; 0.033 V                             ; 6.66e-10 s                 ; 6.27e-10 s                 ; Yes                       ; Yes                       ;
; JUMPMUX_OUT[1]  ; 2.5 V        ; 0 s                 ; 0 s                 ; 2.32 V                       ; 4.67e-07 V                   ; 2.36 V              ; -0.00552 V          ; 0.11 V                               ; 0.007 V                              ; 4.54e-10 s                  ; 4.35e-10 s                  ; Yes                        ; Yes                        ; 2.32 V                      ; 4.67e-07 V                  ; 2.36 V             ; -0.00552 V         ; 0.11 V                              ; 0.007 V                             ; 4.54e-10 s                 ; 4.35e-10 s                 ; Yes                       ; Yes                       ;
; JUMPMUX_OUT[0]  ; 2.5 V        ; 0 s                 ; 0 s                 ; 2.32 V                       ; 4.67e-07 V                   ; 2.35 V              ; -0.00942 V          ; 0.116 V                              ; 0.033 V                              ; 6.66e-10 s                  ; 6.27e-10 s                  ; Yes                        ; Yes                        ; 2.32 V                      ; 4.67e-07 V                  ; 2.35 V             ; -0.00942 V         ; 0.116 V                             ; 0.033 V                             ; 6.66e-10 s                 ; 6.27e-10 s                 ; Yes                       ; Yes                       ;
; PCP2[15]        ; 2.5 V        ; 0 s                 ; 0 s                 ; 2.32 V                       ; 4.67e-07 V                   ; 2.35 V              ; -0.00942 V          ; 0.116 V                              ; 0.033 V                              ; 6.66e-10 s                  ; 6.27e-10 s                  ; Yes                        ; Yes                        ; 2.32 V                      ; 4.67e-07 V                  ; 2.35 V             ; -0.00942 V         ; 0.116 V                             ; 0.033 V                             ; 6.66e-10 s                 ; 6.27e-10 s                 ; Yes                       ; Yes                       ;
; PCP2[14]        ; 2.5 V        ; 0 s                 ; 0 s                 ; 2.32 V                       ; 4.67e-07 V                   ; 2.35 V              ; -0.00942 V          ; 0.116 V                              ; 0.033 V                              ; 6.66e-10 s                  ; 6.27e-10 s                  ; Yes                        ; Yes                        ; 2.32 V                      ; 4.67e-07 V                  ; 2.35 V             ; -0.00942 V         ; 0.116 V                             ; 0.033 V                             ; 6.66e-10 s                 ; 6.27e-10 s                 ; Yes                       ; Yes                       ;
; PCP2[13]        ; 2.5 V        ; 0 s                 ; 0 s                 ; 2.32 V                       ; 6.92e-07 V                   ; 2.33 V              ; -0.00265 V          ; 0.133 V                              ; 0.056 V                              ; 3.55e-09 s                  ; 3.31e-09 s                  ; Yes                        ; Yes                        ; 2.32 V                      ; 6.92e-07 V                  ; 2.33 V             ; -0.00265 V         ; 0.133 V                             ; 0.056 V                             ; 3.55e-09 s                 ; 3.31e-09 s                 ; Yes                       ; Yes                       ;
; PCP2[12]        ; 2.5 V        ; 0 s                 ; 0 s                 ; 2.32 V                       ; 4.67e-07 V                   ; 2.35 V              ; -0.00942 V          ; 0.116 V                              ; 0.033 V                              ; 6.66e-10 s                  ; 6.27e-10 s                  ; Yes                        ; Yes                        ; 2.32 V                      ; 4.67e-07 V                  ; 2.35 V             ; -0.00942 V         ; 0.116 V                             ; 0.033 V                             ; 6.66e-10 s                 ; 6.27e-10 s                 ; Yes                       ; Yes                       ;
; PCP2[11]        ; 2.5 V        ; 0 s                 ; 0 s                 ; 2.32 V                       ; 4.67e-07 V                   ; 2.35 V              ; -0.00942 V          ; 0.116 V                              ; 0.033 V                              ; 6.66e-10 s                  ; 6.27e-10 s                  ; Yes                        ; Yes                        ; 2.32 V                      ; 4.67e-07 V                  ; 2.35 V             ; -0.00942 V         ; 0.116 V                             ; 0.033 V                             ; 6.66e-10 s                 ; 6.27e-10 s                 ; Yes                       ; Yes                       ;
; PCP2[10]        ; 2.5 V        ; 0 s                 ; 0 s                 ; 2.32 V                       ; 4.67e-07 V                   ; 2.35 V              ; -0.00942 V          ; 0.116 V                              ; 0.033 V                              ; 6.66e-10 s                  ; 6.27e-10 s                  ; Yes                        ; Yes                        ; 2.32 V                      ; 4.67e-07 V                  ; 2.35 V             ; -0.00942 V         ; 0.116 V                             ; 0.033 V                             ; 6.66e-10 s                 ; 6.27e-10 s                 ; Yes                       ; Yes                       ;
; PCP2[9]         ; 2.5 V        ; 0 s                 ; 0 s                 ; 2.32 V                       ; 6.92e-07 V                   ; 2.35 V              ; -0.00996 V          ; 0.121 V                              ; 0.03 V                               ; 4.64e-10 s                  ; 4.47e-10 s                  ; Yes                        ; Yes                        ; 2.32 V                      ; 6.92e-07 V                  ; 2.35 V             ; -0.00996 V         ; 0.121 V                             ; 0.03 V                              ; 4.64e-10 s                 ; 4.47e-10 s                 ; Yes                       ; Yes                       ;
; PCP2[8]         ; 2.5 V        ; 0 s                 ; 0 s                 ; 2.32 V                       ; 4.67e-07 V                   ; 2.35 V              ; -0.00942 V          ; 0.116 V                              ; 0.033 V                              ; 6.66e-10 s                  ; 6.27e-10 s                  ; Yes                        ; Yes                        ; 2.32 V                      ; 4.67e-07 V                  ; 2.35 V             ; -0.00942 V         ; 0.116 V                             ; 0.033 V                             ; 6.66e-10 s                 ; 6.27e-10 s                 ; Yes                       ; Yes                       ;
; PCP2[7]         ; 2.5 V        ; 0 s                 ; 0 s                 ; 2.32 V                       ; 4.67e-07 V                   ; 2.33 V              ; -0.00269 V          ; 0.13 V                               ; 0.055 V                              ; 3.54e-09 s                  ; 3.29e-09 s                  ; Yes                        ; Yes                        ; 2.32 V                      ; 4.67e-07 V                  ; 2.33 V             ; -0.00269 V         ; 0.13 V                              ; 0.055 V                             ; 3.54e-09 s                 ; 3.29e-09 s                 ; Yes                       ; Yes                       ;
; PCP2[6]         ; 2.5 V        ; 0 s                 ; 0 s                 ; 2.32 V                       ; 4.67e-07 V                   ; 2.35 V              ; -0.00942 V          ; 0.116 V                              ; 0.033 V                              ; 6.66e-10 s                  ; 6.27e-10 s                  ; Yes                        ; Yes                        ; 2.32 V                      ; 4.67e-07 V                  ; 2.35 V             ; -0.00942 V         ; 0.116 V                             ; 0.033 V                             ; 6.66e-10 s                 ; 6.27e-10 s                 ; Yes                       ; Yes                       ;
; PCP2[5]         ; 2.5 V        ; 0 s                 ; 0 s                 ; 2.32 V                       ; 4.67e-07 V                   ; 2.35 V              ; -0.00942 V          ; 0.116 V                              ; 0.033 V                              ; 6.66e-10 s                  ; 6.27e-10 s                  ; Yes                        ; Yes                        ; 2.32 V                      ; 4.67e-07 V                  ; 2.35 V             ; -0.00942 V         ; 0.116 V                             ; 0.033 V                             ; 6.66e-10 s                 ; 6.27e-10 s                 ; Yes                       ; Yes                       ;
; PCP2[4]         ; 2.5 V        ; 0 s                 ; 0 s                 ; 2.32 V                       ; 4.67e-07 V                   ; 2.35 V              ; -0.00942 V          ; 0.116 V                              ; 0.033 V                              ; 6.66e-10 s                  ; 6.27e-10 s                  ; Yes                        ; Yes                        ; 2.32 V                      ; 4.67e-07 V                  ; 2.35 V             ; -0.00942 V         ; 0.116 V                             ; 0.033 V                             ; 6.66e-10 s                 ; 6.27e-10 s                 ; Yes                       ; Yes                       ;
; PCP2[3]         ; 2.5 V        ; 0 s                 ; 0 s                 ; 2.32 V                       ; 4.67e-07 V                   ; 2.35 V              ; -0.00942 V          ; 0.116 V                              ; 0.033 V                              ; 6.66e-10 s                  ; 6.27e-10 s                  ; Yes                        ; Yes                        ; 2.32 V                      ; 4.67e-07 V                  ; 2.35 V             ; -0.00942 V         ; 0.116 V                             ; 0.033 V                             ; 6.66e-10 s                 ; 6.27e-10 s                 ; Yes                       ; Yes                       ;
; PCP2[2]         ; 2.5 V        ; 0 s                 ; 0 s                 ; 2.32 V                       ; 4.67e-07 V                   ; 2.35 V              ; -0.00942 V          ; 0.116 V                              ; 0.033 V                              ; 6.66e-10 s                  ; 6.27e-10 s                  ; Yes                        ; Yes                        ; 2.32 V                      ; 4.67e-07 V                  ; 2.35 V             ; -0.00942 V         ; 0.116 V                             ; 0.033 V                             ; 6.66e-10 s                 ; 6.27e-10 s                 ; Yes                       ; Yes                       ;
; PCP2[1]         ; 2.5 V        ; 0 s                 ; 0 s                 ; 2.32 V                       ; 4.67e-07 V                   ; 2.35 V              ; -0.00942 V          ; 0.116 V                              ; 0.033 V                              ; 6.66e-10 s                  ; 6.27e-10 s                  ; Yes                        ; Yes                        ; 2.32 V                      ; 4.67e-07 V                  ; 2.35 V             ; -0.00942 V         ; 0.116 V                             ; 0.033 V                             ; 6.66e-10 s                 ; 6.27e-10 s                 ; Yes                       ; Yes                       ;
; PCP2[0]         ; 2.5 V        ; 0 s                 ; 0 s                 ; 2.32 V                       ; 4.67e-07 V                   ; 2.35 V              ; -0.00942 V          ; 0.116 V                              ; 0.033 V                              ; 6.66e-10 s                  ; 6.27e-10 s                  ; Yes                        ; Yes                        ; 2.32 V                      ; 4.67e-07 V                  ; 2.35 V             ; -0.00942 V         ; 0.116 V                             ; 0.033 V                             ; 6.66e-10 s                 ; 6.27e-10 s                 ; Yes                       ; Yes                       ;
; ~ALTERA_DCLK~   ; 2.5 V        ; 0 s                 ; 0 s                 ; 2.32 V                       ; 3.75e-07 V                   ; 2.35 V              ; -0.0109 V           ; 0.084 V                              ; 0.027 V                              ; 4.31e-10 s                  ; 3.61e-10 s                  ; Yes                        ; Yes                        ; 2.32 V                      ; 3.75e-07 V                  ; 2.35 V             ; -0.0109 V          ; 0.084 V                             ; 0.027 V                             ; 4.31e-10 s                 ; 3.61e-10 s                 ; Yes                       ; Yes                       ;
; ~ALTERA_nCEO~   ; 2.5 V        ; 0 s                 ; 0 s                 ; 2.32 V                       ; 6.15e-07 V                   ; 2.35 V              ; -0.00712 V          ; 0.093 V                              ; 0.02 V                               ; 6.21e-10 s                  ; 7.9e-10 s                   ; Yes                        ; Yes                        ; 2.32 V                      ; 6.15e-07 V                  ; 2.35 V             ; -0.00712 V         ; 0.093 V                             ; 0.02 V                              ; 6.21e-10 s                 ; 7.9e-10 s                  ; Yes                       ; Yes                       ;
+-----------------+--------------+---------------------+---------------------+------------------------------+------------------------------+---------------------+---------------------+--------------------------------------+--------------------------------------+-----------------------------+-----------------------------+----------------------------+----------------------------+-----------------------------+-----------------------------+--------------------+--------------------+-------------------------------------+-------------------------------------+----------------------------+----------------------------+---------------------------+---------------------------+


+----------------------------------------------------------------------------------------------------------------------------------------------------------------------------------------------------------------------------------------------------------------------------------------------------------------------------------------------------------------------------------------------------------------------------------------------------------------------------------------------------------------------------------------------------------------------------------------------------------------------------------------------------------------------------------------------+
; Signal Integrity Metrics (Fast 1200mv 0c Model)                                                                                                                                                                                                                                                                                                                                                                                                                                                                                                                                                                                                                                              ;
+-----------------+--------------+---------------------+---------------------+------------------------------+------------------------------+---------------------+---------------------+--------------------------------------+--------------------------------------+-----------------------------+-----------------------------+----------------------------+----------------------------+-----------------------------+-----------------------------+--------------------+--------------------+-------------------------------------+-------------------------------------+----------------------------+----------------------------+---------------------------+---------------------------+
; Pin             ; I/O Standard ; Board Delay on Rise ; Board Delay on Fall ; Steady State Voh at FPGA Pin ; Steady State Vol at FPGA Pin ; Voh Max at FPGA Pin ; Vol Min at FPGA Pin ; Ringback Voltage on Rise at FPGA Pin ; Ringback Voltage on Fall at FPGA Pin ; 10-90 Rise Time at FPGA Pin ; 90-10 Fall Time at FPGA Pin ; Monotonic Rise at FPGA Pin ; Monotonic Fall at FPGA Pin ; Steady State Voh at Far-end ; Steady State Vol at Far-end ; Voh Max at Far-end ; Vol Min at Far-end ; Ringback Voltage on Rise at Far-end ; Ringback Voltage on Fall at Far-end ; 10-90 Rise Time at Far-end ; 90-10 Fall Time at Far-end ; Monotonic Rise at Far-end ; Monotonic Fall at Far-end ;
+-----------------+--------------+---------------------+---------------------+------------------------------+------------------------------+---------------------+---------------------+--------------------------------------+--------------------------------------+-----------------------------+-----------------------------+----------------------------+----------------------------+-----------------------------+-----------------------------+--------------------+--------------------+-------------------------------------+-------------------------------------+----------------------------+----------------------------+---------------------------+---------------------------+
; RegDst          ; 2.5 V        ; 0 s                 ; 0 s                 ; 2.62 V                       ; 4.05e-08 V                   ; 2.72 V              ; -0.0349 V           ; 0.173 V                              ; 0.1 V                                ; 2.72e-10 s                  ; 2.69e-10 s                  ; Yes                        ; Yes                        ; 2.62 V                      ; 4.05e-08 V                  ; 2.72 V             ; -0.0349 V          ; 0.173 V                             ; 0.1 V                               ; 2.72e-10 s                 ; 2.69e-10 s                 ; Yes                       ; Yes                       ;
; MemRead         ; 2.5 V        ; 0 s                 ; 0 s                 ; 2.62 V                       ; 2.74e-08 V                   ; 2.71 V              ; -0.0317 V           ; 0.148 V                              ; 0.064 V                              ; 4.51e-10 s                  ; 4.15e-10 s                  ; No                         ; Yes                        ; 2.62 V                      ; 2.74e-08 V                  ; 2.71 V             ; -0.0317 V          ; 0.148 V                             ; 0.064 V                             ; 4.51e-10 s                 ; 4.15e-10 s                 ; No                        ; Yes                       ;
; MemtoReg        ; 2.5 V        ; 0 s                 ; 0 s                 ; 2.62 V                       ; 2.74e-08 V                   ; 2.71 V              ; -0.0317 V           ; 0.148 V                              ; 0.064 V                              ; 4.51e-10 s                  ; 4.15e-10 s                  ; No                         ; Yes                        ; 2.62 V                      ; 2.74e-08 V                  ; 2.71 V             ; -0.0317 V          ; 0.148 V                             ; 0.064 V                             ; 4.51e-10 s                 ; 4.15e-10 s                 ; No                        ; Yes                       ;
; MemWrite        ; 2.5 V        ; 0 s                 ; 0 s                 ; 2.62 V                       ; 4.05e-08 V                   ; 2.72 V              ; -0.0349 V           ; 0.173 V                              ; 0.1 V                                ; 2.72e-10 s                  ; 2.69e-10 s                  ; Yes                        ; Yes                        ; 2.62 V                      ; 4.05e-08 V                  ; 2.72 V             ; -0.0349 V          ; 0.173 V                             ; 0.1 V                               ; 2.72e-10 s                 ; 2.69e-10 s                 ; Yes                       ; Yes                       ;
; ALUSrc          ; 2.5 V        ; 0 s                 ; 0 s                 ; 2.62 V                       ; 4.05e-08 V                   ; 2.72 V              ; -0.0349 V           ; 0.173 V                              ; 0.1 V                                ; 2.72e-10 s                  ; 2.69e-10 s                  ; Yes                        ; Yes                        ; 2.62 V                      ; 4.05e-08 V                  ; 2.72 V             ; -0.0349 V          ; 0.173 V                             ; 0.1 V                               ; 2.72e-10 s                 ; 2.69e-10 s                 ; Yes                       ; Yes                       ;
; RegWrite        ; 2.5 V        ; 0 s                 ; 0 s                 ; 2.62 V                       ; 4.05e-08 V                   ; 2.72 V              ; -0.0349 V           ; 0.173 V                              ; 0.1 V                                ; 2.72e-10 s                  ; 2.69e-10 s                  ; Yes                        ; Yes                        ; 2.62 V                      ; 4.05e-08 V                  ; 2.72 V             ; -0.0349 V          ; 0.173 V                             ; 0.1 V                               ; 2.72e-10 s                 ; 2.69e-10 s                 ; Yes                       ; Yes                       ;
; ALUCon          ; 2.5 V        ; 0 s                 ; 0 s                 ; 2.62 V                       ; 4.05e-08 V                   ; 2.72 V              ; -0.0349 V           ; 0.173 V                              ; 0.1 V                                ; 2.72e-10 s                  ; 2.69e-10 s                  ; Yes                        ; Yes                        ; 2.62 V                      ; 4.05e-08 V                  ; 2.72 V             ; -0.0349 V          ; 0.173 V                             ; 0.1 V                               ; 2.72e-10 s                 ; 2.69e-10 s                 ; Yes                       ; Yes                       ;
; ALUOp[2]        ; 2.5 V        ; 0 s                 ; 0 s                 ; 2.62 V                       ; 4.05e-08 V                   ; 2.72 V              ; -0.0349 V           ; 0.173 V                              ; 0.1 V                                ; 2.72e-10 s                  ; 2.69e-10 s                  ; Yes                        ; Yes                        ; 2.62 V                      ; 4.05e-08 V                  ; 2.72 V             ; -0.0349 V          ; 0.173 V                             ; 0.1 V                               ; 2.72e-10 s                 ; 2.69e-10 s                 ; Yes                       ; Yes                       ;
; ALUOp[1]        ; 2.5 V        ; 0 s                 ; 0 s                 ; 2.62 V                       ; 4.05e-08 V                   ; 2.72 V              ; -0.0349 V           ; 0.173 V                              ; 0.1 V                                ; 2.72e-10 s                  ; 2.69e-10 s                  ; Yes                        ; Yes                        ; 2.62 V                      ; 4.05e-08 V                  ; 2.72 V             ; -0.0349 V          ; 0.173 V                             ; 0.1 V                               ; 2.72e-10 s                 ; 2.69e-10 s                 ; Yes                       ; Yes                       ;
; ALUOp[0]        ; 2.5 V        ; 0 s                 ; 0 s                 ; 2.62 V                       ; 4.05e-08 V                   ; 2.72 V              ; -0.0349 V           ; 0.173 V                              ; 0.1 V                                ; 2.72e-10 s                  ; 2.69e-10 s                  ; Yes                        ; Yes                        ; 2.62 V                      ; 4.05e-08 V                  ; 2.72 V             ; -0.0349 V          ; 0.173 V                             ; 0.1 V                               ; 2.72e-10 s                 ; 2.69e-10 s                 ; Yes                       ; Yes                       ;
; DOUT[15]        ; 2.5 V        ; 0 s                 ; 0 s                 ; 2.62 V                       ; 2.74e-08 V                   ; 2.71 V              ; -0.0317 V           ; 0.148 V                              ; 0.064 V                              ; 4.51e-10 s                  ; 4.15e-10 s                  ; No                         ; Yes                        ; 2.62 V                      ; 2.74e-08 V                  ; 2.71 V             ; -0.0317 V          ; 0.148 V                             ; 0.064 V                             ; 4.51e-10 s                 ; 4.15e-10 s                 ; No                        ; Yes                       ;
; DOUT[14]        ; 2.5 V        ; 0 s                 ; 0 s                 ; 2.62 V                       ; 2.74e-08 V                   ; 2.64 V              ; -0.0117 V           ; 0.202 V                              ; 0.176 V                              ; 2.38e-09 s                  ; 2.22e-09 s                  ; No                         ; Yes                        ; 2.62 V                      ; 2.74e-08 V                  ; 2.64 V             ; -0.0117 V          ; 0.202 V                             ; 0.176 V                             ; 2.38e-09 s                 ; 2.22e-09 s                 ; No                        ; Yes                       ;
; DOUT[13]        ; 2.5 V        ; 0 s                 ; 0 s                 ; 2.62 V                       ; 2.74e-08 V                   ; 2.71 V              ; -0.0317 V           ; 0.148 V                              ; 0.064 V                              ; 4.51e-10 s                  ; 4.15e-10 s                  ; No                         ; Yes                        ; 2.62 V                      ; 2.74e-08 V                  ; 2.71 V             ; -0.0317 V          ; 0.148 V                             ; 0.064 V                             ; 4.51e-10 s                 ; 4.15e-10 s                 ; No                        ; Yes                       ;
; DOUT[12]        ; 2.5 V        ; 0 s                 ; 0 s                 ; 2.62 V                       ; 4.05e-08 V                   ; 2.72 V              ; -0.0349 V           ; 0.173 V                              ; 0.1 V                                ; 2.72e-10 s                  ; 2.69e-10 s                  ; Yes                        ; Yes                        ; 2.62 V                      ; 4.05e-08 V                  ; 2.72 V             ; -0.0349 V          ; 0.173 V                             ; 0.1 V                               ; 2.72e-10 s                 ; 2.69e-10 s                 ; Yes                       ; Yes                       ;
; DOUT[11]        ; 2.5 V        ; 0 s                 ; 0 s                 ; 2.62 V                       ; 2.74e-08 V                   ; 2.71 V              ; -0.0317 V           ; 0.148 V                              ; 0.064 V                              ; 4.51e-10 s                  ; 4.15e-10 s                  ; No                         ; Yes                        ; 2.62 V                      ; 2.74e-08 V                  ; 2.71 V             ; -0.0317 V          ; 0.148 V                             ; 0.064 V                             ; 4.51e-10 s                 ; 4.15e-10 s                 ; No                        ; Yes                       ;
; DOUT[10]        ; 2.5 V        ; 0 s                 ; 0 s                 ; 2.62 V                       ; 2.74e-08 V                   ; 2.71 V              ; -0.0317 V           ; 0.148 V                              ; 0.064 V                              ; 4.51e-10 s                  ; 4.15e-10 s                  ; No                         ; Yes                        ; 2.62 V                      ; 2.74e-08 V                  ; 2.71 V             ; -0.0317 V          ; 0.148 V                             ; 0.064 V                             ; 4.51e-10 s                 ; 4.15e-10 s                 ; No                        ; Yes                       ;
; DOUT[9]         ; 2.5 V        ; 0 s                 ; 0 s                 ; 2.62 V                       ; 2.74e-08 V                   ; 2.71 V              ; -0.0317 V           ; 0.148 V                              ; 0.064 V                              ; 4.51e-10 s                  ; 4.15e-10 s                  ; No                         ; Yes                        ; 2.62 V                      ; 2.74e-08 V                  ; 2.71 V             ; -0.0317 V          ; 0.148 V                             ; 0.064 V                             ; 4.51e-10 s                 ; 4.15e-10 s                 ; No                        ; Yes                       ;
; DOUT[8]         ; 2.5 V        ; 0 s                 ; 0 s                 ; 2.62 V                       ; 2.74e-08 V                   ; 2.71 V              ; -0.0317 V           ; 0.148 V                              ; 0.064 V                              ; 4.51e-10 s                  ; 4.15e-10 s                  ; No                         ; Yes                        ; 2.62 V                      ; 2.74e-08 V                  ; 2.71 V             ; -0.0317 V          ; 0.148 V                             ; 0.064 V                             ; 4.51e-10 s                 ; 4.15e-10 s                 ; No                        ; Yes                       ;
; DOUT[7]         ; 2.5 V        ; 0 s                 ; 0 s                 ; 2.62 V                       ; 2.74e-08 V                   ; 2.71 V              ; -0.0317 V           ; 0.148 V                              ; 0.064 V                              ; 4.51e-10 s                  ; 4.15e-10 s                  ; No                         ; Yes                        ; 2.62 V                      ; 2.74e-08 V                  ; 2.71 V             ; -0.0317 V          ; 0.148 V                             ; 0.064 V                             ; 4.51e-10 s                 ; 4.15e-10 s                 ; No                        ; Yes                       ;
; DOUT[6]         ; 2.5 V        ; 0 s                 ; 0 s                 ; 2.62 V                       ; 2.74e-08 V                   ; 2.71 V              ; -0.0317 V           ; 0.148 V                              ; 0.064 V                              ; 4.51e-10 s                  ; 4.15e-10 s                  ; No                         ; Yes                        ; 2.62 V                      ; 2.74e-08 V                  ; 2.71 V             ; -0.0317 V          ; 0.148 V                             ; 0.064 V                             ; 4.51e-10 s                 ; 4.15e-10 s                 ; No                        ; Yes                       ;
; DOUT[5]         ; 2.5 V        ; 0 s                 ; 0 s                 ; 2.62 V                       ; 2.74e-08 V                   ; 2.71 V              ; -0.0317 V           ; 0.148 V                              ; 0.064 V                              ; 4.51e-10 s                  ; 4.15e-10 s                  ; No                         ; Yes                        ; 2.62 V                      ; 2.74e-08 V                  ; 2.71 V             ; -0.0317 V          ; 0.148 V                             ; 0.064 V                             ; 4.51e-10 s                 ; 4.15e-10 s                 ; No                        ; Yes                       ;
; DOUT[4]         ; 2.5 V        ; 0 s                 ; 0 s                 ; 2.62 V                       ; 2.74e-08 V                   ; 2.71 V              ; -0.0317 V           ; 0.148 V                              ; 0.064 V                              ; 4.51e-10 s                  ; 4.15e-10 s                  ; No                         ; Yes                        ; 2.62 V                      ; 2.74e-08 V                  ; 2.71 V             ; -0.0317 V          ; 0.148 V                             ; 0.064 V                             ; 4.51e-10 s                 ; 4.15e-10 s                 ; No                        ; Yes                       ;
; DOUT[3]         ; 2.5 V        ; 0 s                 ; 0 s                 ; 2.62 V                       ; 2.74e-08 V                   ; 2.64 V              ; -0.0117 V           ; 0.202 V                              ; 0.176 V                              ; 2.38e-09 s                  ; 2.22e-09 s                  ; No                         ; Yes                        ; 2.62 V                      ; 2.74e-08 V                  ; 2.64 V             ; -0.0117 V          ; 0.202 V                             ; 0.176 V                             ; 2.38e-09 s                 ; 2.22e-09 s                 ; No                        ; Yes                       ;
; DOUT[2]         ; 2.5 V        ; 0 s                 ; 0 s                 ; 2.62 V                       ; 2.74e-08 V                   ; 2.71 V              ; -0.0317 V           ; 0.148 V                              ; 0.064 V                              ; 4.51e-10 s                  ; 4.15e-10 s                  ; No                         ; Yes                        ; 2.62 V                      ; 2.74e-08 V                  ; 2.71 V             ; -0.0317 V          ; 0.148 V                             ; 0.064 V                             ; 4.51e-10 s                 ; 4.15e-10 s                 ; No                        ; Yes                       ;
; DOUT[1]         ; 2.5 V        ; 0 s                 ; 0 s                 ; 2.62 V                       ; 2.74e-08 V                   ; 2.71 V              ; -0.0317 V           ; 0.148 V                              ; 0.064 V                              ; 4.51e-10 s                  ; 4.15e-10 s                  ; No                         ; Yes                        ; 2.62 V                      ; 2.74e-08 V                  ; 2.71 V             ; -0.0317 V          ; 0.148 V                             ; 0.064 V                             ; 4.51e-10 s                 ; 4.15e-10 s                 ; No                        ; Yes                       ;
; DOUT[0]         ; 2.5 V        ; 0 s                 ; 0 s                 ; 2.62 V                       ; 4.05e-08 V                   ; 2.64 V              ; -0.0113 V           ; 0.208 V                              ; 0.179 V                              ; 2.38e-09 s                  ; 2.23e-09 s                  ; No                         ; Yes                        ; 2.62 V                      ; 4.05e-08 V                  ; 2.64 V             ; -0.0113 V          ; 0.208 V                             ; 0.179 V                             ; 2.38e-09 s                 ; 2.23e-09 s                 ; No                        ; Yes                       ;
; INSOUT[15]      ; 2.5 V        ; 0 s                 ; 0 s                 ; 2.62 V                       ; 2.74e-08 V                   ; 2.71 V              ; -0.0317 V           ; 0.148 V                              ; 0.064 V                              ; 4.51e-10 s                  ; 4.15e-10 s                  ; No                         ; Yes                        ; 2.62 V                      ; 2.74e-08 V                  ; 2.71 V             ; -0.0317 V          ; 0.148 V                             ; 0.064 V                             ; 4.51e-10 s                 ; 4.15e-10 s                 ; No                        ; Yes                       ;
; INSOUT[14]      ; 2.5 V        ; 0 s                 ; 0 s                 ; 2.62 V                       ; 2.74e-08 V                   ; 2.73 V              ; -0.0384 V           ; 0.169 V                              ; 0.089 V                              ; 2.7e-10 s                   ; 2.62e-10 s                  ; Yes                        ; Yes                        ; 2.62 V                      ; 2.74e-08 V                  ; 2.73 V             ; -0.0384 V          ; 0.169 V                             ; 0.089 V                             ; 2.7e-10 s                  ; 2.62e-10 s                 ; Yes                       ; Yes                       ;
; INSOUT[13]      ; 2.5 V        ; 0 s                 ; 0 s                 ; 2.62 V                       ; 2.74e-08 V                   ; 2.71 V              ; -0.0317 V           ; 0.148 V                              ; 0.064 V                              ; 4.51e-10 s                  ; 4.15e-10 s                  ; No                         ; Yes                        ; 2.62 V                      ; 2.74e-08 V                  ; 2.71 V             ; -0.0317 V          ; 0.148 V                             ; 0.064 V                             ; 4.51e-10 s                 ; 4.15e-10 s                 ; No                        ; Yes                       ;
; INSOUT[12]      ; 2.5 V        ; 0 s                 ; 0 s                 ; 2.62 V                       ; 2.74e-08 V                   ; 2.71 V              ; -0.0317 V           ; 0.148 V                              ; 0.064 V                              ; 4.51e-10 s                  ; 4.15e-10 s                  ; No                         ; Yes                        ; 2.62 V                      ; 2.74e-08 V                  ; 2.71 V             ; -0.0317 V          ; 0.148 V                             ; 0.064 V                             ; 4.51e-10 s                 ; 4.15e-10 s                 ; No                        ; Yes                       ;
; INSOUT[11]      ; 2.5 V        ; 0 s                 ; 0 s                 ; 2.62 V                       ; 2.74e-08 V                   ; 2.71 V              ; -0.0317 V           ; 0.148 V                              ; 0.064 V                              ; 4.51e-10 s                  ; 4.15e-10 s                  ; No                         ; Yes                        ; 2.62 V                      ; 2.74e-08 V                  ; 2.71 V             ; -0.0317 V          ; 0.148 V                             ; 0.064 V                             ; 4.51e-10 s                 ; 4.15e-10 s                 ; No                        ; Yes                       ;
; INSOUT[10]      ; 2.5 V        ; 0 s                 ; 0 s                 ; 2.62 V                       ; 2.74e-08 V                   ; 2.73 V              ; -0.0384 V           ; 0.169 V                              ; 0.089 V                              ; 2.7e-10 s                   ; 2.62e-10 s                  ; Yes                        ; Yes                        ; 2.62 V                      ; 2.74e-08 V                  ; 2.73 V             ; -0.0384 V          ; 0.169 V                             ; 0.089 V                             ; 2.7e-10 s                  ; 2.62e-10 s                 ; Yes                       ; Yes                       ;
; INSOUT[9]       ; 2.5 V        ; 0 s                 ; 0 s                 ; 2.62 V                       ; 2.74e-08 V                   ; 2.71 V              ; -0.0317 V           ; 0.148 V                              ; 0.064 V                              ; 4.51e-10 s                  ; 4.15e-10 s                  ; No                         ; Yes                        ; 2.62 V                      ; 2.74e-08 V                  ; 2.71 V             ; -0.0317 V          ; 0.148 V                             ; 0.064 V                             ; 4.51e-10 s                 ; 4.15e-10 s                 ; No                        ; Yes                       ;
; INSOUT[8]       ; 2.5 V        ; 0 s                 ; 0 s                 ; 2.62 V                       ; 4.05e-08 V                   ; 2.72 V              ; -0.0349 V           ; 0.173 V                              ; 0.1 V                                ; 2.72e-10 s                  ; 2.69e-10 s                  ; Yes                        ; Yes                        ; 2.62 V                      ; 4.05e-08 V                  ; 2.72 V             ; -0.0349 V          ; 0.173 V                             ; 0.1 V                               ; 2.72e-10 s                 ; 2.69e-10 s                 ; Yes                       ; Yes                       ;
; INSOUT[7]       ; 2.5 V        ; 0 s                 ; 0 s                 ; 2.62 V                       ; 2.74e-08 V                   ; 2.71 V              ; -0.0317 V           ; 0.148 V                              ; 0.064 V                              ; 4.51e-10 s                  ; 4.15e-10 s                  ; No                         ; Yes                        ; 2.62 V                      ; 2.74e-08 V                  ; 2.71 V             ; -0.0317 V          ; 0.148 V                             ; 0.064 V                             ; 4.51e-10 s                 ; 4.15e-10 s                 ; No                        ; Yes                       ;
; INSOUT[6]       ; 2.5 V        ; 0 s                 ; 0 s                 ; 2.62 V                       ; 2.74e-08 V                   ; 2.71 V              ; -0.0317 V           ; 0.148 V                              ; 0.064 V                              ; 4.51e-10 s                  ; 4.15e-10 s                  ; No                         ; Yes                        ; 2.62 V                      ; 2.74e-08 V                  ; 2.71 V             ; -0.0317 V          ; 0.148 V                             ; 0.064 V                             ; 4.51e-10 s                 ; 4.15e-10 s                 ; No                        ; Yes                       ;
; INSOUT[5]       ; 2.5 V        ; 0 s                 ; 0 s                 ; 2.62 V                       ; 2.74e-08 V                   ; 2.71 V              ; -0.0317 V           ; 0.148 V                              ; 0.064 V                              ; 4.51e-10 s                  ; 4.15e-10 s                  ; No                         ; Yes                        ; 2.62 V                      ; 2.74e-08 V                  ; 2.71 V             ; -0.0317 V          ; 0.148 V                             ; 0.064 V                             ; 4.51e-10 s                 ; 4.15e-10 s                 ; No                        ; Yes                       ;
; INSOUT[4]       ; 2.5 V        ; 0 s                 ; 0 s                 ; 2.62 V                       ; 2.74e-08 V                   ; 2.71 V              ; -0.0317 V           ; 0.148 V                              ; 0.064 V                              ; 4.51e-10 s                  ; 4.15e-10 s                  ; No                         ; Yes                        ; 2.62 V                      ; 2.74e-08 V                  ; 2.71 V             ; -0.0317 V          ; 0.148 V                             ; 0.064 V                             ; 4.51e-10 s                 ; 4.15e-10 s                 ; No                        ; Yes                       ;
; INSOUT[3]       ; 2.5 V        ; 0 s                 ; 0 s                 ; 2.62 V                       ; 2.74e-08 V                   ; 2.71 V              ; -0.0317 V           ; 0.148 V                              ; 0.064 V                              ; 4.51e-10 s                  ; 4.15e-10 s                  ; No                         ; Yes                        ; 2.62 V                      ; 2.74e-08 V                  ; 2.71 V             ; -0.0317 V          ; 0.148 V                             ; 0.064 V                             ; 4.51e-10 s                 ; 4.15e-10 s                 ; No                        ; Yes                       ;
; INSOUT[2]       ; 2.5 V        ; 0 s                 ; 0 s                 ; 2.62 V                       ; 2.74e-08 V                   ; 2.71 V              ; -0.0317 V           ; 0.148 V                              ; 0.064 V                              ; 4.51e-10 s                  ; 4.15e-10 s                  ; No                         ; Yes                        ; 2.62 V                      ; 2.74e-08 V                  ; 2.71 V             ; -0.0317 V          ; 0.148 V                             ; 0.064 V                             ; 4.51e-10 s                 ; 4.15e-10 s                 ; No                        ; Yes                       ;
; INSOUT[1]       ; 2.5 V        ; 0 s                 ; 0 s                 ; 2.62 V                       ; 2.74e-08 V                   ; 2.71 V              ; -0.0317 V           ; 0.148 V                              ; 0.064 V                              ; 4.51e-10 s                  ; 4.15e-10 s                  ; No                         ; Yes                        ; 2.62 V                      ; 2.74e-08 V                  ; 2.71 V             ; -0.0317 V          ; 0.148 V                             ; 0.064 V                             ; 4.51e-10 s                 ; 4.15e-10 s                 ; No                        ; Yes                       ;
; INSOUT[0]       ; 2.5 V        ; 0 s                 ; 0 s                 ; 2.62 V                       ; 4.05e-08 V                   ; 2.72 V              ; -0.0349 V           ; 0.173 V                              ; 0.1 V                                ; 2.72e-10 s                  ; 2.69e-10 s                  ; Yes                        ; Yes                        ; 2.62 V                      ; 4.05e-08 V                  ; 2.72 V             ; -0.0349 V          ; 0.173 V                             ; 0.1 V                               ; 2.72e-10 s                 ; 2.69e-10 s                 ; Yes                       ; Yes                       ;
; JOUT[15]        ; 2.5 V        ; 0 s                 ; 0 s                 ; 2.62 V                       ; 4.05e-08 V                   ; 2.72 V              ; -0.0349 V           ; 0.173 V                              ; 0.1 V                                ; 2.72e-10 s                  ; 2.69e-10 s                  ; Yes                        ; Yes                        ; 2.62 V                      ; 4.05e-08 V                  ; 2.72 V             ; -0.0349 V          ; 0.173 V                             ; 0.1 V                               ; 2.72e-10 s                 ; 2.69e-10 s                 ; Yes                       ; Yes                       ;
; JOUT[14]        ; 2.5 V        ; 0 s                 ; 0 s                 ; 2.62 V                       ; 4.05e-08 V                   ; 2.72 V              ; -0.0349 V           ; 0.173 V                              ; 0.1 V                                ; 2.72e-10 s                  ; 2.69e-10 s                  ; Yes                        ; Yes                        ; 2.62 V                      ; 4.05e-08 V                  ; 2.72 V             ; -0.0349 V          ; 0.173 V                             ; 0.1 V                               ; 2.72e-10 s                 ; 2.69e-10 s                 ; Yes                       ; Yes                       ;
; JOUT[13]        ; 2.5 V        ; 0 s                 ; 0 s                 ; 2.62 V                       ; 4.05e-08 V                   ; 2.72 V              ; -0.0349 V           ; 0.173 V                              ; 0.1 V                                ; 2.72e-10 s                  ; 2.69e-10 s                  ; Yes                        ; Yes                        ; 2.62 V                      ; 4.05e-08 V                  ; 2.72 V             ; -0.0349 V          ; 0.173 V                             ; 0.1 V                               ; 2.72e-10 s                 ; 2.69e-10 s                 ; Yes                       ; Yes                       ;
; JOUT[12]        ; 2.5 V        ; 0 s                 ; 0 s                 ; 2.62 V                       ; 2.74e-08 V                   ; 2.71 V              ; -0.0317 V           ; 0.148 V                              ; 0.064 V                              ; 4.51e-10 s                  ; 4.15e-10 s                  ; No                         ; Yes                        ; 2.62 V                      ; 2.74e-08 V                  ; 2.71 V             ; -0.0317 V          ; 0.148 V                             ; 0.064 V                             ; 4.51e-10 s                 ; 4.15e-10 s                 ; No                        ; Yes                       ;
; JOUT[11]        ; 2.5 V        ; 0 s                 ; 0 s                 ; 2.62 V                       ; 2.74e-08 V                   ; 2.71 V              ; -0.0317 V           ; 0.148 V                              ; 0.064 V                              ; 4.51e-10 s                  ; 4.15e-10 s                  ; No                         ; Yes                        ; 2.62 V                      ; 2.74e-08 V                  ; 2.71 V             ; -0.0317 V          ; 0.148 V                             ; 0.064 V                             ; 4.51e-10 s                 ; 4.15e-10 s                 ; No                        ; Yes                       ;
; JOUT[10]        ; 2.5 V        ; 0 s                 ; 0 s                 ; 2.62 V                       ; 2.74e-08 V                   ; 2.73 V              ; -0.0384 V           ; 0.169 V                              ; 0.089 V                              ; 2.7e-10 s                   ; 2.62e-10 s                  ; Yes                        ; Yes                        ; 2.62 V                      ; 2.74e-08 V                  ; 2.73 V             ; -0.0384 V          ; 0.169 V                             ; 0.089 V                             ; 2.7e-10 s                  ; 2.62e-10 s                 ; Yes                       ; Yes                       ;
; JOUT[9]         ; 2.5 V        ; 0 s                 ; 0 s                 ; 2.62 V                       ; 2.74e-08 V                   ; 2.71 V              ; -0.0317 V           ; 0.148 V                              ; 0.064 V                              ; 4.51e-10 s                  ; 4.15e-10 s                  ; No                         ; Yes                        ; 2.62 V                      ; 2.74e-08 V                  ; 2.71 V             ; -0.0317 V          ; 0.148 V                             ; 0.064 V                             ; 4.51e-10 s                 ; 4.15e-10 s                 ; No                        ; Yes                       ;
; JOUT[8]         ; 2.5 V        ; 0 s                 ; 0 s                 ; 2.62 V                       ; 4.05e-08 V                   ; 2.72 V              ; -0.0349 V           ; 0.173 V                              ; 0.1 V                                ; 2.72e-10 s                  ; 2.69e-10 s                  ; Yes                        ; Yes                        ; 2.62 V                      ; 4.05e-08 V                  ; 2.72 V             ; -0.0349 V          ; 0.173 V                             ; 0.1 V                               ; 2.72e-10 s                 ; 2.69e-10 s                 ; Yes                       ; Yes                       ;
; JOUT[7]         ; 2.5 V        ; 0 s                 ; 0 s                 ; 2.62 V                       ; 4.05e-08 V                   ; 2.72 V              ; -0.0349 V           ; 0.173 V                              ; 0.1 V                                ; 2.72e-10 s                  ; 2.69e-10 s                  ; Yes                        ; Yes                        ; 2.62 V                      ; 4.05e-08 V                  ; 2.72 V             ; -0.0349 V          ; 0.173 V                             ; 0.1 V                               ; 2.72e-10 s                 ; 2.69e-10 s                 ; Yes                       ; Yes                       ;
; JOUT[6]         ; 2.5 V        ; 0 s                 ; 0 s                 ; 2.62 V                       ; 4.05e-08 V                   ; 2.72 V              ; -0.0349 V           ; 0.173 V                              ; 0.1 V                                ; 2.72e-10 s                  ; 2.69e-10 s                  ; Yes                        ; Yes                        ; 2.62 V                      ; 4.05e-08 V                  ; 2.72 V             ; -0.0349 V          ; 0.173 V                             ; 0.1 V                               ; 2.72e-10 s                 ; 2.69e-10 s                 ; Yes                       ; Yes                       ;
; JOUT[5]         ; 2.5 V        ; 0 s                 ; 0 s                 ; 2.62 V                       ; 2.74e-08 V                   ; 2.71 V              ; -0.0317 V           ; 0.148 V                              ; 0.064 V                              ; 4.51e-10 s                  ; 4.15e-10 s                  ; No                         ; Yes                        ; 2.62 V                      ; 2.74e-08 V                  ; 2.71 V             ; -0.0317 V          ; 0.148 V                             ; 0.064 V                             ; 4.51e-10 s                 ; 4.15e-10 s                 ; No                        ; Yes                       ;
; JOUT[4]         ; 2.5 V        ; 0 s                 ; 0 s                 ; 2.62 V                       ; 2.74e-08 V                   ; 2.71 V              ; -0.0317 V           ; 0.148 V                              ; 0.064 V                              ; 4.51e-10 s                  ; 4.15e-10 s                  ; No                         ; Yes                        ; 2.62 V                      ; 2.74e-08 V                  ; 2.71 V             ; -0.0317 V          ; 0.148 V                             ; 0.064 V                             ; 4.51e-10 s                 ; 4.15e-10 s                 ; No                        ; Yes                       ;
; JOUT[3]         ; 2.5 V        ; 0 s                 ; 0 s                 ; 2.62 V                       ; 2.74e-08 V                   ; 2.71 V              ; -0.0317 V           ; 0.148 V                              ; 0.064 V                              ; 4.51e-10 s                  ; 4.15e-10 s                  ; No                         ; Yes                        ; 2.62 V                      ; 2.74e-08 V                  ; 2.71 V             ; -0.0317 V          ; 0.148 V                             ; 0.064 V                             ; 4.51e-10 s                 ; 4.15e-10 s                 ; No                        ; Yes                       ;
; JOUT[2]         ; 2.5 V        ; 0 s                 ; 0 s                 ; 2.62 V                       ; 2.74e-08 V                   ; 2.71 V              ; -0.0317 V           ; 0.148 V                              ; 0.064 V                              ; 4.51e-10 s                  ; 4.15e-10 s                  ; No                         ; Yes                        ; 2.62 V                      ; 2.74e-08 V                  ; 2.71 V             ; -0.0317 V          ; 0.148 V                             ; 0.064 V                             ; 4.51e-10 s                 ; 4.15e-10 s                 ; No                        ; Yes                       ;
; JOUT[1]         ; 2.5 V        ; 0 s                 ; 0 s                 ; 2.62 V                       ; 2.74e-08 V                   ; 2.71 V              ; -0.0317 V           ; 0.148 V                              ; 0.064 V                              ; 4.51e-10 s                  ; 4.15e-10 s                  ; No                         ; Yes                        ; 2.62 V                      ; 2.74e-08 V                  ; 2.71 V             ; -0.0317 V          ; 0.148 V                             ; 0.064 V                             ; 4.51e-10 s                 ; 4.15e-10 s                 ; No                        ; Yes                       ;
; JOUT[0]         ; 2.5 V        ; 0 s                 ; 0 s                 ; 2.62 V                       ; 2.74e-08 V                   ; 2.71 V              ; -0.0317 V           ; 0.148 V                              ; 0.064 V                              ; 4.51e-10 s                  ; 4.15e-10 s                  ; No                         ; Yes                        ; 2.62 V                      ; 2.74e-08 V                  ; 2.71 V             ; -0.0317 V          ; 0.148 V                             ; 0.064 V                             ; 4.51e-10 s                 ; 4.15e-10 s                 ; No                        ; Yes                       ;
; JUMPMUX_OUT[15] ; 2.5 V        ; 0 s                 ; 0 s                 ; 2.62 V                       ; 4.05e-08 V                   ; 2.72 V              ; -0.0349 V           ; 0.173 V                              ; 0.1 V                                ; 2.72e-10 s                  ; 2.69e-10 s                  ; Yes                        ; Yes                        ; 2.62 V                      ; 4.05e-08 V                  ; 2.72 V             ; -0.0349 V          ; 0.173 V                             ; 0.1 V                               ; 2.72e-10 s                 ; 2.69e-10 s                 ; Yes                       ; Yes                       ;
; JUMPMUX_OUT[14] ; 2.5 V        ; 0 s                 ; 0 s                 ; 2.62 V                       ; 4.05e-08 V                   ; 2.72 V              ; -0.0349 V           ; 0.173 V                              ; 0.1 V                                ; 2.72e-10 s                  ; 2.69e-10 s                  ; Yes                        ; Yes                        ; 2.62 V                      ; 4.05e-08 V                  ; 2.72 V             ; -0.0349 V          ; 0.173 V                             ; 0.1 V                               ; 2.72e-10 s                 ; 2.69e-10 s                 ; Yes                       ; Yes                       ;
; JUMPMUX_OUT[13] ; 2.5 V        ; 0 s                 ; 0 s                 ; 2.62 V                       ; 4.05e-08 V                   ; 2.72 V              ; -0.0349 V           ; 0.173 V                              ; 0.1 V                                ; 2.72e-10 s                  ; 2.69e-10 s                  ; Yes                        ; Yes                        ; 2.62 V                      ; 4.05e-08 V                  ; 2.72 V             ; -0.0349 V          ; 0.173 V                             ; 0.1 V                               ; 2.72e-10 s                 ; 2.69e-10 s                 ; Yes                       ; Yes                       ;
; JUMPMUX_OUT[12] ; 2.5 V        ; 0 s                 ; 0 s                 ; 2.62 V                       ; 2.74e-08 V                   ; 2.71 V              ; -0.0317 V           ; 0.148 V                              ; 0.064 V                              ; 4.51e-10 s                  ; 4.15e-10 s                  ; No                         ; Yes                        ; 2.62 V                      ; 2.74e-08 V                  ; 2.71 V             ; -0.0317 V          ; 0.148 V                             ; 0.064 V                             ; 4.51e-10 s                 ; 4.15e-10 s                 ; No                        ; Yes                       ;
; JUMPMUX_OUT[11] ; 2.5 V        ; 0 s                 ; 0 s                 ; 2.62 V                       ; 2.74e-08 V                   ; 2.64 V              ; -0.0117 V           ; 0.202 V                              ; 0.176 V                              ; 2.38e-09 s                  ; 2.22e-09 s                  ; No                         ; Yes                        ; 2.62 V                      ; 2.74e-08 V                  ; 2.64 V             ; -0.0117 V          ; 0.202 V                             ; 0.176 V                             ; 2.38e-09 s                 ; 2.22e-09 s                 ; No                        ; Yes                       ;
; JUMPMUX_OUT[10] ; 2.5 V        ; 0 s                 ; 0 s                 ; 2.62 V                       ; 2.74e-08 V                   ; 2.71 V              ; -0.0317 V           ; 0.148 V                              ; 0.064 V                              ; 4.51e-10 s                  ; 4.15e-10 s                  ; No                         ; Yes                        ; 2.62 V                      ; 2.74e-08 V                  ; 2.71 V             ; -0.0317 V          ; 0.148 V                             ; 0.064 V                             ; 4.51e-10 s                 ; 4.15e-10 s                 ; No                        ; Yes                       ;
; JUMPMUX_OUT[9]  ; 2.5 V        ; 0 s                 ; 0 s                 ; 2.62 V                       ; 2.74e-08 V                   ; 2.71 V              ; -0.0317 V           ; 0.148 V                              ; 0.064 V                              ; 4.51e-10 s                  ; 4.15e-10 s                  ; No                         ; Yes                        ; 2.62 V                      ; 2.74e-08 V                  ; 2.71 V             ; -0.0317 V          ; 0.148 V                             ; 0.064 V                             ; 4.51e-10 s                 ; 4.15e-10 s                 ; No                        ; Yes                       ;
; JUMPMUX_OUT[8]  ; 2.5 V        ; 0 s                 ; 0 s                 ; 2.62 V                       ; 2.74e-08 V                   ; 2.71 V              ; -0.0317 V           ; 0.148 V                              ; 0.064 V                              ; 4.51e-10 s                  ; 4.15e-10 s                  ; No                         ; Yes                        ; 2.62 V                      ; 2.74e-08 V                  ; 2.71 V             ; -0.0317 V          ; 0.148 V                             ; 0.064 V                             ; 4.51e-10 s                 ; 4.15e-10 s                 ; No                        ; Yes                       ;
; JUMPMUX_OUT[7]  ; 2.5 V        ; 0 s                 ; 0 s                 ; 2.62 V                       ; 4.05e-08 V                   ; 2.72 V              ; -0.0349 V           ; 0.173 V                              ; 0.1 V                                ; 2.72e-10 s                  ; 2.69e-10 s                  ; Yes                        ; Yes                        ; 2.62 V                      ; 4.05e-08 V                  ; 2.72 V             ; -0.0349 V          ; 0.173 V                             ; 0.1 V                               ; 2.72e-10 s                 ; 2.69e-10 s                 ; Yes                       ; Yes                       ;
; JUMPMUX_OUT[6]  ; 2.5 V        ; 0 s                 ; 0 s                 ; 2.62 V                       ; 2.74e-08 V                   ; 2.71 V              ; -0.0317 V           ; 0.148 V                              ; 0.064 V                              ; 4.51e-10 s                  ; 4.15e-10 s                  ; No                         ; Yes                        ; 2.62 V                      ; 2.74e-08 V                  ; 2.71 V             ; -0.0317 V          ; 0.148 V                             ; 0.064 V                             ; 4.51e-10 s                 ; 4.15e-10 s                 ; No                        ; Yes                       ;
; JUMPMUX_OUT[5]  ; 2.5 V        ; 0 s                 ; 0 s                 ; 2.62 V                       ; 2.74e-08 V                   ; 2.71 V              ; -0.0317 V           ; 0.148 V                              ; 0.064 V                              ; 4.51e-10 s                  ; 4.15e-10 s                  ; No                         ; Yes                        ; 2.62 V                      ; 2.74e-08 V                  ; 2.71 V             ; -0.0317 V          ; 0.148 V                             ; 0.064 V                             ; 4.51e-10 s                 ; 4.15e-10 s                 ; No                        ; Yes                       ;
; JUMPMUX_OUT[4]  ; 2.5 V        ; 0 s                 ; 0 s                 ; 2.62 V                       ; 2.74e-08 V                   ; 2.71 V              ; -0.0317 V           ; 0.148 V                              ; 0.064 V                              ; 4.51e-10 s                  ; 4.15e-10 s                  ; No                         ; Yes                        ; 2.62 V                      ; 2.74e-08 V                  ; 2.71 V             ; -0.0317 V          ; 0.148 V                             ; 0.064 V                             ; 4.51e-10 s                 ; 4.15e-10 s                 ; No                        ; Yes                       ;
; JUMPMUX_OUT[3]  ; 2.5 V        ; 0 s                 ; 0 s                 ; 2.62 V                       ; 2.74e-08 V                   ; 2.71 V              ; -0.0317 V           ; 0.148 V                              ; 0.064 V                              ; 4.51e-10 s                  ; 4.15e-10 s                  ; No                         ; Yes                        ; 2.62 V                      ; 2.74e-08 V                  ; 2.71 V             ; -0.0317 V          ; 0.148 V                             ; 0.064 V                             ; 4.51e-10 s                 ; 4.15e-10 s                 ; No                        ; Yes                       ;
; JUMPMUX_OUT[2]  ; 2.5 V        ; 0 s                 ; 0 s                 ; 2.62 V                       ; 2.74e-08 V                   ; 2.71 V              ; -0.0317 V           ; 0.148 V                              ; 0.064 V                              ; 4.51e-10 s                  ; 4.15e-10 s                  ; No                         ; Yes                        ; 2.62 V                      ; 2.74e-08 V                  ; 2.71 V             ; -0.0317 V          ; 0.148 V                             ; 0.064 V                             ; 4.51e-10 s                 ; 4.15e-10 s                 ; No                        ; Yes                       ;
; JUMPMUX_OUT[1]  ; 2.5 V        ; 0 s                 ; 0 s                 ; 2.62 V                       ; 2.74e-08 V                   ; 2.73 V              ; -0.0384 V           ; 0.169 V                              ; 0.089 V                              ; 2.7e-10 s                   ; 2.62e-10 s                  ; Yes                        ; Yes                        ; 2.62 V                      ; 2.74e-08 V                  ; 2.73 V             ; -0.0384 V          ; 0.169 V                             ; 0.089 V                             ; 2.7e-10 s                  ; 2.62e-10 s                 ; Yes                       ; Yes                       ;
; JUMPMUX_OUT[0]  ; 2.5 V        ; 0 s                 ; 0 s                 ; 2.62 V                       ; 2.74e-08 V                   ; 2.71 V              ; -0.0317 V           ; 0.148 V                              ; 0.064 V                              ; 4.51e-10 s                  ; 4.15e-10 s                  ; No                         ; Yes                        ; 2.62 V                      ; 2.74e-08 V                  ; 2.71 V             ; -0.0317 V          ; 0.148 V                             ; 0.064 V                             ; 4.51e-10 s                 ; 4.15e-10 s                 ; No                        ; Yes                       ;
; PCP2[15]        ; 2.5 V        ; 0 s                 ; 0 s                 ; 2.62 V                       ; 2.74e-08 V                   ; 2.71 V              ; -0.0317 V           ; 0.148 V                              ; 0.064 V                              ; 4.51e-10 s                  ; 4.15e-10 s                  ; No                         ; Yes                        ; 2.62 V                      ; 2.74e-08 V                  ; 2.71 V             ; -0.0317 V          ; 0.148 V                             ; 0.064 V                             ; 4.51e-10 s                 ; 4.15e-10 s                 ; No                        ; Yes                       ;
; PCP2[14]        ; 2.5 V        ; 0 s                 ; 0 s                 ; 2.62 V                       ; 2.74e-08 V                   ; 2.71 V              ; -0.0317 V           ; 0.148 V                              ; 0.064 V                              ; 4.51e-10 s                  ; 4.15e-10 s                  ; No                         ; Yes                        ; 2.62 V                      ; 2.74e-08 V                  ; 2.71 V             ; -0.0317 V          ; 0.148 V                             ; 0.064 V                             ; 4.51e-10 s                 ; 4.15e-10 s                 ; No                        ; Yes                       ;
; PCP2[13]        ; 2.5 V        ; 0 s                 ; 0 s                 ; 2.62 V                       ; 4.05e-08 V                   ; 2.64 V              ; -0.0113 V           ; 0.208 V                              ; 0.179 V                              ; 2.38e-09 s                  ; 2.23e-09 s                  ; No                         ; Yes                        ; 2.62 V                      ; 4.05e-08 V                  ; 2.64 V             ; -0.0113 V          ; 0.208 V                             ; 0.179 V                             ; 2.38e-09 s                 ; 2.23e-09 s                 ; No                        ; Yes                       ;
; PCP2[12]        ; 2.5 V        ; 0 s                 ; 0 s                 ; 2.62 V                       ; 2.74e-08 V                   ; 2.71 V              ; -0.0317 V           ; 0.148 V                              ; 0.064 V                              ; 4.51e-10 s                  ; 4.15e-10 s                  ; No                         ; Yes                        ; 2.62 V                      ; 2.74e-08 V                  ; 2.71 V             ; -0.0317 V          ; 0.148 V                             ; 0.064 V                             ; 4.51e-10 s                 ; 4.15e-10 s                 ; No                        ; Yes                       ;
; PCP2[11]        ; 2.5 V        ; 0 s                 ; 0 s                 ; 2.62 V                       ; 2.74e-08 V                   ; 2.71 V              ; -0.0317 V           ; 0.148 V                              ; 0.064 V                              ; 4.51e-10 s                  ; 4.15e-10 s                  ; No                         ; Yes                        ; 2.62 V                      ; 2.74e-08 V                  ; 2.71 V             ; -0.0317 V          ; 0.148 V                             ; 0.064 V                             ; 4.51e-10 s                 ; 4.15e-10 s                 ; No                        ; Yes                       ;
; PCP2[10]        ; 2.5 V        ; 0 s                 ; 0 s                 ; 2.62 V                       ; 2.74e-08 V                   ; 2.71 V              ; -0.0317 V           ; 0.148 V                              ; 0.064 V                              ; 4.51e-10 s                  ; 4.15e-10 s                  ; No                         ; Yes                        ; 2.62 V                      ; 2.74e-08 V                  ; 2.71 V             ; -0.0317 V          ; 0.148 V                             ; 0.064 V                             ; 4.51e-10 s                 ; 4.15e-10 s                 ; No                        ; Yes                       ;
; PCP2[9]         ; 2.5 V        ; 0 s                 ; 0 s                 ; 2.62 V                       ; 4.05e-08 V                   ; 2.72 V              ; -0.0349 V           ; 0.173 V                              ; 0.1 V                                ; 2.72e-10 s                  ; 2.69e-10 s                  ; Yes                        ; Yes                        ; 2.62 V                      ; 4.05e-08 V                  ; 2.72 V             ; -0.0349 V          ; 0.173 V                             ; 0.1 V                               ; 2.72e-10 s                 ; 2.69e-10 s                 ; Yes                       ; Yes                       ;
; PCP2[8]         ; 2.5 V        ; 0 s                 ; 0 s                 ; 2.62 V                       ; 2.74e-08 V                   ; 2.71 V              ; -0.0317 V           ; 0.148 V                              ; 0.064 V                              ; 4.51e-10 s                  ; 4.15e-10 s                  ; No                         ; Yes                        ; 2.62 V                      ; 2.74e-08 V                  ; 2.71 V             ; -0.0317 V          ; 0.148 V                             ; 0.064 V                             ; 4.51e-10 s                 ; 4.15e-10 s                 ; No                        ; Yes                       ;
; PCP2[7]         ; 2.5 V        ; 0 s                 ; 0 s                 ; 2.62 V                       ; 2.74e-08 V                   ; 2.64 V              ; -0.0117 V           ; 0.202 V                              ; 0.176 V                              ; 2.38e-09 s                  ; 2.22e-09 s                  ; No                         ; Yes                        ; 2.62 V                      ; 2.74e-08 V                  ; 2.64 V             ; -0.0117 V          ; 0.202 V                             ; 0.176 V                             ; 2.38e-09 s                 ; 2.22e-09 s                 ; No                        ; Yes                       ;
; PCP2[6]         ; 2.5 V        ; 0 s                 ; 0 s                 ; 2.62 V                       ; 2.74e-08 V                   ; 2.71 V              ; -0.0317 V           ; 0.148 V                              ; 0.064 V                              ; 4.51e-10 s                  ; 4.15e-10 s                  ; No                         ; Yes                        ; 2.62 V                      ; 2.74e-08 V                  ; 2.71 V             ; -0.0317 V          ; 0.148 V                             ; 0.064 V                             ; 4.51e-10 s                 ; 4.15e-10 s                 ; No                        ; Yes                       ;
; PCP2[5]         ; 2.5 V        ; 0 s                 ; 0 s                 ; 2.62 V                       ; 2.74e-08 V                   ; 2.71 V              ; -0.0317 V           ; 0.148 V                              ; 0.064 V                              ; 4.51e-10 s                  ; 4.15e-10 s                  ; No                         ; Yes                        ; 2.62 V                      ; 2.74e-08 V                  ; 2.71 V             ; -0.0317 V          ; 0.148 V                             ; 0.064 V                             ; 4.51e-10 s                 ; 4.15e-10 s                 ; No                        ; Yes                       ;
; PCP2[4]         ; 2.5 V        ; 0 s                 ; 0 s                 ; 2.62 V                       ; 2.74e-08 V                   ; 2.71 V              ; -0.0317 V           ; 0.148 V                              ; 0.064 V                              ; 4.51e-10 s                  ; 4.15e-10 s                  ; No                         ; Yes                        ; 2.62 V                      ; 2.74e-08 V                  ; 2.71 V             ; -0.0317 V          ; 0.148 V                             ; 0.064 V                             ; 4.51e-10 s                 ; 4.15e-10 s                 ; No                        ; Yes                       ;
; PCP2[3]         ; 2.5 V        ; 0 s                 ; 0 s                 ; 2.62 V                       ; 2.74e-08 V                   ; 2.71 V              ; -0.0317 V           ; 0.148 V                              ; 0.064 V                              ; 4.51e-10 s                  ; 4.15e-10 s                  ; No                         ; Yes                        ; 2.62 V                      ; 2.74e-08 V                  ; 2.71 V             ; -0.0317 V          ; 0.148 V                             ; 0.064 V                             ; 4.51e-10 s                 ; 4.15e-10 s                 ; No                        ; Yes                       ;
; PCP2[2]         ; 2.5 V        ; 0 s                 ; 0 s                 ; 2.62 V                       ; 2.74e-08 V                   ; 2.71 V              ; -0.0317 V           ; 0.148 V                              ; 0.064 V                              ; 4.51e-10 s                  ; 4.15e-10 s                  ; No                         ; Yes                        ; 2.62 V                      ; 2.74e-08 V                  ; 2.71 V             ; -0.0317 V          ; 0.148 V                             ; 0.064 V                             ; 4.51e-10 s                 ; 4.15e-10 s                 ; No                        ; Yes                       ;
; PCP2[1]         ; 2.5 V        ; 0 s                 ; 0 s                 ; 2.62 V                       ; 2.74e-08 V                   ; 2.71 V              ; -0.0317 V           ; 0.148 V                              ; 0.064 V                              ; 4.51e-10 s                  ; 4.15e-10 s                  ; No                         ; Yes                        ; 2.62 V                      ; 2.74e-08 V                  ; 2.71 V             ; -0.0317 V          ; 0.148 V                             ; 0.064 V                             ; 4.51e-10 s                 ; 4.15e-10 s                 ; No                        ; Yes                       ;
; PCP2[0]         ; 2.5 V        ; 0 s                 ; 0 s                 ; 2.62 V                       ; 2.74e-08 V                   ; 2.71 V              ; -0.0317 V           ; 0.148 V                              ; 0.064 V                              ; 4.51e-10 s                  ; 4.15e-10 s                  ; No                         ; Yes                        ; 2.62 V                      ; 2.74e-08 V                  ; 2.71 V             ; -0.0317 V          ; 0.148 V                             ; 0.064 V                             ; 4.51e-10 s                 ; 4.15e-10 s                 ; No                        ; Yes                       ;
; ~ALTERA_DCLK~   ; 2.5 V        ; 0 s                 ; 0 s                 ; 2.62 V                       ; 2.22e-08 V                   ; 2.74 V              ; -0.06 V             ; 0.158 V                              ; 0.08 V                               ; 2.68e-10 s                  ; 2.19e-10 s                  ; Yes                        ; Yes                        ; 2.62 V                      ; 2.22e-08 V                  ; 2.74 V             ; -0.06 V            ; 0.158 V                             ; 0.08 V                              ; 2.68e-10 s                 ; 2.19e-10 s                 ; Yes                       ; Yes                       ;
; ~ALTERA_nCEO~   ; 2.5 V        ; 0 s                 ; 0 s                 ; 2.62 V                       ; 3.54e-08 V                   ; 2.7 V               ; -0.00943 V          ; 0.276 V                              ; 0.035 V                              ; 3.19e-10 s                  ; 4.99e-10 s                  ; No                         ; Yes                        ; 2.62 V                      ; 3.54e-08 V                  ; 2.7 V              ; -0.00943 V         ; 0.276 V                             ; 0.035 V                             ; 3.19e-10 s                 ; 4.99e-10 s                 ; No                        ; Yes                       ;
+-----------------+--------------+---------------------+---------------------+------------------------------+------------------------------+---------------------+---------------------+--------------------------------------+--------------------------------------+-----------------------------+-----------------------------+----------------------------+----------------------------+-----------------------------+-----------------------------+--------------------+--------------------+-------------------------------------+-------------------------------------+----------------------------+----------------------------+---------------------------+---------------------------+


+-------------------------------------------------------------------+
; Setup Transfers                                                   ;
+------------+----------+----------+----------+----------+----------+
; From Clock ; To Clock ; RR Paths ; FR Paths ; RF Paths ; FF Paths ;
+------------+----------+----------+----------+----------+----------+
; CLK        ; CLK      ; 2670     ; 0        ; 0        ; 0        ;
+------------+----------+----------+----------+----------+----------+
Entries labeled "false path" only account for clock-to-clock false paths and not path-based false paths. As a result, actual path counts may be lower than reported.


+-------------------------------------------------------------------+
; Hold Transfers                                                    ;
+------------+----------+----------+----------+----------+----------+
; From Clock ; To Clock ; RR Paths ; FR Paths ; RF Paths ; FF Paths ;
+------------+----------+----------+----------+----------+----------+
; CLK        ; CLK      ; 2670     ; 0        ; 0        ; 0        ;
+------------+----------+----------+----------+----------+----------+
Entries labeled "false path" only account for clock-to-clock false paths and not path-based false paths. As a result, actual path counts may be lower than reported.


---------------
; Report TCCS ;
---------------
No dedicated SERDES Transmitter circuitry present in device or used in design


---------------
; Report RSKM ;
---------------
No non-DPA dedicated SERDES Receiver circuitry present in device or used in design


+------------------------------------------------+
; Unconstrained Paths Summary                    ;
+---------------------------------+-------+------+
; Property                        ; Setup ; Hold ;
+---------------------------------+-------+------+
; Illegal Clocks                  ; 0     ; 0    ;
; Unconstrained Clocks            ; 0     ; 0    ;
; Unconstrained Input Ports       ; 6     ; 6    ;
; Unconstrained Input Port Paths  ; 323   ; 323  ;
; Unconstrained Output Ports      ; 89    ; 89   ;
; Unconstrained Output Port Paths ; 1093  ; 1093 ;
+---------------------------------+-------+------+


+-------------------------------------+
; Clock Status Summary                ;
+--------+-------+------+-------------+
; Target ; Clock ; Type ; Status      ;
+--------+-------+------+-------------+
; CLK    ; CLK   ; Base ; Constrained ;
+--------+-------+------+-------------+


+---------------------------------------------------------------------------------------------------+
; Unconstrained Input Ports                                                                         ;
+------------+--------------------------------------------------------------------------------------+
; Input Port ; Comment                                                                              ;
+------------+--------------------------------------------------------------------------------------+
; EN         ; No input delay, min/max delays, false-path exceptions, or max skew assignments found ;
; OPCODE[0]  ; No input delay, min/max delays, false-path exceptions, or max skew assignments found ;
; OPCODE[1]  ; No input delay, min/max delays, false-path exceptions, or max skew assignments found ;
; OPCODE[2]  ; No input delay, min/max delays, false-path exceptions, or max skew assignments found ;
; OPCODE[3]  ; No input delay, min/max delays, false-path exceptions, or max skew assignments found ;
; RST        ; No input delay, min/max delays, false-path exceptions, or max skew assignments found ;
+------------+--------------------------------------------------------------------------------------+


+---------------------------------------------------------------------------------------------------------+
; Unconstrained Output Ports                                                                              ;
+-----------------+---------------------------------------------------------------------------------------+
; Output Port     ; Comment                                                                               ;
+-----------------+---------------------------------------------------------------------------------------+
; ALUCon          ; No output delay, min/max delays, false-path exceptions, or max skew assignments found ;
; ALUOp[1]        ; No output delay, min/max delays, false-path exceptions, or max skew assignments found ;
; ALUOp[2]        ; No output delay, min/max delays, false-path exceptions, or max skew assignments found ;
; ALUSrc          ; No output delay, min/max delays, false-path exceptions, or max skew assignments found ;
; DOUT[0]         ; No output delay, min/max delays, false-path exceptions, or max skew assignments found ;
; DOUT[1]         ; No output delay, min/max delays, false-path exceptions, or max skew assignments found ;
; DOUT[2]         ; No output delay, min/max delays, false-path exceptions, or max skew assignments found ;
; DOUT[3]         ; No output delay, min/max delays, false-path exceptions, or max skew assignments found ;
; DOUT[4]         ; No output delay, min/max delays, false-path exceptions, or max skew assignments found ;
; DOUT[5]         ; No output delay, min/max delays, false-path exceptions, or max skew assignments found ;
; DOUT[6]         ; No output delay, min/max delays, false-path exceptions, or max skew assignments found ;
; DOUT[7]         ; No output delay, min/max delays, false-path exceptions, or max skew assignments found ;
; DOUT[8]         ; No output delay, min/max delays, false-path exceptions, or max skew assignments found ;
; DOUT[9]         ; No output delay, min/max delays, false-path exceptions, or max skew assignments found ;
; DOUT[10]        ; No output delay, min/max delays, false-path exceptions, or max skew assignments found ;
; DOUT[11]        ; No output delay, min/max delays, false-path exceptions, or max skew assignments found ;
; DOUT[12]        ; No output delay, min/max delays, false-path exceptions, or max skew assignments found ;
; DOUT[13]        ; No output delay, min/max delays, false-path exceptions, or max skew assignments found ;
; DOUT[14]        ; No output delay, min/max delays, false-path exceptions, or max skew assignments found ;
; DOUT[15]        ; No output delay, min/max delays, false-path exceptions, or max skew assignments found ;
; INSOUT[0]       ; No output delay, min/max delays, false-path exceptions, or max skew assignments found ;
; INSOUT[1]       ; No output delay, min/max delays, false-path exceptions, or max skew assignments found ;
; INSOUT[2]       ; No output delay, min/max delays, false-path exceptions, or max skew assignments found ;
; INSOUT[3]       ; No output delay, min/max delays, false-path exceptions, or max skew assignments found ;
; INSOUT[4]       ; No output delay, min/max delays, false-path exceptions, or max skew assignments found ;
; INSOUT[5]       ; No output delay, min/max delays, false-path exceptions, or max skew assignments found ;
; INSOUT[6]       ; No output delay, min/max delays, false-path exceptions, or max skew assignments found ;
; INSOUT[7]       ; No output delay, min/max delays, false-path exceptions, or max skew assignments found ;
; INSOUT[8]       ; No output delay, min/max delays, false-path exceptions, or max skew assignments found ;
; INSOUT[9]       ; No output delay, min/max delays, false-path exceptions, or max skew assignments found ;
; INSOUT[10]      ; No output delay, min/max delays, false-path exceptions, or max skew assignments found ;
; INSOUT[11]      ; No output delay, min/max delays, false-path exceptions, or max skew assignments found ;
; INSOUT[12]      ; No output delay, min/max delays, false-path exceptions, or max skew assignments found ;
; INSOUT[13]      ; No output delay, min/max delays, false-path exceptions, or max skew assignments found ;
; INSOUT[14]      ; No output delay, min/max delays, false-path exceptions, or max skew assignments found ;
; INSOUT[15]      ; No output delay, min/max delays, false-path exceptions, or max skew assignments found ;
; JOUT[0]         ; No output delay, min/max delays, false-path exceptions, or max skew assignments found ;
; JOUT[1]         ; No output delay, min/max delays, false-path exceptions, or max skew assignments found ;
; JOUT[2]         ; No output delay, min/max delays, false-path exceptions, or max skew assignments found ;
; JOUT[3]         ; No output delay, min/max delays, false-path exceptions, or max skew assignments found ;
; JOUT[4]         ; No output delay, min/max delays, false-path exceptions, or max skew assignments found ;
; JOUT[5]         ; No output delay, min/max delays, false-path exceptions, or max skew assignments found ;
; JOUT[6]         ; No output delay, min/max delays, false-path exceptions, or max skew assignments found ;
; JOUT[7]         ; No output delay, min/max delays, false-path exceptions, or max skew assignments found ;
; JOUT[8]         ; No output delay, min/max delays, false-path exceptions, or max skew assignments found ;
; JOUT[9]         ; No output delay, min/max delays, false-path exceptions, or max skew assignments found ;
; JOUT[10]        ; No output delay, min/max delays, false-path exceptions, or max skew assignments found ;
; JOUT[11]        ; No output delay, min/max delays, false-path exceptions, or max skew assignments found ;
; JOUT[12]        ; No output delay, min/max delays, false-path exceptions, or max skew assignments found ;
; JOUT[13]        ; No output delay, min/max delays, false-path exceptions, or max skew assignments found ;
; JOUT[14]        ; No output delay, min/max delays, false-path exceptions, or max skew assignments found ;
; JOUT[15]        ; No output delay, min/max delays, false-path exceptions, or max skew assignments found ;
; JUMPMUX_OUT[0]  ; No output delay, min/max delays, false-path exceptions, or max skew assignments found ;
; JUMPMUX_OUT[1]  ; No output delay, min/max delays, false-path exceptions, or max skew assignments found ;
; JUMPMUX_OUT[2]  ; No output delay, min/max delays, false-path exceptions, or max skew assignments found ;
; JUMPMUX_OUT[3]  ; No output delay, min/max delays, false-path exceptions, or max skew assignments found ;
; JUMPMUX_OUT[4]  ; No output delay, min/max delays, false-path exceptions, or max skew assignments found ;
; JUMPMUX_OUT[5]  ; No output delay, min/max delays, false-path exceptions, or max skew assignments found ;
; JUMPMUX_OUT[6]  ; No output delay, min/max delays, false-path exceptions, or max skew assignments found ;
; JUMPMUX_OUT[7]  ; No output delay, min/max delays, false-path exceptions, or max skew assignments found ;
; JUMPMUX_OUT[8]  ; No output delay, min/max delays, false-path exceptions, or max skew assignments found ;
; JUMPMUX_OUT[9]  ; No output delay, min/max delays, false-path exceptions, or max skew assignments found ;
; JUMPMUX_OUT[10] ; No output delay, min/max delays, false-path exceptions, or max skew assignments found ;
; JUMPMUX_OUT[11] ; No output delay, min/max delays, false-path exceptions, or max skew assignments found ;
; JUMPMUX_OUT[12] ; No output delay, min/max delays, false-path exceptions, or max skew assignments found ;
; JUMPMUX_OUT[13] ; No output delay, min/max delays, false-path exceptions, or max skew assignments found ;
; JUMPMUX_OUT[14] ; No output delay, min/max delays, false-path exceptions, or max skew assignments found ;
; JUMPMUX_OUT[15] ; No output delay, min/max delays, false-path exceptions, or max skew assignments found ;
; MemRead         ; No output delay, min/max delays, false-path exceptions, or max skew assignments found ;
; MemWrite        ; No output delay, min/max delays, false-path exceptions, or max skew assignments found ;
; MemtoReg        ; No output delay, min/max delays, false-path exceptions, or max skew assignments found ;
; PCP2[0]         ; No output delay, min/max delays, false-path exceptions, or max skew assignments found ;
; PCP2[1]         ; No output delay, min/max delays, false-path exceptions, or max skew assignments found ;
; PCP2[2]         ; No output delay, min/max delays, false-path exceptions, or max skew assignments found ;
; PCP2[3]         ; No output delay, min/max delays, false-path exceptions, or max skew assignments found ;
; PCP2[4]         ; No output delay, min/max delays, false-path exceptions, or max skew assignments found ;
; PCP2[5]         ; No output delay, min/max delays, false-path exceptions, or max skew assignments found ;
; PCP2[6]         ; No output delay, min/max delays, false-path exceptions, or max skew assignments found ;
; PCP2[7]         ; No output delay, min/max delays, false-path exceptions, or max skew assignments found ;
; PCP2[8]         ; No output delay, min/max delays, false-path exceptions, or max skew assignments found ;
; PCP2[9]         ; No output delay, min/max delays, false-path exceptions, or max skew assignments found ;
; PCP2[10]        ; No output delay, min/max delays, false-path exceptions, or max skew assignments found ;
; PCP2[11]        ; No output delay, min/max delays, false-path exceptions, or max skew assignments found ;
; PCP2[12]        ; No output delay, min/max delays, false-path exceptions, or max skew assignments found ;
; PCP2[13]        ; No output delay, min/max delays, false-path exceptions, or max skew assignments found ;
; PCP2[14]        ; No output delay, min/max delays, false-path exceptions, or max skew assignments found ;
; PCP2[15]        ; No output delay, min/max delays, false-path exceptions, or max skew assignments found ;
; RegDst          ; No output delay, min/max delays, false-path exceptions, or max skew assignments found ;
; RegWrite        ; No output delay, min/max delays, false-path exceptions, or max skew assignments found ;
+-----------------+---------------------------------------------------------------------------------------+


+---------------------------------------------------------------------------------------------------+
; Unconstrained Input Ports                                                                         ;
+------------+--------------------------------------------------------------------------------------+
; Input Port ; Comment                                                                              ;
+------------+--------------------------------------------------------------------------------------+
; EN         ; No input delay, min/max delays, false-path exceptions, or max skew assignments found ;
; OPCODE[0]  ; No input delay, min/max delays, false-path exceptions, or max skew assignments found ;
; OPCODE[1]  ; No input delay, min/max delays, false-path exceptions, or max skew assignments found ;
; OPCODE[2]  ; No input delay, min/max delays, false-path exceptions, or max skew assignments found ;
; OPCODE[3]  ; No input delay, min/max delays, false-path exceptions, or max skew assignments found ;
; RST        ; No input delay, min/max delays, false-path exceptions, or max skew assignments found ;
+------------+--------------------------------------------------------------------------------------+


+---------------------------------------------------------------------------------------------------------+
; Unconstrained Output Ports                                                                              ;
+-----------------+---------------------------------------------------------------------------------------+
; Output Port     ; Comment                                                                               ;
+-----------------+---------------------------------------------------------------------------------------+
; ALUCon          ; No output delay, min/max delays, false-path exceptions, or max skew assignments found ;
; ALUOp[1]        ; No output delay, min/max delays, false-path exceptions, or max skew assignments found ;
; ALUOp[2]        ; No output delay, min/max delays, false-path exceptions, or max skew assignments found ;
; ALUSrc          ; No output delay, min/max delays, false-path exceptions, or max skew assignments found ;
; DOUT[0]         ; No output delay, min/max delays, false-path exceptions, or max skew assignments found ;
; DOUT[1]         ; No output delay, min/max delays, false-path exceptions, or max skew assignments found ;
; DOUT[2]         ; No output delay, min/max delays, false-path exceptions, or max skew assignments found ;
; DOUT[3]         ; No output delay, min/max delays, false-path exceptions, or max skew assignments found ;
; DOUT[4]         ; No output delay, min/max delays, false-path exceptions, or max skew assignments found ;
; DOUT[5]         ; No output delay, min/max delays, false-path exceptions, or max skew assignments found ;
; DOUT[6]         ; No output delay, min/max delays, false-path exceptions, or max skew assignments found ;
; DOUT[7]         ; No output delay, min/max delays, false-path exceptions, or max skew assignments found ;
; DOUT[8]         ; No output delay, min/max delays, false-path exceptions, or max skew assignments found ;
; DOUT[9]         ; No output delay, min/max delays, false-path exceptions, or max skew assignments found ;
; DOUT[10]        ; No output delay, min/max delays, false-path exceptions, or max skew assignments found ;
; DOUT[11]        ; No output delay, min/max delays, false-path exceptions, or max skew assignments found ;
; DOUT[12]        ; No output delay, min/max delays, false-path exceptions, or max skew assignments found ;
; DOUT[13]        ; No output delay, min/max delays, false-path exceptions, or max skew assignments found ;
; DOUT[14]        ; No output delay, min/max delays, false-path exceptions, or max skew assignments found ;
; DOUT[15]        ; No output delay, min/max delays, false-path exceptions, or max skew assignments found ;
; INSOUT[0]       ; No output delay, min/max delays, false-path exceptions, or max skew assignments found ;
; INSOUT[1]       ; No output delay, min/max delays, false-path exceptions, or max skew assignments found ;
; INSOUT[2]       ; No output delay, min/max delays, false-path exceptions, or max skew assignments found ;
; INSOUT[3]       ; No output delay, min/max delays, false-path exceptions, or max skew assignments found ;
; INSOUT[4]       ; No output delay, min/max delays, false-path exceptions, or max skew assignments found ;
; INSOUT[5]       ; No output delay, min/max delays, false-path exceptions, or max skew assignments found ;
; INSOUT[6]       ; No output delay, min/max delays, false-path exceptions, or max skew assignments found ;
; INSOUT[7]       ; No output delay, min/max delays, false-path exceptions, or max skew assignments found ;
; INSOUT[8]       ; No output delay, min/max delays, false-path exceptions, or max skew assignments found ;
; INSOUT[9]       ; No output delay, min/max delays, false-path exceptions, or max skew assignments found ;
; INSOUT[10]      ; No output delay, min/max delays, false-path exceptions, or max skew assignments found ;
; INSOUT[11]      ; No output delay, min/max delays, false-path exceptions, or max skew assignments found ;
; INSOUT[12]      ; No output delay, min/max delays, false-path exceptions, or max skew assignments found ;
; INSOUT[13]      ; No output delay, min/max delays, false-path exceptions, or max skew assignments found ;
; INSOUT[14]      ; No output delay, min/max delays, false-path exceptions, or max skew assignments found ;
; INSOUT[15]      ; No output delay, min/max delays, false-path exceptions, or max skew assignments found ;
; JOUT[0]         ; No output delay, min/max delays, false-path exceptions, or max skew assignments found ;
; JOUT[1]         ; No output delay, min/max delays, false-path exceptions, or max skew assignments found ;
; JOUT[2]         ; No output delay, min/max delays, false-path exceptions, or max skew assignments found ;
; JOUT[3]         ; No output delay, min/max delays, false-path exceptions, or max skew assignments found ;
; JOUT[4]         ; No output delay, min/max delays, false-path exceptions, or max skew assignments found ;
; JOUT[5]         ; No output delay, min/max delays, false-path exceptions, or max skew assignments found ;
; JOUT[6]         ; No output delay, min/max delays, false-path exceptions, or max skew assignments found ;
; JOUT[7]         ; No output delay, min/max delays, false-path exceptions, or max skew assignments found ;
; JOUT[8]         ; No output delay, min/max delays, false-path exceptions, or max skew assignments found ;
; JOUT[9]         ; No output delay, min/max delays, false-path exceptions, or max skew assignments found ;
; JOUT[10]        ; No output delay, min/max delays, false-path exceptions, or max skew assignments found ;
; JOUT[11]        ; No output delay, min/max delays, false-path exceptions, or max skew assignments found ;
; JOUT[12]        ; No output delay, min/max delays, false-path exceptions, or max skew assignments found ;
; JOUT[13]        ; No output delay, min/max delays, false-path exceptions, or max skew assignments found ;
; JOUT[14]        ; No output delay, min/max delays, false-path exceptions, or max skew assignments found ;
; JOUT[15]        ; No output delay, min/max delays, false-path exceptions, or max skew assignments found ;
; JUMPMUX_OUT[0]  ; No output delay, min/max delays, false-path exceptions, or max skew assignments found ;
; JUMPMUX_OUT[1]  ; No output delay, min/max delays, false-path exceptions, or max skew assignments found ;
; JUMPMUX_OUT[2]  ; No output delay, min/max delays, false-path exceptions, or max skew assignments found ;
; JUMPMUX_OUT[3]  ; No output delay, min/max delays, false-path exceptions, or max skew assignments found ;
; JUMPMUX_OUT[4]  ; No output delay, min/max delays, false-path exceptions, or max skew assignments found ;
; JUMPMUX_OUT[5]  ; No output delay, min/max delays, false-path exceptions, or max skew assignments found ;
; JUMPMUX_OUT[6]  ; No output delay, min/max delays, false-path exceptions, or max skew assignments found ;
; JUMPMUX_OUT[7]  ; No output delay, min/max delays, false-path exceptions, or max skew assignments found ;
; JUMPMUX_OUT[8]  ; No output delay, min/max delays, false-path exceptions, or max skew assignments found ;
; JUMPMUX_OUT[9]  ; No output delay, min/max delays, false-path exceptions, or max skew assignments found ;
; JUMPMUX_OUT[10] ; No output delay, min/max delays, false-path exceptions, or max skew assignments found ;
; JUMPMUX_OUT[11] ; No output delay, min/max delays, false-path exceptions, or max skew assignments found ;
; JUMPMUX_OUT[12] ; No output delay, min/max delays, false-path exceptions, or max skew assignments found ;
; JUMPMUX_OUT[13] ; No output delay, min/max delays, false-path exceptions, or max skew assignments found ;
; JUMPMUX_OUT[14] ; No output delay, min/max delays, false-path exceptions, or max skew assignments found ;
; JUMPMUX_OUT[15] ; No output delay, min/max delays, false-path exceptions, or max skew assignments found ;
; MemRead         ; No output delay, min/max delays, false-path exceptions, or max skew assignments found ;
; MemWrite        ; No output delay, min/max delays, false-path exceptions, or max skew assignments found ;
; MemtoReg        ; No output delay, min/max delays, false-path exceptions, or max skew assignments found ;
; PCP2[0]         ; No output delay, min/max delays, false-path exceptions, or max skew assignments found ;
; PCP2[1]         ; No output delay, min/max delays, false-path exceptions, or max skew assignments found ;
; PCP2[2]         ; No output delay, min/max delays, false-path exceptions, or max skew assignments found ;
; PCP2[3]         ; No output delay, min/max delays, false-path exceptions, or max skew assignments found ;
; PCP2[4]         ; No output delay, min/max delays, false-path exceptions, or max skew assignments found ;
; PCP2[5]         ; No output delay, min/max delays, false-path exceptions, or max skew assignments found ;
; PCP2[6]         ; No output delay, min/max delays, false-path exceptions, or max skew assignments found ;
; PCP2[7]         ; No output delay, min/max delays, false-path exceptions, or max skew assignments found ;
; PCP2[8]         ; No output delay, min/max delays, false-path exceptions, or max skew assignments found ;
; PCP2[9]         ; No output delay, min/max delays, false-path exceptions, or max skew assignments found ;
; PCP2[10]        ; No output delay, min/max delays, false-path exceptions, or max skew assignments found ;
; PCP2[11]        ; No output delay, min/max delays, false-path exceptions, or max skew assignments found ;
; PCP2[12]        ; No output delay, min/max delays, false-path exceptions, or max skew assignments found ;
; PCP2[13]        ; No output delay, min/max delays, false-path exceptions, or max skew assignments found ;
; PCP2[14]        ; No output delay, min/max delays, false-path exceptions, or max skew assignments found ;
; PCP2[15]        ; No output delay, min/max delays, false-path exceptions, or max skew assignments found ;
; RegDst          ; No output delay, min/max delays, false-path exceptions, or max skew assignments found ;
; RegWrite        ; No output delay, min/max delays, false-path exceptions, or max skew assignments found ;
+-----------------+---------------------------------------------------------------------------------------+


+--------------------------+
; Timing Analyzer Messages ;
+--------------------------+
Info: *******************************************************************
Info: Running Quartus Prime Timing Analyzer
    Info: Version 23.1std.1 Build 993 05/14/2024 SC Lite Edition
    Info: Processing started: Fri Apr 24 23:30:34 2026
Info: Command: quartus_sta Lab8 -c Lab8
Info: qsta_default_script.tcl version: #1
Warning (18236): Number of processors has not been specified which may cause overloading on shared machines.  Set the global assignment NUM_PARALLEL_PROCESSORS in your QSF to an appropriate value for best performance.
Info (20030): Parallel compilation is enabled and will use 16 of the 16 processors detected
Info (21077): Low junction temperature is 0 degrees C
Info (21077): High junction temperature is 85 degrees C
Critical Warning (332012): Synopsys Design Constraints File file not found: 'Lab8.sdc'. A Synopsys Design Constraints File is required by the Timing Analyzer to get proper timing constraints. Without it, the Compiler will not properly optimize the design.
Info (332142): No user constrained base clocks found in the design. Calling "derive_clocks -period 1.0"
Info (332105): Deriving Clocks
    Info (332105): create_clock -period 1.000 -name CLK CLK
Info (332143): No user constrained clock uncertainty found in the design. Calling "derive_clock_uncertainty"
Info (332123): Deriving Clock Uncertainty. Please refer to report_sdc in the Timing Analyzer to see clock uncertainties.
Info: Found TIMING_ANALYZER_REPORT_SCRIPT_INCLUDE_DEFAULT_ANALYSIS = ON
Info: Analyzing Slow 1200mV 85C Model
Critical Warning (332148): Timing requirements not met
    Info (11105): For recommendations on closing timing, run Report Timing Closure Recommendations in the Timing Analyzer.
Info (332146): Worst-case setup slack is -6.519
    Info (332119):     Slack       End Point TNS Clock 
    Info (332119): ========= =================== =====================
    Info (332119):    -6.519             -84.690 CLK 
Info (332146): Worst-case hold slack is 1.122
    Info (332119):     Slack       End Point TNS Clock 
    Info (332119): ========= =================== =====================
    Info (332119):     1.122               0.000 CLK 
Info (332140): No Recovery paths to report
Info (332140): No Removal paths to report
Info (332146): Worst-case minimum pulse width slack is -3.000
    Info (332119):     Slack       End Point TNS Clock 
    Info (332119): ========= =================== =====================
    Info (332119):    -3.000             -23.560 CLK 
Info: Analyzing Slow 1200mV 0C Model
Info (334003): Started post-fitting delay annotation
Info (334004): Delay annotation completed successfully
Info (332123): Deriving Clock Uncertainty. Please refer to report_sdc in the Timing Analyzer to see clock uncertainties.
Critical Warning (332148): Timing requirements not met
    Info (11105): For recommendations on closing timing, run Report Timing Closure Recommendations in the Timing Analyzer.
Info (332146): Worst-case setup slack is -5.886
    Info (332119):     Slack       End Point TNS Clock 
    Info (332119): ========= =================== =====================
    Info (332119):    -5.886             -76.204 CLK 
Info (332146): Worst-case hold slack is 1.017
    Info (332119):     Slack       End Point TNS Clock 
    Info (332119): ========= =================== =====================
    Info (332119):     1.017               0.000 CLK 
Info (332140): No Recovery paths to report
Info (332140): No Removal paths to report
Info (332146): Worst-case minimum pulse width slack is -3.000
    Info (332119):     Slack       End Point TNS Clock 
    Info (332119): ========= =================== =====================
    Info (332119):    -3.000             -23.560 CLK 
Info: Analyzing Fast 1200mV 0C Model
Info (332123): Deriving Clock Uncertainty. Please refer to report_sdc in the Timing Analyzer to see clock uncertainties.
Critical Warning (332148): Timing requirements not met
    Info (11105): For recommendations on closing timing, run Report Timing Closure Recommendations in the Timing Analyzer.
Info (332146): Worst-case setup slack is -2.619
    Info (332119):     Slack       End Point TNS Clock 
    Info (332119): ========= =================== =====================
    Info (332119):    -2.619             -32.429 CLK 
Info (332146): Worst-case hold slack is 0.512
    Info (332119):     Slack       End Point TNS Clock 
    Info (332119): ========= =================== =====================
    Info (332119):     0.512               0.000 CLK 
Info (332140): No Recovery paths to report
Info (332140): No Removal paths to report
Info (332146): Worst-case minimum pulse width slack is -3.000
    Info (332119):     Slack       End Point TNS Clock 
    Info (332119): ========= =================== =====================
    Info (332119):    -3.000             -20.020 CLK 
Info (332102): Design is not fully constrained for setup requirements
Info (332102): Design is not fully constrained for hold requirements
Info: Quartus Prime Timing Analyzer was successful. 0 errors, 5 warnings
    Info: Peak virtual memory: 705 megabytes
    Info: Processing ended: Fri Apr 24 23:30:35 2026
    Info: Elapsed time: 00:00:01
    Info: Total CPU time (on all processors): 00:00:01


