Timing Analyzer report for Lab6
Fri Apr 24 02:00:01 2026
Quartus Prime Version 23.1std.1 Build 993 05/14/2024 SC Lite Edition


---------------------
; Table of Contents ;
---------------------
  1. Legal Notice
  2. Timing Analyzer Summary
  3. Parallel Compilation
  4. Clocks
  5. Slow 1200mV 85C Model Fmax Summary
  6. Timing Closure Recommendations
  7. Slow 1200mV 85C Model Setup Summary
  8. Slow 1200mV 85C Model Hold Summary
  9. Slow 1200mV 85C Model Recovery Summary
 10. Slow 1200mV 85C Model Removal Summary
 11. Slow 1200mV 85C Model Minimum Pulse Width Summary
 12. Slow 1200mV 85C Model Setup: 'ADDR[0]'
 13. Slow 1200mV 85C Model Setup: 'CLK'
 14. Slow 1200mV 85C Model Hold: 'ADDR[0]'
 15. Slow 1200mV 85C Model Hold: 'CLK'
 16. Slow 1200mV 85C Model Metastability Summary
 17. Slow 1200mV 0C Model Fmax Summary
 18. Slow 1200mV 0C Model Setup Summary
 19. Slow 1200mV 0C Model Hold Summary
 20. Slow 1200mV 0C Model Recovery Summary
 21. Slow 1200mV 0C Model Removal Summary
 22. Slow 1200mV 0C Model Minimum Pulse Width Summary
 23. Slow 1200mV 0C Model Setup: 'ADDR[0]'
 24. Slow 1200mV 0C Model Setup: 'CLK'
 25. Slow 1200mV 0C Model Hold: 'ADDR[0]'
 26. Slow 1200mV 0C Model Hold: 'CLK'
 27. Slow 1200mV 0C Model Metastability Summary
 28. Fast 1200mV 0C Model Setup Summary
 29. Fast 1200mV 0C Model Hold Summary
 30. Fast 1200mV 0C Model Recovery Summary
 31. Fast 1200mV 0C Model Removal Summary
 32. Fast 1200mV 0C Model Minimum Pulse Width Summary
 33. Fast 1200mV 0C Model Setup: 'ADDR[0]'
 34. Fast 1200mV 0C Model Setup: 'CLK'
 35. Fast 1200mV 0C Model Hold: 'ADDR[0]'
 36. Fast 1200mV 0C Model Hold: 'CLK'
 37. Fast 1200mV 0C Model Metastability Summary
 38. Multicorner Timing Analysis Summary
 39. Board Trace Model Assignments
 40. Input Transition Times
 41. Signal Integrity Metrics (Slow 1200mv 0c Model)
 42. Signal Integrity Metrics (Slow 1200mv 85c Model)
 43. Signal Integrity Metrics (Fast 1200mv 0c Model)
 44. Setup Transfers
 45. Hold Transfers
 46. Report TCCS
 47. Report RSKM
 48. Unconstrained Paths Summary
 49. Clock Status Summary
 50. Unconstrained Input Ports
 51. Unconstrained Output Ports
 52. Unconstrained Input Ports
 53. Unconstrained Output Ports
 54. Timing Analyzer Messages



----------------
; Legal Notice ;
----------------
Copyright (C) 2024  Intel Corporation. All rights reserved.
Your use of Intel Corporation's design tools, logic functions 
and other software and tools, and any partner logic 
functions, and any output files from any of the foregoing 
(including device programming or simulation files), and any 
associated documentation or information are expressly subject 
to the terms and conditions of the Intel Program License 
Subscription Agreement, the Intel Quartus Prime License Agreement,
the Intel FPGA IP License Agreement, or other applicable license
agreement, including, without limitation, that your use is for
the sole purpose of programming logic devices manufactured by
Intel and sold by Intel or its authorized distributors.  Please
refer to the applicable agreement for further details, at
https://fpgasoftware.intel.com/eula.



+--------------------------------------------------------------------------------+
; Timing Analyzer Summary                                                        ;
+-----------------------+--------------------------------------------------------+
; Quartus Prime Version ; Version 23.1std.1 Build 993 05/14/2024 SC Lite Edition ;
; Timing Analyzer       ; Legacy Timing Analyzer                                 ;
; Revision Name         ; Lab6                                                   ;
; Device Family         ; Cyclone IV E                                           ;
; Device Name           ; EP4CE115F29C7                                          ;
; Timing Models         ; Final                                                  ;
; Delay Model           ; Combined                                               ;
; Rise/Fall Delays      ; Enabled                                                ;
+-----------------------+--------------------------------------------------------+


+------------------------------------------+
; Parallel Compilation                     ;
+----------------------------+-------------+
; Processors                 ; Number      ;
+----------------------------+-------------+
; Number detected on machine ; 16          ;
; Maximum allowed            ; 16          ;
;                            ;             ;
; Average used               ; 1.20        ;
; Maximum used               ; 16          ;
;                            ;             ;
; Usage by Processor         ; % Time Used ;
;     Processor 1            ; 100.0%      ;
;     Processors 2-16        ;   1.3%      ;
+----------------------------+-------------+


+-------------------------------------------------------------------------------------------------------------------------------------------------------------------------------------+
; Clocks                                                                                                                                                                              ;
+------------+------+--------+------------+-------+-------+------------+-----------+-------------+-------+--------+-----------+------------+----------+--------+--------+-------------+
; Clock Name ; Type ; Period ; Frequency  ; Rise  ; Fall  ; Duty Cycle ; Divide by ; Multiply by ; Phase ; Offset ; Edge List ; Edge Shift ; Inverted ; Master ; Source ; Targets     ;
+------------+------+--------+------------+-------+-------+------------+-----------+-------------+-------+--------+-----------+------------+----------+--------+--------+-------------+
; ADDR[0]    ; Base ; 1.000  ; 1000.0 MHz ; 0.000 ; 0.500 ;            ;           ;             ;       ;        ;           ;            ;          ;        ;        ; { ADDR[0] } ;
; CLK        ; Base ; 1.000  ; 1000.0 MHz ; 0.000 ; 0.500 ;            ;           ;             ;       ;        ;           ;            ;          ;        ;        ; { CLK }     ;
+------------+------+--------+------------+-------+-------+------------+-----------+-------------+-------+--------+-----------+------------+----------+--------+--------+-------------+


+-----------------------------------------------------------------------------------------------------------+
; Slow 1200mV 85C Model Fmax Summary                                                                        ;
+------------+-----------------+------------+---------------------------------------------------------------+
; Fmax       ; Restricted Fmax ; Clock Name ; Note                                                          ;
+------------+-----------------+------------+---------------------------------------------------------------+
; 271.15 MHz ; 250.0 MHz       ; ADDR[0]    ; limit due to minimum period restriction (max I/O toggle rate) ;
+------------+-----------------+------------+---------------------------------------------------------------+
This panel reports FMAX for every clock in the design, regardless of the user-specified clock periods.  FMAX is only computed for paths where the source and destination registers or ports are driven by the same clock.  Paths of different clocks, including generated clocks, are ignored.  For paths between a clock and its inversion, FMAX is computed as if the rising and falling edges are scaled along with FMAX, such that the duty cycle (in terms of a percentage) is maintained. Altera recommends that you always use clock constraints and other slack reports for sign-off analysis.


----------------------------------
; Timing Closure Recommendations ;
----------------------------------
HTML report is unavailable in plain text report export.


+-------------------------------------+
; Slow 1200mV 85C Model Setup Summary ;
+---------+--------+------------------+
; Clock   ; Slack  ; End Point TNS    ;
+---------+--------+------------------+
; ADDR[0] ; -4.211 ; -56.501          ;
; CLK     ; -1.922 ; -212.896         ;
+---------+--------+------------------+


+------------------------------------+
; Slow 1200mV 85C Model Hold Summary ;
+---------+--------+-----------------+
; Clock   ; Slack  ; End Point TNS   ;
+---------+--------+-----------------+
; ADDR[0] ; -0.174 ; -0.967          ;
; CLK     ; 1.085  ; 0.000           ;
+---------+--------+-----------------+


------------------------------------------
; Slow 1200mV 85C Model Recovery Summary ;
------------------------------------------
No paths to report.


-----------------------------------------
; Slow 1200mV 85C Model Removal Summary ;
-----------------------------------------
No paths to report.


+---------------------------------------------------+
; Slow 1200mV 85C Model Minimum Pulse Width Summary ;
+---------+--------+--------------------------------+
; Clock   ; Slack  ; End Point TNS                  ;
+---------+--------+--------------------------------+
; CLK     ; -3.000 ; -331.960                       ;
; ADDR[0] ; -3.000 ; -3.000                         ;
+---------+--------+--------------------------------+


+----------------------------------------------------------------------------------------------------------------------------+
; Slow 1200mV 85C Model Setup: 'ADDR[0]'                                                                                     ;
+--------+----------------------------+----------------+--------------+-------------+--------------+------------+------------+
; Slack  ; From Node                  ; To Node        ; Launch Clock ; Latch Clock ; Relationship ; Clock Skew ; Data Delay ;
+--------+----------------------------+----------------+--------------+-------------+--------------+------------+------------+
; -4.211 ; REG8:\reg_gen:12:regs|y[3] ; DOUT[11]$latch ; CLK          ; ADDR[0]     ; 1.000        ; 2.752      ; 7.051      ;
; -4.050 ; REG8:\reg_gen:21:regs|y[6] ; DOUT[14]$latch ; CLK          ; ADDR[0]     ; 1.000        ; 2.744      ; 6.876      ;
; -4.024 ; REG8:\reg_gen:13:regs|y[6] ; DOUT[14]$latch ; CLK          ; ADDR[0]     ; 1.000        ; 2.744      ; 6.850      ;
; -4.003 ; REG8:\reg_gen:22:regs|y[3] ; DOUT[11]$latch ; CLK          ; ADDR[0]     ; 1.000        ; 2.736      ; 6.827      ;
; -3.985 ; REG8:\reg_gen:20:regs|y[3] ; DOUT[11]$latch ; CLK          ; ADDR[0]     ; 1.000        ; 2.750      ; 6.823      ;
; -3.964 ; REG8:\reg_gen:6:regs|y[3]  ; DOUT[11]$latch ; CLK          ; ADDR[0]     ; 1.000        ; 2.736      ; 6.788      ;
; -3.945 ; REG8:\reg_gen:4:regs|y[3]  ; DOUT[11]$latch ; CLK          ; ADDR[0]     ; 1.000        ; 2.750      ; 6.783      ;
; -3.895 ; REG8:\reg_gen:21:regs|y[2] ; DOUT[10]$latch ; CLK          ; ADDR[0]     ; 1.000        ; 2.746      ; 6.904      ;
; -3.895 ; REG8:\reg_gen:9:regs|y[6]  ; DOUT[14]$latch ; CLK          ; ADDR[0]     ; 1.000        ; 2.715      ; 6.692      ;
; -3.894 ; REG8:\reg_gen:21:regs|y[3] ; DOUT[11]$latch ; CLK          ; ADDR[0]     ; 1.000        ; 2.747      ; 6.729      ;
; -3.867 ; REG8:\reg_gen:17:regs|y[2] ; DOUT[10]$latch ; CLK          ; ADDR[0]     ; 1.000        ; 2.743      ; 6.873      ;
; -3.864 ; REG8:\reg_gen:10:regs|y[3] ; DOUT[11]$latch ; CLK          ; ADDR[0]     ; 1.000        ; 2.739      ; 6.691      ;
; -3.858 ; REG8:\reg_gen:1:regs|y[6]  ; DOUT[14]$latch ; CLK          ; ADDR[0]     ; 1.000        ; 2.715      ; 6.655      ;
; -3.850 ; REG8:\reg_gen:19:regs|y[6] ; DOUT[14]$latch ; CLK          ; ADDR[0]     ; 1.000        ; 2.722      ; 6.654      ;
; -3.850 ; REG8:\reg_gen:9:regs|y[2]  ; DOUT[10]$latch ; CLK          ; ADDR[0]     ; 1.000        ; 2.717      ; 6.830      ;
; -3.846 ; REG8:\reg_gen:14:regs|y[3] ; DOUT[11]$latch ; CLK          ; ADDR[0]     ; 1.000        ; 2.300      ; 6.234      ;
; -3.834 ; REG8:\reg_gen:1:regs|y[2]  ; DOUT[10]$latch ; CLK          ; ADDR[0]     ; 1.000        ; 2.717      ; 6.814      ;
; -3.831 ; REG8:\reg_gen:13:regs|y[2] ; DOUT[10]$latch ; CLK          ; ADDR[0]     ; 1.000        ; 2.743      ; 6.837      ;
; -3.829 ; REG8:\reg_gen:13:regs|y[3] ; DOUT[11]$latch ; CLK          ; ADDR[0]     ; 1.000        ; 2.747      ; 6.664      ;
; -3.823 ; REG8:\reg_gen:5:regs|y[6]  ; DOUT[14]$latch ; CLK          ; ADDR[0]     ; 1.000        ; 2.742      ; 6.647      ;
; -3.808 ; REG8:\reg_gen:11:regs|y[6] ; DOUT[14]$latch ; CLK          ; ADDR[0]     ; 1.000        ; 2.726      ; 6.616      ;
; -3.765 ; REG8:\reg_gen:20:regs|y[2] ; DOUT[2]$latch  ; CLK          ; ADDR[0]     ; 1.000        ; 2.751      ; 6.606      ;
; -3.758 ; REG8:\reg_gen:16:regs|y[4] ; DOUT[4]$latch  ; CLK          ; ADDR[0]     ; 1.000        ; 2.327      ; 6.347      ;
; -3.757 ; REG8:\reg_gen:18:regs|y[3] ; DOUT[11]$latch ; CLK          ; ADDR[0]     ; 1.000        ; 2.739      ; 6.584      ;
; -3.754 ; REG8:\reg_gen:10:regs|y[2] ; DOUT[10]$latch ; CLK          ; ADDR[0]     ; 1.000        ; 2.738      ; 6.755      ;
; -3.741 ; REG8:\reg_gen:22:regs|y[2] ; DOUT[10]$latch ; CLK          ; ADDR[0]     ; 1.000        ; 2.735      ; 6.739      ;
; -3.737 ; REG8:\reg_gen:18:regs|y[1] ; DOUT[9]$latch  ; CLK          ; ADDR[0]     ; 1.000        ; 2.747      ; 6.746      ;
; -3.710 ; REG8:\reg_gen:24:regs|y[3] ; DOUT[3]$latch  ; CLK          ; ADDR[0]     ; 1.000        ; 2.734      ; 6.556      ;
; -3.694 ; REG8:\reg_gen:5:regs|y[2]  ; DOUT[10]$latch ; CLK          ; ADDR[0]     ; 1.000        ; 2.744      ; 6.701      ;
; -3.694 ; REG8:\reg_gen:5:regs|y[3]  ; DOUT[11]$latch ; CLK          ; ADDR[0]     ; 1.000        ; 2.745      ; 6.527      ;
; -3.692 ; REG8:\reg_gen:19:regs|y[2] ; DOUT[10]$latch ; CLK          ; ADDR[0]     ; 1.000        ; 2.724      ; 6.679      ;
; -3.664 ; REG8:\reg_gen:26:regs|y[3] ; DOUT[11]$latch ; CLK          ; ADDR[0]     ; 1.000        ; 2.343      ; 6.095      ;
; -3.658 ; REG8:\reg_gen:17:regs|y[6] ; DOUT[14]$latch ; CLK          ; ADDR[0]     ; 1.000        ; 2.717      ; 6.457      ;
; -3.655 ; REG8:\reg_gen:30:regs|y[3] ; DOUT[11]$latch ; CLK          ; ADDR[0]     ; 1.000        ; 2.734      ; 6.477      ;
; -3.649 ; REG8:\reg_gen:3:regs|y[6]  ; DOUT[14]$latch ; CLK          ; ADDR[0]     ; 1.000        ; 2.724      ; 6.455      ;
; -3.638 ; REG8:\reg_gen:2:regs|y[3]  ; DOUT[11]$latch ; CLK          ; ADDR[0]     ; 1.000        ; 2.737      ; 6.463      ;
; -3.604 ; REG8:\reg_gen:17:regs|y[3] ; DOUT[11]$latch ; CLK          ; ADDR[0]     ; 1.000        ; 2.714      ; 6.406      ;
; -3.600 ; REG8:\reg_gen:16:regs|y[2] ; DOUT[2]$latch  ; CLK          ; ADDR[0]     ; 1.000        ; 2.332      ; 6.022      ;
; -3.572 ; REG8:\reg_gen:6:regs|y[2]  ; DOUT[10]$latch ; CLK          ; ADDR[0]     ; 1.000        ; 2.735      ; 6.570      ;
; -3.567 ; REG8:\reg_gen:21:regs|y[5] ; DOUT[13]$latch ; CLK          ; ADDR[0]     ; 1.000        ; 2.747      ; 6.402      ;
; -3.565 ; REG8:\reg_gen:4:regs|y[2]  ; DOUT[2]$latch  ; CLK          ; ADDR[0]     ; 1.000        ; 2.753      ; 6.408      ;
; -3.505 ; REG8:\reg_gen:22:regs|y[1] ; DOUT[9]$latch  ; CLK          ; ADDR[0]     ; 1.000        ; 2.735      ; 6.502      ;
; -3.499 ; REG8:\reg_gen:3:regs|y[2]  ; DOUT[10]$latch ; CLK          ; ADDR[0]     ; 1.000        ; 2.726      ; 6.488      ;
; -3.487 ; REG8:\reg_gen:8:regs|y[3]  ; DOUT[3]$latch  ; CLK          ; ADDR[0]     ; 1.000        ; 2.726      ; 6.325      ;
; -3.485 ; REG8:\reg_gen:30:regs|y[1] ; DOUT[9]$latch  ; CLK          ; ADDR[0]     ; 1.000        ; 2.733      ; 6.480      ;
; -3.482 ; REG8:\reg_gen:22:regs|y[5] ; DOUT[13]$latch ; CLK          ; ADDR[0]     ; 1.000        ; 2.736      ; 6.306      ;
; -3.481 ; REG8:\reg_gen:10:regs|y[5] ; DOUT[13]$latch ; CLK          ; ADDR[0]     ; 1.000        ; 2.739      ; 6.308      ;
; -3.470 ; REG8:\reg_gen:2:regs|y[1]  ; DOUT[9]$latch  ; CLK          ; ADDR[0]     ; 1.000        ; 2.352      ; 6.084      ;
; -3.466 ; REG8:\reg_gen:11:regs|y[3] ; DOUT[11]$latch ; CLK          ; ADDR[0]     ; 1.000        ; 2.729      ; 6.283      ;
; -3.465 ; REG8:\reg_gen:21:regs|y[1] ; DOUT[9]$latch  ; CLK          ; ADDR[0]     ; 1.000        ; 2.746      ; 6.473      ;
; -3.461 ; REG8:\reg_gen:18:regs|y[2] ; DOUT[10]$latch ; CLK          ; ADDR[0]     ; 1.000        ; 2.738      ; 6.462      ;
; -3.458 ; REG8:\reg_gen:24:regs|y[3] ; DOUT[11]$latch ; CLK          ; ADDR[0]     ; 1.000        ; 2.734      ; 6.280      ;
; -3.457 ; REG8:\reg_gen:29:regs|y[6] ; DOUT[14]$latch ; CLK          ; ADDR[0]     ; 1.000        ; 2.742      ; 6.281      ;
; -3.450 ; REG8:\reg_gen:19:regs|y[3] ; DOUT[11]$latch ; CLK          ; ADDR[0]     ; 1.000        ; 2.725      ; 6.263      ;
; -3.447 ; REG8:\reg_gen:28:regs|y[3] ; DOUT[11]$latch ; CLK          ; ADDR[0]     ; 1.000        ; 2.722      ; 6.257      ;
; -3.441 ; REG8:\reg_gen:6:regs|y[5]  ; DOUT[13]$latch ; CLK          ; ADDR[0]     ; 1.000        ; 2.736      ; 6.265      ;
; -3.435 ; REG8:\reg_gen:13:regs|y[1] ; DOUT[9]$latch  ; CLK          ; ADDR[0]     ; 1.000        ; 2.746      ; 6.443      ;
; -3.426 ; REG8:\reg_gen:20:regs|y[2] ; DOUT[10]$latch ; CLK          ; ADDR[0]     ; 1.000        ; 2.749      ; 6.438      ;
; -3.418 ; REG8:\reg_gen:17:regs|y[5] ; DOUT[13]$latch ; CLK          ; ADDR[0]     ; 1.000        ; 2.744      ; 6.250      ;
; -3.399 ; REG8:\reg_gen:20:regs|y[6] ; DOUT[6]$latch  ; CLK          ; ADDR[0]     ; 1.000        ; 2.747      ; 6.228      ;
; -3.393 ; REG8:\reg_gen:9:regs|y[5]  ; DOUT[13]$latch ; CLK          ; ADDR[0]     ; 1.000        ; 2.718      ; 6.199      ;
; -3.389 ; REG8:\reg_gen:9:regs|y[3]  ; DOUT[11]$latch ; CLK          ; ADDR[0]     ; 1.000        ; 2.718      ; 6.195      ;
; -3.382 ; REG8:\reg_gen:16:regs|y[6] ; DOUT[6]$latch  ; CLK          ; ADDR[0]     ; 1.000        ; 2.328      ; 5.792      ;
; -3.377 ; REG8:\reg_gen:5:regs|y[5]  ; DOUT[13]$latch ; CLK          ; ADDR[0]     ; 1.000        ; 2.745      ; 6.210      ;
; -3.376 ; REG8:\reg_gen:22:regs|y[6] ; DOUT[14]$latch ; CLK          ; ADDR[0]     ; 1.000        ; 2.733      ; 6.191      ;
; -3.375 ; REG8:\reg_gen:13:regs|y[5] ; DOUT[13]$latch ; CLK          ; ADDR[0]     ; 1.000        ; 2.744      ; 6.207      ;
; -3.374 ; REG8:\reg_gen:1:regs|y[5]  ; DOUT[13]$latch ; CLK          ; ADDR[0]     ; 1.000        ; 2.718      ; 6.180      ;
; -3.356 ; REG8:\reg_gen:1:regs|y[3]  ; DOUT[11]$latch ; CLK          ; ADDR[0]     ; 1.000        ; 2.718      ; 6.162      ;
; -3.353 ; REG8:\reg_gen:26:regs|y[2] ; DOUT[10]$latch ; CLK          ; ADDR[0]     ; 1.000        ; 2.342      ; 5.958      ;
; -3.352 ; REG8:\reg_gen:12:regs|y[3] ; DOUT[3]$latch  ; CLK          ; ADDR[0]     ; 1.000        ; 2.752      ; 6.216      ;
; -3.347 ; REG8:\reg_gen:24:regs|y[1] ; DOUT[1]$latch  ; CLK          ; ADDR[0]     ; 1.000        ; 2.732      ; 6.018      ;
; -3.346 ; REG8:\reg_gen:6:regs|y[6]  ; DOUT[14]$latch ; CLK          ; ADDR[0]     ; 1.000        ; 2.733      ; 6.161      ;
; -3.340 ; REG8:\reg_gen:11:regs|y[2] ; DOUT[10]$latch ; CLK          ; ADDR[0]     ; 1.000        ; 2.728      ; 6.331      ;
; -3.337 ; REG8:\reg_gen:19:regs|y[5] ; DOUT[13]$latch ; CLK          ; ADDR[0]     ; 1.000        ; 2.725      ; 6.150      ;
; -3.328 ; REG8:\reg_gen:29:regs|y[3] ; DOUT[11]$latch ; CLK          ; ADDR[0]     ; 1.000        ; 2.745      ; 6.161      ;
; -3.327 ; REG8:\reg_gen:29:regs|y[2] ; DOUT[10]$latch ; CLK          ; ADDR[0]     ; 1.000        ; 2.744      ; 6.334      ;
; -3.326 ; REG8:\reg_gen:2:regs|y[2]  ; DOUT[10]$latch ; CLK          ; ADDR[0]     ; 1.000        ; 2.736      ; 6.325      ;
; -3.325 ; REG8:\reg_gen:19:regs|y[1] ; DOUT[1]$latch  ; CLK          ; ADDR[0]     ; 1.000        ; 2.723      ; 5.987      ;
; -3.323 ; REG8:\reg_gen:14:regs|y[5] ; DOUT[13]$latch ; CLK          ; ADDR[0]     ; 1.000        ; 2.300      ; 5.711      ;
; -3.310 ; REG8:\reg_gen:25:regs|y[6] ; DOUT[14]$latch ; CLK          ; ADDR[0]     ; 1.000        ; 2.717      ; 6.109      ;
; -3.309 ; REG8:\reg_gen:6:regs|y[1]  ; DOUT[9]$latch  ; CLK          ; ADDR[0]     ; 1.000        ; 2.735      ; 6.306      ;
; -3.308 ; REG8:\reg_gen:11:regs|y[5] ; DOUT[13]$latch ; CLK          ; ADDR[0]     ; 1.000        ; 2.729      ; 6.125      ;
; -3.293 ; REG8:\reg_gen:12:regs|y[2] ; DOUT[2]$latch  ; CLK          ; ADDR[0]     ; 1.000        ; 2.755      ; 6.138      ;
; -3.285 ; REG8:\reg_gen:16:regs|y[0] ; DOUT[0]$latch  ; CLK          ; ADDR[0]     ; 1.000        ; 2.323      ; 5.871      ;
; -3.283 ; REG8:\reg_gen:27:regs|y[6] ; DOUT[14]$latch ; CLK          ; ADDR[0]     ; 1.000        ; 2.724      ; 6.089      ;
; -3.275 ; REG8:\reg_gen:10:regs|y[1] ; DOUT[9]$latch  ; CLK          ; ADDR[0]     ; 1.000        ; 2.745      ; 6.282      ;
; -3.271 ; REG8:\reg_gen:24:regs|y[5] ; DOUT[13]$latch ; CLK          ; ADDR[0]     ; 1.000        ; 2.734      ; 6.093      ;
; -3.265 ; REG8:\reg_gen:20:regs|y[5] ; DOUT[5]$latch  ; CLK          ; ADDR[0]     ; 1.000        ; 2.750      ; 6.126      ;
; -3.265 ; REG8:\reg_gen:20:regs|y[5] ; DOUT[13]$latch ; CLK          ; ADDR[0]     ; 1.000        ; 2.750      ; 6.103      ;
; -3.262 ; REG8:\reg_gen:3:regs|y[3]  ; DOUT[11]$latch ; CLK          ; ADDR[0]     ; 1.000        ; 2.727      ; 6.077      ;
; -3.252 ; REG8:\reg_gen:10:regs|y[6] ; DOUT[14]$latch ; CLK          ; ADDR[0]     ; 1.000        ; 2.736      ; 6.070      ;
; -3.250 ; REG8:\reg_gen:9:regs|y[4]  ; DOUT[4]$latch  ; CLK          ; ADDR[0]     ; 1.000        ; 2.714      ; 6.226      ;
; -3.247 ; REG8:\reg_gen:16:regs|y[3] ; DOUT[11]$latch ; CLK          ; ADDR[0]     ; 1.000        ; 2.331      ; 5.666      ;
; -3.246 ; REG8:\reg_gen:14:regs|y[2] ; DOUT[10]$latch ; CLK          ; ADDR[0]     ; 1.000        ; 2.299      ; 5.808      ;
; -3.246 ; REG8:\reg_gen:21:regs|y[1] ; DOUT[1]$latch  ; CLK          ; ADDR[0]     ; 1.000        ; 2.745      ; 5.930      ;
; -3.242 ; REG8:\reg_gen:25:regs|y[3] ; DOUT[11]$latch ; CLK          ; ADDR[0]     ; 1.000        ; 2.275      ; 5.605      ;
; -3.239 ; REG8:\reg_gen:5:regs|y[1]  ; DOUT[9]$latch  ; CLK          ; ADDR[0]     ; 1.000        ; 2.744      ; 6.245      ;
; -3.235 ; REG8:\reg_gen:8:regs|y[3]  ; DOUT[11]$latch ; CLK          ; ADDR[0]     ; 1.000        ; 2.726      ; 6.049      ;
; -3.232 ; REG8:\reg_gen:4:regs|y[5]  ; DOUT[5]$latch  ; CLK          ; ADDR[0]     ; 1.000        ; 2.750      ; 6.093      ;
; -3.232 ; REG8:\reg_gen:4:regs|y[5]  ; DOUT[13]$latch ; CLK          ; ADDR[0]     ; 1.000        ; 2.750      ; 6.070      ;
+--------+----------------------------+----------------+--------------+-------------+--------------+------------+------------+


+-----------------------------------------------------------------------------------------------------------------------+
; Slow 1200mV 85C Model Setup: 'CLK'                                                                                    ;
+--------+-----------+----------------------------+--------------+-------------+--------------+------------+------------+
; Slack  ; From Node ; To Node                    ; Launch Clock ; Latch Clock ; Relationship ; Clock Skew ; Data Delay ;
+--------+-----------+----------------------------+--------------+-------------+--------------+------------+------------+
; -1.922 ; ADDR[0]   ; REG8:\reg_gen:18:regs|y[0] ; ADDR[0]      ; CLK         ; 0.500        ; 2.945      ; 5.345      ;
; -1.922 ; ADDR[0]   ; REG8:\reg_gen:18:regs|y[1] ; ADDR[0]      ; CLK         ; 0.500        ; 2.945      ; 5.345      ;
; -1.849 ; ADDR[0]   ; REG8:\reg_gen:30:regs|y[0] ; ADDR[0]      ; CLK         ; 0.500        ; 2.959      ; 5.286      ;
; -1.849 ; ADDR[0]   ; REG8:\reg_gen:30:regs|y[1] ; ADDR[0]      ; CLK         ; 0.500        ; 2.959      ; 5.286      ;
; -1.849 ; ADDR[0]   ; REG8:\reg_gen:30:regs|y[2] ; ADDR[0]      ; CLK         ; 0.500        ; 2.959      ; 5.286      ;
; -1.849 ; ADDR[0]   ; REG8:\reg_gen:30:regs|y[3] ; ADDR[0]      ; CLK         ; 0.500        ; 2.959      ; 5.286      ;
; -1.849 ; ADDR[0]   ; REG8:\reg_gen:30:regs|y[4] ; ADDR[0]      ; CLK         ; 0.500        ; 2.959      ; 5.286      ;
; -1.849 ; ADDR[0]   ; REG8:\reg_gen:30:regs|y[5] ; ADDR[0]      ; CLK         ; 0.500        ; 2.959      ; 5.286      ;
; -1.849 ; ADDR[0]   ; REG8:\reg_gen:30:regs|y[6] ; ADDR[0]      ; CLK         ; 0.500        ; 2.959      ; 5.286      ;
; -1.849 ; ADDR[0]   ; REG8:\reg_gen:30:regs|y[7] ; ADDR[0]      ; CLK         ; 0.500        ; 2.959      ; 5.286      ;
; -1.823 ; ADDR[0]   ; REG8:\reg_gen:10:regs|y[1] ; ADDR[0]      ; CLK         ; 0.500        ; 2.947      ; 5.248      ;
; -1.819 ; ADDR[0]   ; REG8:\reg_gen:6:regs|y[0]  ; ADDR[0]      ; CLK         ; 0.500        ; 2.957      ; 5.254      ;
; -1.819 ; ADDR[0]   ; REG8:\reg_gen:6:regs|y[1]  ; ADDR[0]      ; CLK         ; 0.500        ; 2.957      ; 5.254      ;
; -1.819 ; ADDR[0]   ; REG8:\reg_gen:6:regs|y[2]  ; ADDR[0]      ; CLK         ; 0.500        ; 2.957      ; 5.254      ;
; -1.819 ; ADDR[0]   ; REG8:\reg_gen:6:regs|y[3]  ; ADDR[0]      ; CLK         ; 0.500        ; 2.957      ; 5.254      ;
; -1.819 ; ADDR[0]   ; REG8:\reg_gen:6:regs|y[4]  ; ADDR[0]      ; CLK         ; 0.500        ; 2.957      ; 5.254      ;
; -1.819 ; ADDR[0]   ; REG8:\reg_gen:6:regs|y[5]  ; ADDR[0]      ; CLK         ; 0.500        ; 2.957      ; 5.254      ;
; -1.819 ; ADDR[0]   ; REG8:\reg_gen:6:regs|y[6]  ; ADDR[0]      ; CLK         ; 0.500        ; 2.957      ; 5.254      ;
; -1.819 ; ADDR[0]   ; REG8:\reg_gen:6:regs|y[7]  ; ADDR[0]      ; CLK         ; 0.500        ; 2.957      ; 5.254      ;
; -1.817 ; ADDR[0]   ; REG8:\reg_gen:18:regs|y[2] ; ADDR[0]      ; CLK         ; 0.500        ; 2.954      ; 5.249      ;
; -1.817 ; ADDR[0]   ; REG8:\reg_gen:18:regs|y[3] ; ADDR[0]      ; CLK         ; 0.500        ; 2.954      ; 5.249      ;
; -1.817 ; ADDR[0]   ; REG8:\reg_gen:18:regs|y[4] ; ADDR[0]      ; CLK         ; 0.500        ; 2.954      ; 5.249      ;
; -1.817 ; ADDR[0]   ; REG8:\reg_gen:18:regs|y[5] ; ADDR[0]      ; CLK         ; 0.500        ; 2.954      ; 5.249      ;
; -1.817 ; ADDR[0]   ; REG8:\reg_gen:18:regs|y[6] ; ADDR[0]      ; CLK         ; 0.500        ; 2.954      ; 5.249      ;
; -1.817 ; ADDR[0]   ; REG8:\reg_gen:18:regs|y[7] ; ADDR[0]      ; CLK         ; 0.500        ; 2.954      ; 5.249      ;
; -1.813 ; ADDR[0]   ; REG8:\reg_gen:8:regs|y[7]  ; ADDR[0]      ; CLK         ; 0.500        ; 2.968      ; 5.259      ;
; -1.813 ; ADDR[0]   ; REG8:\reg_gen:24:regs|y[0] ; ADDR[0]      ; CLK         ; 0.500        ; 2.958      ; 5.249      ;
; -1.813 ; ADDR[0]   ; REG8:\reg_gen:24:regs|y[1] ; ADDR[0]      ; CLK         ; 0.500        ; 2.958      ; 5.249      ;
; -1.813 ; ADDR[0]   ; REG8:\reg_gen:24:regs|y[2] ; ADDR[0]      ; CLK         ; 0.500        ; 2.958      ; 5.249      ;
; -1.813 ; ADDR[0]   ; REG8:\reg_gen:24:regs|y[3] ; ADDR[0]      ; CLK         ; 0.500        ; 2.958      ; 5.249      ;
; -1.813 ; ADDR[0]   ; REG8:\reg_gen:24:regs|y[4] ; ADDR[0]      ; CLK         ; 0.500        ; 2.958      ; 5.249      ;
; -1.813 ; ADDR[0]   ; REG8:\reg_gen:24:regs|y[5] ; ADDR[0]      ; CLK         ; 0.500        ; 2.958      ; 5.249      ;
; -1.813 ; ADDR[0]   ; REG8:\reg_gen:24:regs|y[6] ; ADDR[0]      ; CLK         ; 0.500        ; 2.958      ; 5.249      ;
; -1.813 ; ADDR[0]   ; REG8:\reg_gen:24:regs|y[7] ; ADDR[0]      ; CLK         ; 0.500        ; 2.958      ; 5.249      ;
; -1.804 ; ADDR[0]   ; REG8:\reg_gen:2:regs|y[2]  ; ADDR[0]      ; CLK         ; 0.500        ; 2.956      ; 5.238      ;
; -1.804 ; ADDR[0]   ; REG8:\reg_gen:2:regs|y[3]  ; ADDR[0]      ; CLK         ; 0.500        ; 2.956      ; 5.238      ;
; -1.804 ; ADDR[0]   ; REG8:\reg_gen:2:regs|y[4]  ; ADDR[0]      ; CLK         ; 0.500        ; 2.956      ; 5.238      ;
; -1.804 ; ADDR[0]   ; REG8:\reg_gen:2:regs|y[5]  ; ADDR[0]      ; CLK         ; 0.500        ; 2.956      ; 5.238      ;
; -1.804 ; ADDR[0]   ; REG8:\reg_gen:2:regs|y[6]  ; ADDR[0]      ; CLK         ; 0.500        ; 2.956      ; 5.238      ;
; -1.804 ; ADDR[0]   ; REG8:\reg_gen:2:regs|y[7]  ; ADDR[0]      ; CLK         ; 0.500        ; 2.956      ; 5.238      ;
; -1.798 ; ADDR[0]   ; REG8:\reg_gen:22:regs|y[0] ; ADDR[0]      ; CLK         ; 0.500        ; 2.957      ; 5.233      ;
; -1.798 ; ADDR[0]   ; REG8:\reg_gen:22:regs|y[1] ; ADDR[0]      ; CLK         ; 0.500        ; 2.957      ; 5.233      ;
; -1.798 ; ADDR[0]   ; REG8:\reg_gen:22:regs|y[2] ; ADDR[0]      ; CLK         ; 0.500        ; 2.957      ; 5.233      ;
; -1.798 ; ADDR[0]   ; REG8:\reg_gen:22:regs|y[3] ; ADDR[0]      ; CLK         ; 0.500        ; 2.957      ; 5.233      ;
; -1.798 ; ADDR[0]   ; REG8:\reg_gen:22:regs|y[4] ; ADDR[0]      ; CLK         ; 0.500        ; 2.957      ; 5.233      ;
; -1.798 ; ADDR[0]   ; REG8:\reg_gen:22:regs|y[5] ; ADDR[0]      ; CLK         ; 0.500        ; 2.957      ; 5.233      ;
; -1.798 ; ADDR[0]   ; REG8:\reg_gen:22:regs|y[6] ; ADDR[0]      ; CLK         ; 0.500        ; 2.957      ; 5.233      ;
; -1.798 ; ADDR[0]   ; REG8:\reg_gen:22:regs|y[7] ; ADDR[0]      ; CLK         ; 0.500        ; 2.957      ; 5.233      ;
; -1.793 ; ADDR[0]   ; REG8:\reg_gen:8:regs|y[0]  ; ADDR[0]      ; CLK         ; 0.500        ; 2.966      ; 5.237      ;
; -1.793 ; ADDR[0]   ; REG8:\reg_gen:8:regs|y[1]  ; ADDR[0]      ; CLK         ; 0.500        ; 2.966      ; 5.237      ;
; -1.793 ; ADDR[0]   ; REG8:\reg_gen:8:regs|y[2]  ; ADDR[0]      ; CLK         ; 0.500        ; 2.966      ; 5.237      ;
; -1.793 ; ADDR[0]   ; REG8:\reg_gen:8:regs|y[3]  ; ADDR[0]      ; CLK         ; 0.500        ; 2.966      ; 5.237      ;
; -1.793 ; ADDR[0]   ; REG8:\reg_gen:8:regs|y[4]  ; ADDR[0]      ; CLK         ; 0.500        ; 2.966      ; 5.237      ;
; -1.793 ; ADDR[0]   ; REG8:\reg_gen:8:regs|y[5]  ; ADDR[0]      ; CLK         ; 0.500        ; 2.966      ; 5.237      ;
; -1.793 ; ADDR[0]   ; REG8:\reg_gen:8:regs|y[6]  ; ADDR[0]      ; CLK         ; 0.500        ; 2.966      ; 5.237      ;
; -1.785 ; ADDR[0]   ; REG8:\reg_gen:12:regs|y[0] ; ADDR[0]      ; CLK         ; 0.500        ; 2.942      ; 5.205      ;
; -1.785 ; ADDR[0]   ; REG8:\reg_gen:12:regs|y[1] ; ADDR[0]      ; CLK         ; 0.500        ; 2.942      ; 5.205      ;
; -1.785 ; ADDR[0]   ; REG8:\reg_gen:12:regs|y[3] ; ADDR[0]      ; CLK         ; 0.500        ; 2.942      ; 5.205      ;
; -1.785 ; ADDR[0]   ; REG8:\reg_gen:12:regs|y[4] ; ADDR[0]      ; CLK         ; 0.500        ; 2.942      ; 5.205      ;
; -1.785 ; ADDR[0]   ; REG8:\reg_gen:12:regs|y[5] ; ADDR[0]      ; CLK         ; 0.500        ; 2.942      ; 5.205      ;
; -1.780 ; ADDR[0]   ; REG8:\reg_gen:10:regs|y[0] ; ADDR[0]      ; CLK         ; 0.500        ; 2.954      ; 5.212      ;
; -1.780 ; ADDR[0]   ; REG8:\reg_gen:10:regs|y[2] ; ADDR[0]      ; CLK         ; 0.500        ; 2.954      ; 5.212      ;
; -1.780 ; ADDR[0]   ; REG8:\reg_gen:10:regs|y[3] ; ADDR[0]      ; CLK         ; 0.500        ; 2.954      ; 5.212      ;
; -1.780 ; ADDR[0]   ; REG8:\reg_gen:10:regs|y[4] ; ADDR[0]      ; CLK         ; 0.500        ; 2.954      ; 5.212      ;
; -1.780 ; ADDR[0]   ; REG8:\reg_gen:10:regs|y[5] ; ADDR[0]      ; CLK         ; 0.500        ; 2.954      ; 5.212      ;
; -1.780 ; ADDR[0]   ; REG8:\reg_gen:10:regs|y[6] ; ADDR[0]      ; CLK         ; 0.500        ; 2.954      ; 5.212      ;
; -1.780 ; ADDR[0]   ; REG8:\reg_gen:10:regs|y[7] ; ADDR[0]      ; CLK         ; 0.500        ; 2.954      ; 5.212      ;
; -1.760 ; ADDR[0]   ; REG8:\reg_gen:12:regs|y[2] ; ADDR[0]      ; CLK         ; 0.500        ; 2.940      ; 5.178      ;
; -1.760 ; ADDR[0]   ; REG8:\reg_gen:12:regs|y[6] ; ADDR[0]      ; CLK         ; 0.500        ; 2.940      ; 5.178      ;
; -1.760 ; ADDR[0]   ; REG8:\reg_gen:12:regs|y[7] ; ADDR[0]      ; CLK         ; 0.500        ; 2.940      ; 5.178      ;
; -1.719 ; ADDR[0]   ; REG8:\reg_gen:28:regs|y[3] ; ADDR[0]      ; CLK         ; 0.500        ; 2.970      ; 5.167      ;
; -1.677 ; ADDR[0]   ; REG8:\reg_gen:26:regs|y[0] ; ADDR[0]      ; CLK         ; 0.500        ; 2.953      ; 5.108      ;
; -1.667 ; ADDR[0]   ; REG8:\reg_gen:28:regs|y[2] ; ADDR[0]      ; CLK         ; 0.500        ; 2.940      ; 5.085      ;
; -1.667 ; ADDR[0]   ; REG8:\reg_gen:28:regs|y[4] ; ADDR[0]      ; CLK         ; 0.500        ; 2.940      ; 5.085      ;
; -1.667 ; ADDR[0]   ; REG8:\reg_gen:28:regs|y[6] ; ADDR[0]      ; CLK         ; 0.500        ; 2.940      ; 5.085      ;
; -1.667 ; ADDR[0]   ; REG8:\reg_gen:28:regs|y[7] ; ADDR[0]      ; CLK         ; 0.500        ; 2.940      ; 5.085      ;
; -1.661 ; ADDR[0]   ; REG8:\reg_gen:4:regs|y[0]  ; ADDR[0]      ; CLK         ; 0.500        ; 2.944      ; 5.083      ;
; -1.661 ; ADDR[0]   ; REG8:\reg_gen:4:regs|y[1]  ; ADDR[0]      ; CLK         ; 0.500        ; 2.944      ; 5.083      ;
; -1.661 ; ADDR[0]   ; REG8:\reg_gen:4:regs|y[3]  ; ADDR[0]      ; CLK         ; 0.500        ; 2.944      ; 5.083      ;
; -1.661 ; ADDR[0]   ; REG8:\reg_gen:4:regs|y[5]  ; ADDR[0]      ; CLK         ; 0.500        ; 2.944      ; 5.083      ;
; -1.660 ; ADDR[0]   ; REG8:\reg_gen:4:regs|y[2]  ; ADDR[0]      ; CLK         ; 0.500        ; 2.942      ; 5.080      ;
; -1.660 ; ADDR[0]   ; REG8:\reg_gen:4:regs|y[4]  ; ADDR[0]      ; CLK         ; 0.500        ; 2.942      ; 5.080      ;
; -1.660 ; ADDR[0]   ; REG8:\reg_gen:4:regs|y[6]  ; ADDR[0]      ; CLK         ; 0.500        ; 2.942      ; 5.080      ;
; -1.660 ; ADDR[0]   ; REG8:\reg_gen:4:regs|y[7]  ; ADDR[0]      ; CLK         ; 0.500        ; 2.942      ; 5.080      ;
; -1.652 ; ADDR[0]   ; REG8:\reg_gen:20:regs|y[0] ; ADDR[0]      ; CLK         ; 0.500        ; 2.944      ; 5.074      ;
; -1.652 ; ADDR[0]   ; REG8:\reg_gen:20:regs|y[1] ; ADDR[0]      ; CLK         ; 0.500        ; 2.944      ; 5.074      ;
; -1.652 ; ADDR[0]   ; REG8:\reg_gen:20:regs|y[2] ; ADDR[0]      ; CLK         ; 0.500        ; 2.944      ; 5.074      ;
; -1.652 ; ADDR[0]   ; REG8:\reg_gen:20:regs|y[3] ; ADDR[0]      ; CLK         ; 0.500        ; 2.944      ; 5.074      ;
; -1.652 ; ADDR[0]   ; REG8:\reg_gen:20:regs|y[4] ; ADDR[0]      ; CLK         ; 0.500        ; 2.944      ; 5.074      ;
; -1.652 ; ADDR[0]   ; REG8:\reg_gen:20:regs|y[5] ; ADDR[0]      ; CLK         ; 0.500        ; 2.944      ; 5.074      ;
; -1.652 ; ADDR[0]   ; REG8:\reg_gen:20:regs|y[6] ; ADDR[0]      ; CLK         ; 0.500        ; 2.944      ; 5.074      ;
; -1.652 ; ADDR[0]   ; REG8:\reg_gen:20:regs|y[7] ; ADDR[0]      ; CLK         ; 0.500        ; 2.944      ; 5.074      ;
; -1.581 ; ADDR[0]   ; REG8:\reg_gen:16:regs|y[1] ; ADDR[0]      ; CLK         ; 0.500        ; 3.349      ; 5.408      ;
; -1.581 ; ADDR[0]   ; REG8:\reg_gen:16:regs|y[5] ; ADDR[0]      ; CLK         ; 0.500        ; 3.349      ; 5.408      ;
; -1.563 ; ADDR[0]   ; REG8:\reg_gen:2:regs|y[0]  ; ADDR[0]      ; CLK         ; 0.500        ; 3.369      ; 5.410      ;
; -1.487 ; ADDR[0]   ; REG8:\reg_gen:26:regs|y[2] ; ADDR[0]      ; CLK         ; 0.500        ; 3.335      ; 5.300      ;
; -1.487 ; ADDR[0]   ; REG8:\reg_gen:26:regs|y[3] ; ADDR[0]      ; CLK         ; 0.500        ; 3.335      ; 5.300      ;
; -1.487 ; ADDR[0]   ; REG8:\reg_gen:26:regs|y[4] ; ADDR[0]      ; CLK         ; 0.500        ; 3.335      ; 5.300      ;
; -1.487 ; ADDR[0]   ; REG8:\reg_gen:26:regs|y[5] ; ADDR[0]      ; CLK         ; 0.500        ; 3.335      ; 5.300      ;
; -1.487 ; ADDR[0]   ; REG8:\reg_gen:26:regs|y[6] ; ADDR[0]      ; CLK         ; 0.500        ; 3.335      ; 5.300      ;
+--------+-----------+----------------------------+--------------+-------------+--------------+------------+------------+


+----------------------------------------------------------------------------------------------------------------------------+
; Slow 1200mV 85C Model Hold: 'ADDR[0]'                                                                                      ;
+--------+----------------------------+----------------+--------------+-------------+--------------+------------+------------+
; Slack  ; From Node                  ; To Node        ; Launch Clock ; Latch Clock ; Relationship ; Clock Skew ; Data Delay ;
+--------+----------------------------+----------------+--------------+-------------+--------------+------------+------------+
; -0.174 ; ADDR[0]                    ; DOUT[4]$latch  ; ADDR[0]      ; ADDR[0]     ; 0.000        ; 6.023      ; 5.849      ;
; -0.147 ; ADDR[0]                    ; DOUT[8]$latch  ; ADDR[0]      ; ADDR[0]     ; 0.000        ; 6.017      ; 5.870      ;
; -0.144 ; ADDR[0]                    ; DOUT[7]$latch  ; ADDR[0]      ; ADDR[0]     ; 0.000        ; 6.019      ; 5.875      ;
; -0.143 ; ADDR[0]                    ; DOUT[15]$latch ; ADDR[0]      ; ADDR[0]     ; 0.000        ; 6.020      ; 5.877      ;
; -0.128 ; ADDR[0]                    ; DOUT[13]$latch ; ADDR[0]      ; ADDR[0]     ; 0.000        ; 6.027      ; 5.899      ;
; -0.115 ; ADDR[0]                    ; DOUT[1]$latch  ; ADDR[0]      ; ADDR[0]     ; 0.000        ; 6.026      ; 5.911      ;
; -0.067 ; ADDR[0]                    ; DOUT[3]$latch  ; ADDR[0]      ; ADDR[0]     ; 0.000        ; 6.027      ; 5.960      ;
; -0.049 ; ADDR[0]                    ; DOUT[2]$latch  ; ADDR[0]      ; ADDR[0]     ; 0.000        ; 6.028      ; 5.979      ;
; 0.007  ; ADDR[0]                    ; DOUT[11]$latch ; ADDR[0]      ; ADDR[0]     ; 0.000        ; 6.027      ; 6.034      ;
; 0.036  ; ADDR[0]                    ; DOUT[5]$latch  ; ADDR[0]      ; ADDR[0]     ; 0.000        ; 6.027      ; 6.063      ;
; 0.054  ; ADDR[0]                    ; DOUT[12]$latch ; ADDR[0]      ; ADDR[0]     ; 0.000        ; 6.022      ; 6.076      ;
; 0.086  ; ADDR[0]                    ; DOUT[6]$latch  ; ADDR[0]      ; ADDR[0]     ; 0.000        ; 6.025      ; 6.111      ;
; 0.087  ; ADDR[0]                    ; DOUT[14]$latch ; ADDR[0]      ; ADDR[0]     ; 0.000        ; 6.024      ; 6.111      ;
; 0.106  ; ADDR[0]                    ; DOUT[9]$latch  ; ADDR[0]      ; ADDR[0]     ; 0.000        ; 6.026      ; 6.132      ;
; 0.118  ; ADDR[0]                    ; DOUT[10]$latch ; ADDR[0]      ; ADDR[0]     ; 0.000        ; 6.026      ; 6.144      ;
; 0.310  ; REG8:\reg_gen:30:regs|y[3] ; DOUT[3]$latch  ; CLK          ; ADDR[0]     ; 0.000        ; 3.068      ; 3.418      ;
; 0.353  ; ADDR[0]                    ; DOUT[4]$latch  ; ADDR[0]      ; ADDR[0]     ; -0.500       ; 6.023      ; 5.896      ;
; 0.390  ; ADDR[0]                    ; DOUT[8]$latch  ; ADDR[0]      ; ADDR[0]     ; -0.500       ; 6.017      ; 5.927      ;
; 0.433  ; ADDR[0]                    ; DOUT[1]$latch  ; ADDR[0]      ; ADDR[0]     ; -0.500       ; 6.026      ; 5.979      ;
; 0.434  ; ADDR[0]                    ; DOUT[13]$latch ; ADDR[0]      ; ADDR[0]     ; -0.500       ; 6.027      ; 5.981      ;
; 0.436  ; ADDR[0]                    ; DOUT[15]$latch ; ADDR[0]      ; ADDR[0]     ; -0.500       ; 6.020      ; 5.976      ;
; 0.468  ; ADDR[0]                    ; DOUT[2]$latch  ; ADDR[0]      ; ADDR[0]     ; -0.500       ; 6.028      ; 6.016      ;
; 0.479  ; ADDR[0]                    ; DOUT[7]$latch  ; ADDR[0]      ; ADDR[0]     ; -0.500       ; 6.019      ; 6.018      ;
; 0.514  ; ADDR[0]                    ; DOUT[3]$latch  ; ADDR[0]      ; ADDR[0]     ; -0.500       ; 6.027      ; 6.061      ;
; 0.523  ; ADDR[0]                    ; DOUT[0]$latch  ; ADDR[0]      ; ADDR[0]     ; 0.000        ; 6.019      ; 6.542      ;
; 0.548  ; ADDR[0]                    ; DOUT[12]$latch ; ADDR[0]      ; ADDR[0]     ; -0.500       ; 6.022      ; 6.090      ;
; 0.554  ; ADDR[0]                    ; DOUT[14]$latch ; ADDR[0]      ; ADDR[0]     ; -0.500       ; 6.024      ; 6.098      ;
; 0.586  ; ADDR[0]                    ; DOUT[5]$latch  ; ADDR[0]      ; ADDR[0]     ; -0.500       ; 6.027      ; 6.133      ;
; 0.592  ; ADDR[0]                    ; DOUT[11]$latch ; ADDR[0]      ; ADDR[0]     ; -0.500       ; 6.027      ; 6.139      ;
; 0.608  ; ADDR[0]                    ; DOUT[10]$latch ; ADDR[0]      ; ADDR[0]     ; -0.500       ; 6.026      ; 6.154      ;
; 0.614  ; REG8:\reg_gen:7:regs|y[3]  ; DOUT[3]$latch  ; CLK          ; ADDR[0]     ; 0.000        ; 3.062      ; 3.716      ;
; 0.626  ; REG8:\reg_gen:15:regs|y[3] ; DOUT[3]$latch  ; CLK          ; ADDR[0]     ; 0.000        ; 2.661      ; 3.327      ;
; 0.643  ; ADDR[0]                    ; DOUT[9]$latch  ; ADDR[0]      ; ADDR[0]     ; -0.500       ; 6.026      ; 6.189      ;
; 0.667  ; ADDR[0]                    ; DOUT[6]$latch  ; ADDR[0]      ; ADDR[0]     ; -0.500       ; 6.025      ; 6.212      ;
; 0.675  ; REG8:\reg_gen:27:regs|y[2] ; DOUT[2]$latch  ; CLK          ; ADDR[0]     ; 0.000        ; 3.065      ; 3.780      ;
; 0.821  ; REG8:\reg_gen:23:regs|y[3] ; DOUT[3]$latch  ; CLK          ; ADDR[0]     ; 0.000        ; 3.060      ; 3.921      ;
; 0.908  ; REG8:\reg_gen:31:regs|y[5] ; DOUT[13]$latch ; CLK          ; ADDR[0]     ; 0.000        ; 3.054      ; 4.002      ;
; 0.926  ; REG8:\reg_gen:31:regs|y[1] ; DOUT[9]$latch  ; CLK          ; ADDR[0]     ; 0.000        ; 3.053      ; 4.019      ;
; 0.933  ; REG8:\reg_gen:30:regs|y[4] ; DOUT[4]$latch  ; CLK          ; ADDR[0]     ; 0.000        ; 3.064      ; 4.037      ;
; 0.950  ; REG8:\reg_gen:14:regs|y[1] ; DOUT[1]$latch  ; CLK          ; ADDR[0]     ; 0.000        ; 2.638      ; 3.628      ;
; 0.950  ; REG8:\reg_gen:11:regs|y[2] ; DOUT[2]$latch  ; CLK          ; ADDR[0]     ; 0.000        ; 3.065      ; 4.055      ;
; 0.994  ; REG8:\reg_gen:30:regs|y[6] ; DOUT[6]$latch  ; CLK          ; ADDR[0]     ; 0.000        ; 3.066      ; 4.100      ;
; 0.995  ; REG8:\reg_gen:31:regs|y[0] ; DOUT[8]$latch  ; CLK          ; ADDR[0]     ; 0.000        ; 3.044      ; 4.079      ;
; 0.996  ; REG8:\reg_gen:27:regs|y[0] ; DOUT[0]$latch  ; CLK          ; ADDR[0]     ; 0.000        ; 3.054      ; 4.090      ;
; 1.023  ; REG8:\reg_gen:31:regs|y[4] ; DOUT[12]$latch ; CLK          ; ADDR[0]     ; 0.000        ; 3.049      ; 4.112      ;
; 1.034  ; REG8:\reg_gen:26:regs|y[1] ; DOUT[1]$latch  ; CLK          ; ADDR[0]     ; 0.000        ; 2.670      ; 3.744      ;
; 1.055  ; ADDR[0]                    ; DOUT[0]$latch  ; ADDR[0]      ; ADDR[0]     ; -0.500       ; 6.019      ; 6.594      ;
; 1.074  ; REG8:\reg_gen:30:regs|y[2] ; DOUT[2]$latch  ; CLK          ; ADDR[0]     ; 0.000        ; 3.069      ; 4.183      ;
; 1.090  ; REG8:\reg_gen:31:regs|y[2] ; DOUT[10]$latch ; CLK          ; ADDR[0]     ; 0.000        ; 3.053      ; 4.183      ;
; 1.106  ; REG8:\reg_gen:30:regs|y[7] ; DOUT[7]$latch  ; CLK          ; ADDR[0]     ; 0.000        ; 3.060      ; 4.206      ;
; 1.120  ; REG8:\reg_gen:7:regs|y[4]  ; DOUT[4]$latch  ; CLK          ; ADDR[0]     ; 0.000        ; 3.058      ; 4.218      ;
; 1.148  ; REG8:\reg_gen:3:regs|y[2]  ; DOUT[2]$latch  ; CLK          ; ADDR[0]     ; 0.000        ; 3.063      ; 4.251      ;
; 1.162  ; REG8:\reg_gen:27:regs|y[7] ; DOUT[7]$latch  ; CLK          ; ADDR[0]     ; 0.000        ; 3.054      ; 4.256      ;
; 1.171  ; REG8:\reg_gen:7:regs|y[1]  ; DOUT[1]$latch  ; CLK          ; ADDR[0]     ; 0.000        ; 3.059      ; 4.270      ;
; 1.183  ; REG8:\reg_gen:7:regs|y[7]  ; DOUT[7]$latch  ; CLK          ; ADDR[0]     ; 0.000        ; 3.054      ; 4.277      ;
; 1.191  ; REG8:\reg_gen:30:regs|y[5] ; DOUT[5]$latch  ; CLK          ; ADDR[0]     ; 0.000        ; 3.068      ; 4.299      ;
; 1.196  ; REG8:\reg_gen:25:regs|y[7] ; DOUT[7]$latch  ; CLK          ; ADDR[0]     ; 0.000        ; 3.046      ; 4.282      ;
; 1.242  ; REG8:\reg_gen:23:regs|y[1] ; DOUT[1]$latch  ; CLK          ; ADDR[0]     ; 0.000        ; 3.059      ; 4.341      ;
; 1.272  ; REG8:\reg_gen:27:regs|y[4] ; DOUT[4]$latch  ; CLK          ; ADDR[0]     ; 0.000        ; 2.645      ; 3.957      ;
; 1.287  ; REG8:\reg_gen:30:regs|y[1] ; DOUT[1]$latch  ; CLK          ; ADDR[0]     ; 0.000        ; 3.067      ; 4.394      ;
; 1.291  ; REG8:\reg_gen:27:regs|y[3] ; DOUT[3]$latch  ; CLK          ; ADDR[0]     ; 0.000        ; 3.062      ; 4.393      ;
; 1.293  ; REG8:\reg_gen:7:regs|y[2]  ; DOUT[2]$latch  ; CLK          ; ADDR[0]     ; 0.000        ; 3.061      ; 4.394      ;
; 1.293  ; REG8:\reg_gen:29:regs|y[7] ; DOUT[7]$latch  ; CLK          ; ADDR[0]     ; 0.000        ; 3.071      ; 4.404      ;
; 1.301  ; REG8:\reg_gen:27:regs|y[5] ; DOUT[5]$latch  ; CLK          ; ADDR[0]     ; 0.000        ; 3.062      ; 4.403      ;
; 1.304  ; REG8:\reg_gen:26:regs|y[0] ; DOUT[0]$latch  ; CLK          ; ADDR[0]     ; 0.000        ; 3.066      ; 4.410      ;
; 1.306  ; REG8:\reg_gen:30:regs|y[0] ; DOUT[0]$latch  ; CLK          ; ADDR[0]     ; 0.000        ; 3.060      ; 4.406      ;
; 1.309  ; REG8:\reg_gen:23:regs|y[2] ; DOUT[2]$latch  ; CLK          ; ADDR[0]     ; 0.000        ; 3.061      ; 4.410      ;
; 1.322  ; REG8:\reg_gen:7:regs|y[5]  ; DOUT[5]$latch  ; CLK          ; ADDR[0]     ; 0.000        ; 3.062      ; 4.424      ;
; 1.330  ; REG8:\reg_gen:31:regs|y[3] ; DOUT[11]$latch ; CLK          ; ADDR[0]     ; 0.000        ; 3.049      ; 4.419      ;
; 1.330  ; REG8:\reg_gen:23:regs|y[4] ; DOUT[4]$latch  ; CLK          ; ADDR[0]     ; 0.000        ; 3.056      ; 4.426      ;
; 1.338  ; REG8:\reg_gen:3:regs|y[0]  ; DOUT[0]$latch  ; CLK          ; ADDR[0]     ; 0.000        ; 3.054      ; 4.432      ;
; 1.359  ; REG8:\reg_gen:7:regs|y[0]  ; DOUT[0]$latch  ; CLK          ; ADDR[0]     ; 0.000        ; 3.054      ; 4.453      ;
; 1.361  ; REG8:\reg_gen:7:regs|y[6]  ; DOUT[6]$latch  ; CLK          ; ADDR[0]     ; 0.000        ; 3.058      ; 4.459      ;
; 1.377  ; REG8:\reg_gen:19:regs|y[2] ; DOUT[2]$latch  ; CLK          ; ADDR[0]     ; 0.000        ; 3.061      ; 4.478      ;
; 1.408  ; REG8:\reg_gen:27:regs|y[6] ; DOUT[6]$latch  ; CLK          ; ADDR[0]     ; 0.000        ; 3.060      ; 4.508      ;
; 1.411  ; REG8:\reg_gen:31:regs|y[7] ; DOUT[15]$latch ; CLK          ; ADDR[0]     ; 0.000        ; 2.639      ; 4.090      ;
; 1.416  ; REG8:\reg_gen:23:regs|y[7] ; DOUT[7]$latch  ; CLK          ; ADDR[0]     ; 0.000        ; 3.052      ; 4.508      ;
; 1.427  ; REG8:\reg_gen:15:regs|y[6] ; DOUT[14]$latch ; CLK          ; ADDR[0]     ; 0.000        ; 2.640      ; 4.107      ;
; 1.432  ; REG8:\reg_gen:23:regs|y[6] ; DOUT[6]$latch  ; CLK          ; ADDR[0]     ; 0.000        ; 3.058      ; 4.530      ;
; 1.436  ; REG8:\reg_gen:15:regs|y[2] ; DOUT[2]$latch  ; CLK          ; ADDR[0]     ; 0.000        ; 2.622      ; 4.098      ;
; 1.448  ; REG8:\reg_gen:2:regs|y[4]  ; DOUT[4]$latch  ; CLK          ; ADDR[0]     ; 0.000        ; 3.067      ; 4.555      ;
; 1.452  ; REG8:\reg_gen:0:regs|y[7]  ; DOUT[7]$latch  ; CLK          ; ADDR[0]     ; 0.000        ; 3.051      ; 4.543      ;
; 1.488  ; REG8:\reg_gen:26:regs|y[4] ; DOUT[4]$latch  ; CLK          ; ADDR[0]     ; 0.000        ; 2.688      ; 4.216      ;
; 1.489  ; REG8:\reg_gen:14:regs|y[6] ; DOUT[6]$latch  ; CLK          ; ADDR[0]     ; 0.000        ; 2.650      ; 4.179      ;
; 1.501  ; REG8:\reg_gen:3:regs|y[7]  ; DOUT[7]$latch  ; CLK          ; ADDR[0]     ; 0.000        ; 3.054      ; 4.595      ;
; 1.504  ; REG8:\reg_gen:28:regs|y[7] ; DOUT[15]$latch ; CLK          ; ADDR[0]     ; 0.000        ; 3.080      ; 4.624      ;
; 1.513  ; REG8:\reg_gen:11:regs|y[0] ; DOUT[0]$latch  ; CLK          ; ADDR[0]     ; 0.000        ; 3.056      ; 4.609      ;
; 1.516  ; REG8:\reg_gen:25:regs|y[2] ; DOUT[2]$latch  ; CLK          ; ADDR[0]     ; 0.000        ; 3.066      ; 4.622      ;
; 1.517  ; REG8:\reg_gen:25:regs|y[1] ; DOUT[1]$latch  ; CLK          ; ADDR[0]     ; 0.000        ; 3.053      ; 4.610      ;
; 1.519  ; REG8:\reg_gen:6:regs|y[1]  ; DOUT[1]$latch  ; CLK          ; ADDR[0]     ; 0.000        ; 3.069      ; 4.628      ;
; 1.520  ; REG8:\reg_gen:15:regs|y[6] ; DOUT[6]$latch  ; CLK          ; ADDR[0]     ; 0.000        ; 2.641      ; 4.201      ;
; 1.523  ; REG8:\reg_gen:25:regs|y[5] ; DOUT[5]$latch  ; CLK          ; ADDR[0]     ; 0.000        ; 2.670      ; 4.233      ;
; 1.525  ; REG8:\reg_gen:23:regs|y[5] ; DOUT[5]$latch  ; CLK          ; ADDR[0]     ; 0.000        ; 3.060      ; 4.625      ;
; 1.540  ; REG8:\reg_gen:15:regs|y[4] ; DOUT[4]$latch  ; CLK          ; ADDR[0]     ; 0.000        ; 2.611      ; 4.191      ;
; 1.540  ; REG8:\reg_gen:11:regs|y[4] ; DOUT[4]$latch  ; CLK          ; ADDR[0]     ; 0.000        ; 3.060      ; 4.640      ;
; 1.543  ; REG8:\reg_gen:19:regs|y[0] ; DOUT[0]$latch  ; CLK          ; ADDR[0]     ; 0.000        ; 3.052      ; 4.635      ;
; 1.555  ; REG8:\reg_gen:29:regs|y[5] ; DOUT[5]$latch  ; CLK          ; ADDR[0]     ; 0.000        ; 2.638      ; 4.233      ;
; 1.560  ; REG8:\reg_gen:27:regs|y[0] ; DOUT[8]$latch  ; CLK          ; ADDR[0]     ; 0.000        ; 3.052      ; 4.652      ;
; 1.564  ; REG8:\reg_gen:2:regs|y[6]  ; DOUT[6]$latch  ; CLK          ; ADDR[0]     ; 0.000        ; 3.069      ; 4.673      ;
; 1.587  ; REG8:\reg_gen:27:regs|y[1] ; DOUT[9]$latch  ; CLK          ; ADDR[0]     ; 0.000        ; 3.063      ; 4.690      ;
+--------+----------------------------+----------------+--------------+-------------+--------------+------------+------------+


+----------------------------------------------------------------------------------------------------------------------+
; Slow 1200mV 85C Model Hold: 'CLK'                                                                                    ;
+-------+-----------+----------------------------+--------------+-------------+--------------+------------+------------+
; Slack ; From Node ; To Node                    ; Launch Clock ; Latch Clock ; Relationship ; Clock Skew ; Data Delay ;
+-------+-----------+----------------------------+--------------+-------------+--------------+------------+------------+
; 1.085 ; ADDR[0]   ; REG8:\reg_gen:26:regs|y[1] ; ADDR[0]      ; CLK         ; 0.000        ; 3.485      ; 4.796      ;
; 1.106 ; ADDR[0]   ; REG8:\reg_gen:14:regs|y[1] ; ADDR[0]      ; CLK         ; 0.000        ; 3.518      ; 4.850      ;
; 1.122 ; ADDR[0]   ; REG8:\reg_gen:14:regs|y[0] ; ADDR[0]      ; CLK         ; 0.000        ; 3.505      ; 4.853      ;
; 1.122 ; ADDR[0]   ; REG8:\reg_gen:14:regs|y[2] ; ADDR[0]      ; CLK         ; 0.000        ; 3.505      ; 4.853      ;
; 1.122 ; ADDR[0]   ; REG8:\reg_gen:14:regs|y[3] ; ADDR[0]      ; CLK         ; 0.000        ; 3.505      ; 4.853      ;
; 1.122 ; ADDR[0]   ; REG8:\reg_gen:14:regs|y[4] ; ADDR[0]      ; CLK         ; 0.000        ; 3.505      ; 4.853      ;
; 1.122 ; ADDR[0]   ; REG8:\reg_gen:14:regs|y[5] ; ADDR[0]      ; CLK         ; 0.000        ; 3.505      ; 4.853      ;
; 1.122 ; ADDR[0]   ; REG8:\reg_gen:14:regs|y[6] ; ADDR[0]      ; CLK         ; 0.000        ; 3.505      ; 4.853      ;
; 1.122 ; ADDR[0]   ; REG8:\reg_gen:14:regs|y[7] ; ADDR[0]      ; CLK         ; 0.000        ; 3.505      ; 4.853      ;
; 1.161 ; ADDR[0]   ; REG8:\reg_gen:16:regs|y[0] ; ADDR[0]      ; CLK         ; 0.000        ; 3.474      ; 4.861      ;
; 1.161 ; ADDR[0]   ; REG8:\reg_gen:16:regs|y[2] ; ADDR[0]      ; CLK         ; 0.000        ; 3.474      ; 4.861      ;
; 1.161 ; ADDR[0]   ; REG8:\reg_gen:16:regs|y[3] ; ADDR[0]      ; CLK         ; 0.000        ; 3.474      ; 4.861      ;
; 1.161 ; ADDR[0]   ; REG8:\reg_gen:16:regs|y[4] ; ADDR[0]      ; CLK         ; 0.000        ; 3.474      ; 4.861      ;
; 1.161 ; ADDR[0]   ; REG8:\reg_gen:16:regs|y[6] ; ADDR[0]      ; CLK         ; 0.000        ; 3.474      ; 4.861      ;
; 1.161 ; ADDR[0]   ; REG8:\reg_gen:16:regs|y[7] ; ADDR[0]      ; CLK         ; 0.000        ; 3.474      ; 4.861      ;
; 1.186 ; ADDR[0]   ; REG8:\reg_gen:28:regs|y[0] ; ADDR[0]      ; CLK         ; 0.000        ; 3.511      ; 4.923      ;
; 1.186 ; ADDR[0]   ; REG8:\reg_gen:28:regs|y[1] ; ADDR[0]      ; CLK         ; 0.000        ; 3.511      ; 4.923      ;
; 1.186 ; ADDR[0]   ; REG8:\reg_gen:28:regs|y[5] ; ADDR[0]      ; CLK         ; 0.000        ; 3.511      ; 4.923      ;
; 1.295 ; ADDR[0]   ; REG8:\reg_gen:2:regs|y[1]  ; ADDR[0]      ; CLK         ; 0.000        ; 3.452      ; 4.973      ;
; 1.314 ; ADDR[0]   ; REG8:\reg_gen:0:regs|y[0]  ; ADDR[0]      ; CLK         ; 0.000        ; 3.081      ; 4.621      ;
; 1.314 ; ADDR[0]   ; REG8:\reg_gen:0:regs|y[1]  ; ADDR[0]      ; CLK         ; 0.000        ; 3.081      ; 4.621      ;
; 1.314 ; ADDR[0]   ; REG8:\reg_gen:0:regs|y[2]  ; ADDR[0]      ; CLK         ; 0.000        ; 3.081      ; 4.621      ;
; 1.314 ; ADDR[0]   ; REG8:\reg_gen:0:regs|y[3]  ; ADDR[0]      ; CLK         ; 0.000        ; 3.081      ; 4.621      ;
; 1.314 ; ADDR[0]   ; REG8:\reg_gen:0:regs|y[4]  ; ADDR[0]      ; CLK         ; 0.000        ; 3.081      ; 4.621      ;
; 1.314 ; ADDR[0]   ; REG8:\reg_gen:0:regs|y[5]  ; ADDR[0]      ; CLK         ; 0.000        ; 3.081      ; 4.621      ;
; 1.314 ; ADDR[0]   ; REG8:\reg_gen:0:regs|y[6]  ; ADDR[0]      ; CLK         ; 0.000        ; 3.081      ; 4.621      ;
; 1.314 ; ADDR[0]   ; REG8:\reg_gen:0:regs|y[7]  ; ADDR[0]      ; CLK         ; 0.000        ; 3.081      ; 4.621      ;
; 1.318 ; ADDR[0]   ; REG8:\reg_gen:26:regs|y[2] ; ADDR[0]      ; CLK         ; 0.000        ; 3.462      ; 5.006      ;
; 1.318 ; ADDR[0]   ; REG8:\reg_gen:26:regs|y[3] ; ADDR[0]      ; CLK         ; 0.000        ; 3.462      ; 5.006      ;
; 1.318 ; ADDR[0]   ; REG8:\reg_gen:26:regs|y[4] ; ADDR[0]      ; CLK         ; 0.000        ; 3.462      ; 5.006      ;
; 1.318 ; ADDR[0]   ; REG8:\reg_gen:26:regs|y[5] ; ADDR[0]      ; CLK         ; 0.000        ; 3.462      ; 5.006      ;
; 1.318 ; ADDR[0]   ; REG8:\reg_gen:26:regs|y[6] ; ADDR[0]      ; CLK         ; 0.000        ; 3.462      ; 5.006      ;
; 1.318 ; ADDR[0]   ; REG8:\reg_gen:26:regs|y[7] ; ADDR[0]      ; CLK         ; 0.000        ; 3.462      ; 5.006      ;
; 1.319 ; ADDR[0]   ; REG8:\reg_gen:16:regs|y[1] ; ADDR[0]      ; CLK         ; 0.000        ; 3.478      ; 5.023      ;
; 1.319 ; ADDR[0]   ; REG8:\reg_gen:16:regs|y[5] ; ADDR[0]      ; CLK         ; 0.000        ; 3.478      ; 5.023      ;
; 1.372 ; ADDR[0]   ; REG8:\reg_gen:2:regs|y[0]  ; ADDR[0]      ; CLK         ; 0.000        ; 3.498      ; 5.096      ;
; 1.542 ; ADDR[0]   ; REG8:\reg_gen:8:regs|y[0]  ; ADDR[0]      ; CLK         ; 0.000        ; 3.079      ; 4.847      ;
; 1.542 ; ADDR[0]   ; REG8:\reg_gen:8:regs|y[1]  ; ADDR[0]      ; CLK         ; 0.000        ; 3.079      ; 4.847      ;
; 1.542 ; ADDR[0]   ; REG8:\reg_gen:8:regs|y[2]  ; ADDR[0]      ; CLK         ; 0.000        ; 3.079      ; 4.847      ;
; 1.542 ; ADDR[0]   ; REG8:\reg_gen:8:regs|y[3]  ; ADDR[0]      ; CLK         ; 0.000        ; 3.079      ; 4.847      ;
; 1.542 ; ADDR[0]   ; REG8:\reg_gen:8:regs|y[4]  ; ADDR[0]      ; CLK         ; 0.000        ; 3.079      ; 4.847      ;
; 1.542 ; ADDR[0]   ; REG8:\reg_gen:8:regs|y[5]  ; ADDR[0]      ; CLK         ; 0.000        ; 3.079      ; 4.847      ;
; 1.542 ; ADDR[0]   ; REG8:\reg_gen:8:regs|y[6]  ; ADDR[0]      ; CLK         ; 0.000        ; 3.079      ; 4.847      ;
; 1.545 ; ADDR[0]   ; REG8:\reg_gen:28:regs|y[2] ; ADDR[0]      ; CLK         ; 0.000        ; 3.051      ; 4.822      ;
; 1.545 ; ADDR[0]   ; REG8:\reg_gen:28:regs|y[4] ; ADDR[0]      ; CLK         ; 0.000        ; 3.051      ; 4.822      ;
; 1.545 ; ADDR[0]   ; REG8:\reg_gen:28:regs|y[6] ; ADDR[0]      ; CLK         ; 0.000        ; 3.051      ; 4.822      ;
; 1.545 ; ADDR[0]   ; REG8:\reg_gen:28:regs|y[7] ; ADDR[0]      ; CLK         ; 0.000        ; 3.051      ; 4.822      ;
; 1.548 ; ADDR[0]   ; REG8:\reg_gen:4:regs|y[2]  ; ADDR[0]      ; CLK         ; 0.000        ; 3.053      ; 4.827      ;
; 1.548 ; ADDR[0]   ; REG8:\reg_gen:4:regs|y[4]  ; ADDR[0]      ; CLK         ; 0.000        ; 3.053      ; 4.827      ;
; 1.548 ; ADDR[0]   ; REG8:\reg_gen:4:regs|y[6]  ; ADDR[0]      ; CLK         ; 0.000        ; 3.053      ; 4.827      ;
; 1.548 ; ADDR[0]   ; REG8:\reg_gen:4:regs|y[7]  ; ADDR[0]      ; CLK         ; 0.000        ; 3.053      ; 4.827      ;
; 1.550 ; ADDR[0]   ; REG8:\reg_gen:4:regs|y[0]  ; ADDR[0]      ; CLK         ; 0.000        ; 3.055      ; 4.831      ;
; 1.550 ; ADDR[0]   ; REG8:\reg_gen:4:regs|y[1]  ; ADDR[0]      ; CLK         ; 0.000        ; 3.055      ; 4.831      ;
; 1.550 ; ADDR[0]   ; REG8:\reg_gen:4:regs|y[3]  ; ADDR[0]      ; CLK         ; 0.000        ; 3.055      ; 4.831      ;
; 1.550 ; ADDR[0]   ; REG8:\reg_gen:4:regs|y[5]  ; ADDR[0]      ; CLK         ; 0.000        ; 3.055      ; 4.831      ;
; 1.558 ; ADDR[0]   ; REG8:\reg_gen:26:regs|y[0] ; ADDR[0]      ; CLK         ; 0.000        ; 3.065      ; 4.849      ;
; 1.561 ; ADDR[0]   ; REG8:\reg_gen:8:regs|y[7]  ; ADDR[0]      ; CLK         ; 0.000        ; 3.081      ; 4.868      ;
; 1.561 ; ADDR[0]   ; REG8:\reg_gen:20:regs|y[0] ; ADDR[0]      ; CLK         ; 0.000        ; 3.055      ; 4.842      ;
; 1.561 ; ADDR[0]   ; REG8:\reg_gen:20:regs|y[1] ; ADDR[0]      ; CLK         ; 0.000        ; 3.055      ; 4.842      ;
; 1.561 ; ADDR[0]   ; REG8:\reg_gen:20:regs|y[2] ; ADDR[0]      ; CLK         ; 0.000        ; 3.055      ; 4.842      ;
; 1.561 ; ADDR[0]   ; REG8:\reg_gen:20:regs|y[3] ; ADDR[0]      ; CLK         ; 0.000        ; 3.055      ; 4.842      ;
; 1.561 ; ADDR[0]   ; REG8:\reg_gen:20:regs|y[4] ; ADDR[0]      ; CLK         ; 0.000        ; 3.055      ; 4.842      ;
; 1.561 ; ADDR[0]   ; REG8:\reg_gen:20:regs|y[5] ; ADDR[0]      ; CLK         ; 0.000        ; 3.055      ; 4.842      ;
; 1.561 ; ADDR[0]   ; REG8:\reg_gen:20:regs|y[6] ; ADDR[0]      ; CLK         ; 0.000        ; 3.055      ; 4.842      ;
; 1.561 ; ADDR[0]   ; REG8:\reg_gen:20:regs|y[7] ; ADDR[0]      ; CLK         ; 0.000        ; 3.055      ; 4.842      ;
; 1.610 ; ADDR[0]   ; REG8:\reg_gen:28:regs|y[3] ; ADDR[0]      ; CLK         ; 0.000        ; 3.083      ; 4.919      ;
; 1.646 ; ADDR[0]   ; REG8:\reg_gen:2:regs|y[2]  ; ADDR[0]      ; CLK         ; 0.000        ; 3.068      ; 4.940      ;
; 1.646 ; ADDR[0]   ; REG8:\reg_gen:2:regs|y[3]  ; ADDR[0]      ; CLK         ; 0.000        ; 3.068      ; 4.940      ;
; 1.646 ; ADDR[0]   ; REG8:\reg_gen:2:regs|y[4]  ; ADDR[0]      ; CLK         ; 0.000        ; 3.068      ; 4.940      ;
; 1.646 ; ADDR[0]   ; REG8:\reg_gen:2:regs|y[5]  ; ADDR[0]      ; CLK         ; 0.000        ; 3.068      ; 4.940      ;
; 1.646 ; ADDR[0]   ; REG8:\reg_gen:2:regs|y[6]  ; ADDR[0]      ; CLK         ; 0.000        ; 3.068      ; 4.940      ;
; 1.646 ; ADDR[0]   ; REG8:\reg_gen:2:regs|y[7]  ; ADDR[0]      ; CLK         ; 0.000        ; 3.068      ; 4.940      ;
; 1.682 ; ADDR[0]   ; REG8:\reg_gen:10:regs|y[0] ; ADDR[0]      ; CLK         ; 0.000        ; 3.066      ; 4.974      ;
; 1.682 ; ADDR[0]   ; REG8:\reg_gen:10:regs|y[2] ; ADDR[0]      ; CLK         ; 0.000        ; 3.066      ; 4.974      ;
; 1.682 ; ADDR[0]   ; REG8:\reg_gen:10:regs|y[3] ; ADDR[0]      ; CLK         ; 0.000        ; 3.066      ; 4.974      ;
; 1.682 ; ADDR[0]   ; REG8:\reg_gen:10:regs|y[4] ; ADDR[0]      ; CLK         ; 0.000        ; 3.066      ; 4.974      ;
; 1.682 ; ADDR[0]   ; REG8:\reg_gen:10:regs|y[5] ; ADDR[0]      ; CLK         ; 0.000        ; 3.066      ; 4.974      ;
; 1.682 ; ADDR[0]   ; REG8:\reg_gen:10:regs|y[6] ; ADDR[0]      ; CLK         ; 0.000        ; 3.066      ; 4.974      ;
; 1.682 ; ADDR[0]   ; REG8:\reg_gen:10:regs|y[7] ; ADDR[0]      ; CLK         ; 0.000        ; 3.066      ; 4.974      ;
; 1.686 ; ADDR[0]   ; REG8:\reg_gen:10:regs|y[1] ; ADDR[0]      ; CLK         ; 0.000        ; 3.059      ; 4.971      ;
; 1.691 ; ADDR[0]   ; REG8:\reg_gen:24:regs|y[0] ; ADDR[0]      ; CLK         ; 0.000        ; 3.071      ; 4.988      ;
; 1.691 ; ADDR[0]   ; REG8:\reg_gen:24:regs|y[1] ; ADDR[0]      ; CLK         ; 0.000        ; 3.071      ; 4.988      ;
; 1.691 ; ADDR[0]   ; REG8:\reg_gen:24:regs|y[2] ; ADDR[0]      ; CLK         ; 0.000        ; 3.071      ; 4.988      ;
; 1.691 ; ADDR[0]   ; REG8:\reg_gen:24:regs|y[3] ; ADDR[0]      ; CLK         ; 0.000        ; 3.071      ; 4.988      ;
; 1.691 ; ADDR[0]   ; REG8:\reg_gen:24:regs|y[4] ; ADDR[0]      ; CLK         ; 0.000        ; 3.071      ; 4.988      ;
; 1.691 ; ADDR[0]   ; REG8:\reg_gen:24:regs|y[5] ; ADDR[0]      ; CLK         ; 0.000        ; 3.071      ; 4.988      ;
; 1.691 ; ADDR[0]   ; REG8:\reg_gen:24:regs|y[6] ; ADDR[0]      ; CLK         ; 0.000        ; 3.071      ; 4.988      ;
; 1.691 ; ADDR[0]   ; REG8:\reg_gen:24:regs|y[7] ; ADDR[0]      ; CLK         ; 0.000        ; 3.071      ; 4.988      ;
; 1.694 ; ADDR[0]   ; REG8:\reg_gen:14:regs|y[1] ; ADDR[0]      ; CLK         ; -0.500       ; 3.518      ; 4.938      ;
; 1.710 ; ADDR[0]   ; REG8:\reg_gen:12:regs|y[0] ; ADDR[0]      ; CLK         ; 0.000        ; 3.053      ; 4.989      ;
; 1.710 ; ADDR[0]   ; REG8:\reg_gen:12:regs|y[1] ; ADDR[0]      ; CLK         ; 0.000        ; 3.053      ; 4.989      ;
; 1.710 ; ADDR[0]   ; REG8:\reg_gen:12:regs|y[3] ; ADDR[0]      ; CLK         ; 0.000        ; 3.053      ; 4.989      ;
; 1.710 ; ADDR[0]   ; REG8:\reg_gen:12:regs|y[4] ; ADDR[0]      ; CLK         ; 0.000        ; 3.053      ; 4.989      ;
; 1.710 ; ADDR[0]   ; REG8:\reg_gen:12:regs|y[5] ; ADDR[0]      ; CLK         ; 0.000        ; 3.053      ; 4.989      ;
; 1.710 ; ADDR[0]   ; REG8:\reg_gen:14:regs|y[0] ; ADDR[0]      ; CLK         ; -0.500       ; 3.505      ; 4.941      ;
; 1.710 ; ADDR[0]   ; REG8:\reg_gen:14:regs|y[2] ; ADDR[0]      ; CLK         ; -0.500       ; 3.505      ; 4.941      ;
; 1.710 ; ADDR[0]   ; REG8:\reg_gen:14:regs|y[3] ; ADDR[0]      ; CLK         ; -0.500       ; 3.505      ; 4.941      ;
; 1.710 ; ADDR[0]   ; REG8:\reg_gen:14:regs|y[4] ; ADDR[0]      ; CLK         ; -0.500       ; 3.505      ; 4.941      ;
; 1.710 ; ADDR[0]   ; REG8:\reg_gen:14:regs|y[5] ; ADDR[0]      ; CLK         ; -0.500       ; 3.505      ; 4.941      ;
; 1.710 ; ADDR[0]   ; REG8:\reg_gen:14:regs|y[6] ; ADDR[0]      ; CLK         ; -0.500       ; 3.505      ; 4.941      ;
+-------+-----------+----------------------------+--------------+-------------+--------------+------------+------------+


-----------------------------------------------
; Slow 1200mV 85C Model Metastability Summary ;
-----------------------------------------------
No synchronizer chains to report.


+-----------------------------------------------------------------------------------------------------------+
; Slow 1200mV 0C Model Fmax Summary                                                                         ;
+------------+-----------------+------------+---------------------------------------------------------------+
; Fmax       ; Restricted Fmax ; Clock Name ; Note                                                          ;
+------------+-----------------+------------+---------------------------------------------------------------+
; 297.09 MHz ; 250.0 MHz       ; ADDR[0]    ; limit due to minimum period restriction (max I/O toggle rate) ;
+------------+-----------------+------------+---------------------------------------------------------------+
This panel reports FMAX for every clock in the design, regardless of the user-specified clock periods.  FMAX is only computed for paths where the source and destination registers or ports are driven by the same clock.  Paths of different clocks, including generated clocks, are ignored.  For paths between a clock and its inversion, FMAX is computed as if the rising and falling edges are scaled along with FMAX, such that the duty cycle (in terms of a percentage) is maintained. Altera recommends that you always use clock constraints and other slack reports for sign-off analysis.


+------------------------------------+
; Slow 1200mV 0C Model Setup Summary ;
+---------+--------+-----------------+
; Clock   ; Slack  ; End Point TNS   ;
+---------+--------+-----------------+
; ADDR[0] ; -3.915 ; -52.102         ;
; CLK     ; -1.780 ; -194.914        ;
+---------+--------+-----------------+


+-----------------------------------+
; Slow 1200mV 0C Model Hold Summary ;
+---------+--------+----------------+
; Clock   ; Slack  ; End Point TNS  ;
+---------+--------+----------------+
; ADDR[0] ; -0.120 ; -0.439         ;
; CLK     ; 1.047  ; 0.000          ;
+---------+--------+----------------+


-----------------------------------------
; Slow 1200mV 0C Model Recovery Summary ;
-----------------------------------------
No paths to report.


----------------------------------------
; Slow 1200mV 0C Model Removal Summary ;
----------------------------------------
No paths to report.


+--------------------------------------------------+
; Slow 1200mV 0C Model Minimum Pulse Width Summary ;
+---------+--------+-------------------------------+
; Clock   ; Slack  ; End Point TNS                 ;
+---------+--------+-------------------------------+
; CLK     ; -3.000 ; -331.960                      ;
; ADDR[0] ; -3.000 ; -3.000                        ;
+---------+--------+-------------------------------+


+----------------------------------------------------------------------------------------------------------------------------+
; Slow 1200mV 0C Model Setup: 'ADDR[0]'                                                                                      ;
+--------+----------------------------+----------------+--------------+-------------+--------------+------------+------------+
; Slack  ; From Node                  ; To Node        ; Launch Clock ; Latch Clock ; Relationship ; Clock Skew ; Data Delay ;
+--------+----------------------------+----------------+--------------+-------------+--------------+------------+------------+
; -3.915 ; REG8:\reg_gen:12:regs|y[3] ; DOUT[11]$latch ; CLK          ; ADDR[0]     ; 1.000        ; 2.509      ; 6.597      ;
; -3.726 ; REG8:\reg_gen:21:regs|y[6] ; DOUT[14]$latch ; CLK          ; ADDR[0]     ; 1.000        ; 2.502      ; 6.396      ;
; -3.686 ; REG8:\reg_gen:22:regs|y[3] ; DOUT[11]$latch ; CLK          ; ADDR[0]     ; 1.000        ; 2.494      ; 6.353      ;
; -3.676 ; REG8:\reg_gen:6:regs|y[3]  ; DOUT[11]$latch ; CLK          ; ADDR[0]     ; 1.000        ; 2.494      ; 6.343      ;
; -3.670 ; REG8:\reg_gen:20:regs|y[3] ; DOUT[11]$latch ; CLK          ; ADDR[0]     ; 1.000        ; 2.507      ; 6.350      ;
; -3.666 ; REG8:\reg_gen:13:regs|y[6] ; DOUT[14]$latch ; CLK          ; ADDR[0]     ; 1.000        ; 2.502      ; 6.336      ;
; -3.658 ; REG8:\reg_gen:4:regs|y[3]  ; DOUT[11]$latch ; CLK          ; ADDR[0]     ; 1.000        ; 2.507      ; 6.338      ;
; -3.599 ; REG8:\reg_gen:21:regs|y[2] ; DOUT[10]$latch ; CLK          ; ADDR[0]     ; 1.000        ; 2.504      ; 6.421      ;
; -3.591 ; REG8:\reg_gen:21:regs|y[3] ; DOUT[11]$latch ; CLK          ; ADDR[0]     ; 1.000        ; 2.505      ; 6.269      ;
; -3.584 ; REG8:\reg_gen:9:regs|y[6]  ; DOUT[14]$latch ; CLK          ; ADDR[0]     ; 1.000        ; 2.477      ; 6.229      ;
; -3.574 ; REG8:\reg_gen:1:regs|y[6]  ; DOUT[14]$latch ; CLK          ; ADDR[0]     ; 1.000        ; 2.477      ; 6.219      ;
; -3.566 ; REG8:\reg_gen:10:regs|y[3] ; DOUT[11]$latch ; CLK          ; ADDR[0]     ; 1.000        ; 2.497      ; 6.236      ;
; -3.560 ; REG8:\reg_gen:19:regs|y[6] ; DOUT[14]$latch ; CLK          ; ADDR[0]     ; 1.000        ; 2.479      ; 6.207      ;
; -3.554 ; REG8:\reg_gen:14:regs|y[3] ; DOUT[11]$latch ; CLK          ; ADDR[0]     ; 1.000        ; 2.092      ; 5.819      ;
; -3.539 ; REG8:\reg_gen:9:regs|y[2]  ; DOUT[10]$latch ; CLK          ; ADDR[0]     ; 1.000        ; 2.479      ; 6.336      ;
; -3.528 ; REG8:\reg_gen:1:regs|y[2]  ; DOUT[10]$latch ; CLK          ; ADDR[0]     ; 1.000        ; 2.479      ; 6.325      ;
; -3.525 ; REG8:\reg_gen:5:regs|y[6]  ; DOUT[14]$latch ; CLK          ; ADDR[0]     ; 1.000        ; 2.500      ; 6.193      ;
; -3.523 ; REG8:\reg_gen:17:regs|y[2] ; DOUT[10]$latch ; CLK          ; ADDR[0]     ; 1.000        ; 2.500      ; 6.341      ;
; -3.514 ; REG8:\reg_gen:13:regs|y[3] ; DOUT[11]$latch ; CLK          ; ADDR[0]     ; 1.000        ; 2.505      ; 6.192      ;
; -3.510 ; REG8:\reg_gen:22:regs|y[2] ; DOUT[10]$latch ; CLK          ; ADDR[0]     ; 1.000        ; 2.493      ; 6.321      ;
; -3.506 ; REG8:\reg_gen:13:regs|y[2] ; DOUT[10]$latch ; CLK          ; ADDR[0]     ; 1.000        ; 2.500      ; 6.324      ;
; -3.500 ; REG8:\reg_gen:10:regs|y[2] ; DOUT[10]$latch ; CLK          ; ADDR[0]     ; 1.000        ; 2.496      ; 6.314      ;
; -3.499 ; REG8:\reg_gen:20:regs|y[2] ; DOUT[2]$latch  ; CLK          ; ADDR[0]     ; 1.000        ; 2.508      ; 6.182      ;
; -3.497 ; REG8:\reg_gen:18:regs|y[3] ; DOUT[11]$latch ; CLK          ; ADDR[0]     ; 1.000        ; 2.497      ; 6.167      ;
; -3.489 ; REG8:\reg_gen:16:regs|y[4] ; DOUT[4]$latch  ; CLK          ; ADDR[0]     ; 1.000        ; 2.125      ; 5.931      ;
; -3.469 ; REG8:\reg_gen:11:regs|y[6] ; DOUT[14]$latch ; CLK          ; ADDR[0]     ; 1.000        ; 2.484      ; 6.121      ;
; -3.459 ; REG8:\reg_gen:24:regs|y[3] ; DOUT[3]$latch  ; CLK          ; ADDR[0]     ; 1.000        ; 2.495      ; 6.137      ;
; -3.453 ; REG8:\reg_gen:19:regs|y[2] ; DOUT[10]$latch ; CLK          ; ADDR[0]     ; 1.000        ; 2.481      ; 6.252      ;
; -3.423 ; REG8:\reg_gen:18:regs|y[1] ; DOUT[9]$latch  ; CLK          ; ADDR[0]     ; 1.000        ; 2.505      ; 6.245      ;
; -3.423 ; REG8:\reg_gen:5:regs|y[2]  ; DOUT[10]$latch ; CLK          ; ADDR[0]     ; 1.000        ; 2.502      ; 6.243      ;
; -3.415 ; REG8:\reg_gen:5:regs|y[3]  ; DOUT[11]$latch ; CLK          ; ADDR[0]     ; 1.000        ; 2.503      ; 6.091      ;
; -3.390 ; REG8:\reg_gen:26:regs|y[3] ; DOUT[11]$latch ; CLK          ; ADDR[0]     ; 1.000        ; 2.135      ; 5.698      ;
; -3.384 ; REG8:\reg_gen:30:regs|y[3] ; DOUT[11]$latch ; CLK          ; ADDR[0]     ; 1.000        ; 2.492      ; 6.049      ;
; -3.375 ; REG8:\reg_gen:3:regs|y[6]  ; DOUT[14]$latch ; CLK          ; ADDR[0]     ; 1.000        ; 2.482      ; 6.025      ;
; -3.364 ; REG8:\reg_gen:2:regs|y[3]  ; DOUT[11]$latch ; CLK          ; ADDR[0]     ; 1.000        ; 2.495      ; 6.032      ;
; -3.337 ; REG8:\reg_gen:16:regs|y[2] ; DOUT[2]$latch  ; CLK          ; ADDR[0]     ; 1.000        ; 2.129      ; 5.641      ;
; -3.331 ; REG8:\reg_gen:6:regs|y[2]  ; DOUT[10]$latch ; CLK          ; ADDR[0]     ; 1.000        ; 2.493      ; 6.142      ;
; -3.318 ; REG8:\reg_gen:17:regs|y[6] ; DOUT[14]$latch ; CLK          ; ADDR[0]     ; 1.000        ; 2.479      ; 5.965      ;
; -3.306 ; REG8:\reg_gen:4:regs|y[2]  ; DOUT[2]$latch  ; CLK          ; ADDR[0]     ; 1.000        ; 2.510      ; 5.991      ;
; -3.256 ; REG8:\reg_gen:3:regs|y[2]  ; DOUT[10]$latch ; CLK          ; ADDR[0]     ; 1.000        ; 2.484      ; 6.058      ;
; -3.253 ; REG8:\reg_gen:21:regs|y[5] ; DOUT[13]$latch ; CLK          ; ADDR[0]     ; 1.000        ; 2.505      ; 5.931      ;
; -3.253 ; REG8:\reg_gen:17:regs|y[3] ; DOUT[11]$latch ; CLK          ; ADDR[0]     ; 1.000        ; 2.476      ; 5.902      ;
; -3.235 ; REG8:\reg_gen:8:regs|y[3]  ; DOUT[3]$latch  ; CLK          ; ADDR[0]     ; 1.000        ; 2.487      ; 5.905      ;
; -3.231 ; REG8:\reg_gen:18:regs|y[2] ; DOUT[10]$latch ; CLK          ; ADDR[0]     ; 1.000        ; 2.496      ; 6.045      ;
; -3.222 ; REG8:\reg_gen:24:regs|y[3] ; DOUT[11]$latch ; CLK          ; ADDR[0]     ; 1.000        ; 2.496      ; 5.891      ;
; -3.210 ; REG8:\reg_gen:2:regs|y[1]  ; DOUT[9]$latch  ; CLK          ; ADDR[0]     ; 1.000        ; 2.144      ; 5.671      ;
; -3.207 ; REG8:\reg_gen:22:regs|y[1] ; DOUT[9]$latch  ; CLK          ; ADDR[0]     ; 1.000        ; 2.493      ; 6.017      ;
; -3.202 ; REG8:\reg_gen:20:regs|y[2] ; DOUT[10]$latch ; CLK          ; ADDR[0]     ; 1.000        ; 2.506      ; 6.026      ;
; -3.193 ; REG8:\reg_gen:29:regs|y[6] ; DOUT[14]$latch ; CLK          ; ADDR[0]     ; 1.000        ; 2.500      ; 5.861      ;
; -3.192 ; REG8:\reg_gen:22:regs|y[5] ; DOUT[13]$latch ; CLK          ; ADDR[0]     ; 1.000        ; 2.494      ; 5.859      ;
; -3.186 ; REG8:\reg_gen:28:regs|y[3] ; DOUT[11]$latch ; CLK          ; ADDR[0]     ; 1.000        ; 2.484      ; 5.843      ;
; -3.181 ; REG8:\reg_gen:6:regs|y[5]  ; DOUT[13]$latch ; CLK          ; ADDR[0]     ; 1.000        ; 2.494      ; 5.848      ;
; -3.177 ; REG8:\reg_gen:21:regs|y[1] ; DOUT[9]$latch  ; CLK          ; ADDR[0]     ; 1.000        ; 2.504      ; 5.998      ;
; -3.176 ; REG8:\reg_gen:30:regs|y[1] ; DOUT[9]$latch  ; CLK          ; ADDR[0]     ; 1.000        ; 2.491      ; 5.984      ;
; -3.175 ; REG8:\reg_gen:19:regs|y[3] ; DOUT[11]$latch ; CLK          ; ADDR[0]     ; 1.000        ; 2.482      ; 5.830      ;
; -3.172 ; REG8:\reg_gen:10:regs|y[5] ; DOUT[13]$latch ; CLK          ; ADDR[0]     ; 1.000        ; 2.497      ; 5.842      ;
; -3.142 ; REG8:\reg_gen:11:regs|y[3] ; DOUT[11]$latch ; CLK          ; ADDR[0]     ; 1.000        ; 2.487      ; 5.802      ;
; -3.141 ; REG8:\reg_gen:20:regs|y[6] ; DOUT[6]$latch  ; CLK          ; ADDR[0]     ; 1.000        ; 2.505      ; 5.814      ;
; -3.131 ; REG8:\reg_gen:16:regs|y[6] ; DOUT[6]$latch  ; CLK          ; ADDR[0]     ; 1.000        ; 2.126      ; 5.425      ;
; -3.118 ; REG8:\reg_gen:24:regs|y[1] ; DOUT[1]$latch  ; CLK          ; ADDR[0]     ; 1.000        ; 2.495      ; 5.644      ;
; -3.112 ; REG8:\reg_gen:26:regs|y[2] ; DOUT[10]$latch ; CLK          ; ADDR[0]     ; 1.000        ; 2.134      ; 5.564      ;
; -3.112 ; REG8:\reg_gen:12:regs|y[3] ; DOUT[3]$latch  ; CLK          ; ADDR[0]     ; 1.000        ; 2.508      ; 5.803      ;
; -3.091 ; REG8:\reg_gen:29:regs|y[2] ; DOUT[10]$latch ; CLK          ; ADDR[0]     ; 1.000        ; 2.502      ; 5.911      ;
; -3.084 ; REG8:\reg_gen:2:regs|y[2]  ; DOUT[10]$latch ; CLK          ; ADDR[0]     ; 1.000        ; 2.494      ; 5.896      ;
; -3.083 ; REG8:\reg_gen:29:regs|y[3] ; DOUT[11]$latch ; CLK          ; ADDR[0]     ; 1.000        ; 2.503      ; 5.759      ;
; -3.079 ; REG8:\reg_gen:9:regs|y[3]  ; DOUT[11]$latch ; CLK          ; ADDR[0]     ; 1.000        ; 2.480      ; 5.732      ;
; -3.075 ; REG8:\reg_gen:13:regs|y[1] ; DOUT[9]$latch  ; CLK          ; ADDR[0]     ; 1.000        ; 2.504      ; 5.896      ;
; -3.072 ; REG8:\reg_gen:22:regs|y[6] ; DOUT[14]$latch ; CLK          ; ADDR[0]     ; 1.000        ; 2.491      ; 5.731      ;
; -3.071 ; REG8:\reg_gen:9:regs|y[5]  ; DOUT[13]$latch ; CLK          ; ADDR[0]     ; 1.000        ; 2.480      ; 5.724      ;
; -3.071 ; REG8:\reg_gen:5:regs|y[5]  ; DOUT[13]$latch ; CLK          ; ADDR[0]     ; 1.000        ; 2.503      ; 5.747      ;
; -3.069 ; REG8:\reg_gen:1:regs|y[3]  ; DOUT[11]$latch ; CLK          ; ADDR[0]     ; 1.000        ; 2.480      ; 5.722      ;
; -3.066 ; REG8:\reg_gen:17:regs|y[5] ; DOUT[13]$latch ; CLK          ; ADDR[0]     ; 1.000        ; 2.501      ; 5.740      ;
; -3.061 ; REG8:\reg_gen:19:regs|y[5] ; DOUT[13]$latch ; CLK          ; ADDR[0]     ; 1.000        ; 2.482      ; 5.716      ;
; -3.060 ; REG8:\reg_gen:1:regs|y[5]  ; DOUT[13]$latch ; CLK          ; ADDR[0]     ; 1.000        ; 2.480      ; 5.713      ;
; -3.059 ; REG8:\reg_gen:14:regs|y[5] ; DOUT[13]$latch ; CLK          ; ADDR[0]     ; 1.000        ; 2.092      ; 5.324      ;
; -3.058 ; REG8:\reg_gen:25:regs|y[6] ; DOUT[14]$latch ; CLK          ; ADDR[0]     ; 1.000        ; 2.479      ; 5.705      ;
; -3.056 ; REG8:\reg_gen:10:regs|y[1] ; DOUT[9]$latch  ; CLK          ; ADDR[0]     ; 1.000        ; 2.503      ; 5.876      ;
; -3.049 ; REG8:\reg_gen:12:regs|y[2] ; DOUT[2]$latch  ; CLK          ; ADDR[0]     ; 1.000        ; 2.512      ; 5.736      ;
; -3.046 ; REG8:\reg_gen:11:regs|y[2] ; DOUT[10]$latch ; CLK          ; ADDR[0]     ; 1.000        ; 2.486      ; 5.850      ;
; -3.046 ; REG8:\reg_gen:19:regs|y[1] ; DOUT[1]$latch  ; CLK          ; ADDR[0]     ; 1.000        ; 2.481      ; 5.558      ;
; -3.046 ; REG8:\reg_gen:6:regs|y[6]  ; DOUT[14]$latch ; CLK          ; ADDR[0]     ; 1.000        ; 2.491      ; 5.705      ;
; -3.044 ; REG8:\reg_gen:27:regs|y[6] ; DOUT[14]$latch ; CLK          ; ADDR[0]     ; 1.000        ; 2.482      ; 5.694      ;
; -3.039 ; REG8:\reg_gen:24:regs|y[5] ; DOUT[13]$latch ; CLK          ; ADDR[0]     ; 1.000        ; 2.496      ; 5.708      ;
; -3.032 ; REG8:\reg_gen:6:regs|y[1]  ; DOUT[9]$latch  ; CLK          ; ADDR[0]     ; 1.000        ; 2.493      ; 5.842      ;
; -3.027 ; REG8:\reg_gen:13:regs|y[5] ; DOUT[13]$latch ; CLK          ; ADDR[0]     ; 1.000        ; 2.501      ; 5.701      ;
; -3.011 ; REG8:\reg_gen:20:regs|y[5] ; DOUT[5]$latch  ; CLK          ; ADDR[0]     ; 1.000        ; 2.507      ; 5.700      ;
; -3.011 ; REG8:\reg_gen:16:regs|y[0] ; DOUT[0]$latch  ; CLK          ; ADDR[0]     ; 1.000        ; 2.121      ; 5.450      ;
; -3.010 ; REG8:\reg_gen:14:regs|y[2] ; DOUT[10]$latch ; CLK          ; ADDR[0]     ; 1.000        ; 2.091      ; 5.419      ;
; -3.009 ; REG8:\reg_gen:4:regs|y[2]  ; DOUT[10]$latch ; CLK          ; ADDR[0]     ; 1.000        ; 2.508      ; 5.835      ;
; -3.005 ; REG8:\reg_gen:11:regs|y[5] ; DOUT[13]$latch ; CLK          ; ADDR[0]     ; 1.000        ; 2.487      ; 5.665      ;
; -3.004 ; REG8:\reg_gen:9:regs|y[4]  ; DOUT[4]$latch  ; CLK          ; ADDR[0]     ; 1.000        ; 2.477      ; 5.798      ;
; -3.004 ; REG8:\reg_gen:3:regs|y[3]  ; DOUT[11]$latch ; CLK          ; ADDR[0]     ; 1.000        ; 2.485      ; 5.662      ;
; -3.003 ; REG8:\reg_gen:16:regs|y[3] ; DOUT[11]$latch ; CLK          ; ADDR[0]     ; 1.000        ; 2.128      ; 5.304      ;
; -3.000 ; REG8:\reg_gen:4:regs|y[5]  ; DOUT[5]$latch  ; CLK          ; ADDR[0]     ; 1.000        ; 2.507      ; 5.689      ;
; -2.998 ; REG8:\reg_gen:8:regs|y[3]  ; DOUT[11]$latch ; CLK          ; ADDR[0]     ; 1.000        ; 2.488      ; 5.659      ;
; -2.993 ; REG8:\reg_gen:20:regs|y[5] ; DOUT[13]$latch ; CLK          ; ADDR[0]     ; 1.000        ; 2.507      ; 5.673      ;
; -2.987 ; REG8:\reg_gen:10:regs|y[6] ; DOUT[14]$latch ; CLK          ; ADDR[0]     ; 1.000        ; 2.494      ; 5.649      ;
; -2.982 ; REG8:\reg_gen:4:regs|y[5]  ; DOUT[13]$latch ; CLK          ; ADDR[0]     ; 1.000        ; 2.507      ; 5.662      ;
; -2.976 ; REG8:\reg_gen:5:regs|y[1]  ; DOUT[9]$latch  ; CLK          ; ADDR[0]     ; 1.000        ; 2.502      ; 5.795      ;
; -2.972 ; REG8:\reg_gen:12:regs|y[5] ; DOUT[5]$latch  ; CLK          ; ADDR[0]     ; 1.000        ; 2.509      ; 5.663      ;
+--------+----------------------------+----------------+--------------+-------------+--------------+------------+------------+


+-----------------------------------------------------------------------------------------------------------------------+
; Slow 1200mV 0C Model Setup: 'CLK'                                                                                     ;
+--------+-----------+----------------------------+--------------+-------------+--------------+------------+------------+
; Slack  ; From Node ; To Node                    ; Launch Clock ; Latch Clock ; Relationship ; Clock Skew ; Data Delay ;
+--------+-----------+----------------------------+--------------+-------------+--------------+------------+------------+
; -1.780 ; ADDR[0]   ; REG8:\reg_gen:18:regs|y[0] ; ADDR[0]      ; CLK         ; 0.500        ; 2.673      ; 4.932      ;
; -1.780 ; ADDR[0]   ; REG8:\reg_gen:18:regs|y[1] ; ADDR[0]      ; CLK         ; 0.500        ; 2.673      ; 4.932      ;
; -1.703 ; ADDR[0]   ; REG8:\reg_gen:24:regs|y[0] ; ADDR[0]      ; CLK         ; 0.500        ; 2.682      ; 4.864      ;
; -1.703 ; ADDR[0]   ; REG8:\reg_gen:24:regs|y[1] ; ADDR[0]      ; CLK         ; 0.500        ; 2.682      ; 4.864      ;
; -1.703 ; ADDR[0]   ; REG8:\reg_gen:24:regs|y[2] ; ADDR[0]      ; CLK         ; 0.500        ; 2.682      ; 4.864      ;
; -1.703 ; ADDR[0]   ; REG8:\reg_gen:24:regs|y[3] ; ADDR[0]      ; CLK         ; 0.500        ; 2.682      ; 4.864      ;
; -1.703 ; ADDR[0]   ; REG8:\reg_gen:24:regs|y[4] ; ADDR[0]      ; CLK         ; 0.500        ; 2.682      ; 4.864      ;
; -1.703 ; ADDR[0]   ; REG8:\reg_gen:24:regs|y[5] ; ADDR[0]      ; CLK         ; 0.500        ; 2.682      ; 4.864      ;
; -1.703 ; ADDR[0]   ; REG8:\reg_gen:24:regs|y[6] ; ADDR[0]      ; CLK         ; 0.500        ; 2.682      ; 4.864      ;
; -1.703 ; ADDR[0]   ; REG8:\reg_gen:24:regs|y[7] ; ADDR[0]      ; CLK         ; 0.500        ; 2.682      ; 4.864      ;
; -1.696 ; ADDR[0]   ; REG8:\reg_gen:30:regs|y[0] ; ADDR[0]      ; CLK         ; 0.500        ; 2.687      ; 4.862      ;
; -1.696 ; ADDR[0]   ; REG8:\reg_gen:30:regs|y[1] ; ADDR[0]      ; CLK         ; 0.500        ; 2.687      ; 4.862      ;
; -1.696 ; ADDR[0]   ; REG8:\reg_gen:30:regs|y[2] ; ADDR[0]      ; CLK         ; 0.500        ; 2.687      ; 4.862      ;
; -1.696 ; ADDR[0]   ; REG8:\reg_gen:30:regs|y[3] ; ADDR[0]      ; CLK         ; 0.500        ; 2.687      ; 4.862      ;
; -1.696 ; ADDR[0]   ; REG8:\reg_gen:30:regs|y[4] ; ADDR[0]      ; CLK         ; 0.500        ; 2.687      ; 4.862      ;
; -1.696 ; ADDR[0]   ; REG8:\reg_gen:30:regs|y[5] ; ADDR[0]      ; CLK         ; 0.500        ; 2.687      ; 4.862      ;
; -1.696 ; ADDR[0]   ; REG8:\reg_gen:30:regs|y[6] ; ADDR[0]      ; CLK         ; 0.500        ; 2.687      ; 4.862      ;
; -1.696 ; ADDR[0]   ; REG8:\reg_gen:30:regs|y[7] ; ADDR[0]      ; CLK         ; 0.500        ; 2.687      ; 4.862      ;
; -1.688 ; ADDR[0]   ; REG8:\reg_gen:10:regs|y[1] ; ADDR[0]      ; CLK         ; 0.500        ; 2.675      ; 4.842      ;
; -1.673 ; ADDR[0]   ; REG8:\reg_gen:18:regs|y[2] ; ADDR[0]      ; CLK         ; 0.500        ; 2.681      ; 4.833      ;
; -1.673 ; ADDR[0]   ; REG8:\reg_gen:18:regs|y[3] ; ADDR[0]      ; CLK         ; 0.500        ; 2.681      ; 4.833      ;
; -1.673 ; ADDR[0]   ; REG8:\reg_gen:18:regs|y[4] ; ADDR[0]      ; CLK         ; 0.500        ; 2.681      ; 4.833      ;
; -1.673 ; ADDR[0]   ; REG8:\reg_gen:18:regs|y[5] ; ADDR[0]      ; CLK         ; 0.500        ; 2.681      ; 4.833      ;
; -1.673 ; ADDR[0]   ; REG8:\reg_gen:18:regs|y[6] ; ADDR[0]      ; CLK         ; 0.500        ; 2.681      ; 4.833      ;
; -1.673 ; ADDR[0]   ; REG8:\reg_gen:18:regs|y[7] ; ADDR[0]      ; CLK         ; 0.500        ; 2.681      ; 4.833      ;
; -1.670 ; ADDR[0]   ; REG8:\reg_gen:2:regs|y[2]  ; ADDR[0]      ; CLK         ; 0.500        ; 2.683      ; 4.832      ;
; -1.670 ; ADDR[0]   ; REG8:\reg_gen:2:regs|y[3]  ; ADDR[0]      ; CLK         ; 0.500        ; 2.683      ; 4.832      ;
; -1.670 ; ADDR[0]   ; REG8:\reg_gen:2:regs|y[4]  ; ADDR[0]      ; CLK         ; 0.500        ; 2.683      ; 4.832      ;
; -1.670 ; ADDR[0]   ; REG8:\reg_gen:2:regs|y[5]  ; ADDR[0]      ; CLK         ; 0.500        ; 2.683      ; 4.832      ;
; -1.670 ; ADDR[0]   ; REG8:\reg_gen:2:regs|y[6]  ; ADDR[0]      ; CLK         ; 0.500        ; 2.683      ; 4.832      ;
; -1.670 ; ADDR[0]   ; REG8:\reg_gen:2:regs|y[7]  ; ADDR[0]      ; CLK         ; 0.500        ; 2.683      ; 4.832      ;
; -1.661 ; ADDR[0]   ; REG8:\reg_gen:6:regs|y[0]  ; ADDR[0]      ; CLK         ; 0.500        ; 2.685      ; 4.825      ;
; -1.661 ; ADDR[0]   ; REG8:\reg_gen:6:regs|y[1]  ; ADDR[0]      ; CLK         ; 0.500        ; 2.685      ; 4.825      ;
; -1.661 ; ADDR[0]   ; REG8:\reg_gen:6:regs|y[2]  ; ADDR[0]      ; CLK         ; 0.500        ; 2.685      ; 4.825      ;
; -1.661 ; ADDR[0]   ; REG8:\reg_gen:6:regs|y[3]  ; ADDR[0]      ; CLK         ; 0.500        ; 2.685      ; 4.825      ;
; -1.661 ; ADDR[0]   ; REG8:\reg_gen:6:regs|y[4]  ; ADDR[0]      ; CLK         ; 0.500        ; 2.685      ; 4.825      ;
; -1.661 ; ADDR[0]   ; REG8:\reg_gen:6:regs|y[5]  ; ADDR[0]      ; CLK         ; 0.500        ; 2.685      ; 4.825      ;
; -1.661 ; ADDR[0]   ; REG8:\reg_gen:6:regs|y[6]  ; ADDR[0]      ; CLK         ; 0.500        ; 2.685      ; 4.825      ;
; -1.661 ; ADDR[0]   ; REG8:\reg_gen:6:regs|y[7]  ; ADDR[0]      ; CLK         ; 0.500        ; 2.685      ; 4.825      ;
; -1.641 ; ADDR[0]   ; REG8:\reg_gen:10:regs|y[0] ; ADDR[0]      ; CLK         ; 0.500        ; 2.681      ; 4.801      ;
; -1.641 ; ADDR[0]   ; REG8:\reg_gen:10:regs|y[2] ; ADDR[0]      ; CLK         ; 0.500        ; 2.681      ; 4.801      ;
; -1.641 ; ADDR[0]   ; REG8:\reg_gen:10:regs|y[3] ; ADDR[0]      ; CLK         ; 0.500        ; 2.681      ; 4.801      ;
; -1.641 ; ADDR[0]   ; REG8:\reg_gen:10:regs|y[4] ; ADDR[0]      ; CLK         ; 0.500        ; 2.681      ; 4.801      ;
; -1.641 ; ADDR[0]   ; REG8:\reg_gen:10:regs|y[5] ; ADDR[0]      ; CLK         ; 0.500        ; 2.681      ; 4.801      ;
; -1.641 ; ADDR[0]   ; REG8:\reg_gen:10:regs|y[6] ; ADDR[0]      ; CLK         ; 0.500        ; 2.681      ; 4.801      ;
; -1.641 ; ADDR[0]   ; REG8:\reg_gen:10:regs|y[7] ; ADDR[0]      ; CLK         ; 0.500        ; 2.681      ; 4.801      ;
; -1.639 ; ADDR[0]   ; REG8:\reg_gen:22:regs|y[0] ; ADDR[0]      ; CLK         ; 0.500        ; 2.685      ; 4.803      ;
; -1.639 ; ADDR[0]   ; REG8:\reg_gen:22:regs|y[1] ; ADDR[0]      ; CLK         ; 0.500        ; 2.685      ; 4.803      ;
; -1.639 ; ADDR[0]   ; REG8:\reg_gen:22:regs|y[2] ; ADDR[0]      ; CLK         ; 0.500        ; 2.685      ; 4.803      ;
; -1.639 ; ADDR[0]   ; REG8:\reg_gen:22:regs|y[3] ; ADDR[0]      ; CLK         ; 0.500        ; 2.685      ; 4.803      ;
; -1.639 ; ADDR[0]   ; REG8:\reg_gen:22:regs|y[4] ; ADDR[0]      ; CLK         ; 0.500        ; 2.685      ; 4.803      ;
; -1.639 ; ADDR[0]   ; REG8:\reg_gen:22:regs|y[5] ; ADDR[0]      ; CLK         ; 0.500        ; 2.685      ; 4.803      ;
; -1.639 ; ADDR[0]   ; REG8:\reg_gen:22:regs|y[6] ; ADDR[0]      ; CLK         ; 0.500        ; 2.685      ; 4.803      ;
; -1.639 ; ADDR[0]   ; REG8:\reg_gen:22:regs|y[7] ; ADDR[0]      ; CLK         ; 0.500        ; 2.685      ; 4.803      ;
; -1.633 ; ADDR[0]   ; REG8:\reg_gen:12:regs|y[0] ; ADDR[0]      ; CLK         ; 0.500        ; 2.670      ; 4.782      ;
; -1.633 ; ADDR[0]   ; REG8:\reg_gen:12:regs|y[1] ; ADDR[0]      ; CLK         ; 0.500        ; 2.670      ; 4.782      ;
; -1.633 ; ADDR[0]   ; REG8:\reg_gen:12:regs|y[3] ; ADDR[0]      ; CLK         ; 0.500        ; 2.670      ; 4.782      ;
; -1.633 ; ADDR[0]   ; REG8:\reg_gen:12:regs|y[4] ; ADDR[0]      ; CLK         ; 0.500        ; 2.670      ; 4.782      ;
; -1.633 ; ADDR[0]   ; REG8:\reg_gen:12:regs|y[5] ; ADDR[0]      ; CLK         ; 0.500        ; 2.670      ; 4.782      ;
; -1.596 ; ADDR[0]   ; REG8:\reg_gen:12:regs|y[2] ; ADDR[0]      ; CLK         ; 0.500        ; 2.668      ; 4.743      ;
; -1.596 ; ADDR[0]   ; REG8:\reg_gen:12:regs|y[6] ; ADDR[0]      ; CLK         ; 0.500        ; 2.668      ; 4.743      ;
; -1.596 ; ADDR[0]   ; REG8:\reg_gen:12:regs|y[7] ; ADDR[0]      ; CLK         ; 0.500        ; 2.668      ; 4.743      ;
; -1.588 ; ADDR[0]   ; REG8:\reg_gen:28:regs|y[3] ; ADDR[0]      ; CLK         ; 0.500        ; 2.694      ; 4.761      ;
; -1.584 ; ADDR[0]   ; REG8:\reg_gen:8:regs|y[7]  ; ADDR[0]      ; CLK         ; 0.500        ; 2.692      ; 4.755      ;
; -1.568 ; ADDR[0]   ; REG8:\reg_gen:26:regs|y[0] ; ADDR[0]      ; CLK         ; 0.500        ; 2.681      ; 4.728      ;
; -1.566 ; ADDR[0]   ; REG8:\reg_gen:8:regs|y[0]  ; ADDR[0]      ; CLK         ; 0.500        ; 2.690      ; 4.735      ;
; -1.566 ; ADDR[0]   ; REG8:\reg_gen:8:regs|y[1]  ; ADDR[0]      ; CLK         ; 0.500        ; 2.690      ; 4.735      ;
; -1.566 ; ADDR[0]   ; REG8:\reg_gen:8:regs|y[2]  ; ADDR[0]      ; CLK         ; 0.500        ; 2.690      ; 4.735      ;
; -1.566 ; ADDR[0]   ; REG8:\reg_gen:8:regs|y[3]  ; ADDR[0]      ; CLK         ; 0.500        ; 2.690      ; 4.735      ;
; -1.566 ; ADDR[0]   ; REG8:\reg_gen:8:regs|y[4]  ; ADDR[0]      ; CLK         ; 0.500        ; 2.690      ; 4.735      ;
; -1.566 ; ADDR[0]   ; REG8:\reg_gen:8:regs|y[5]  ; ADDR[0]      ; CLK         ; 0.500        ; 2.690      ; 4.735      ;
; -1.566 ; ADDR[0]   ; REG8:\reg_gen:8:regs|y[6]  ; ADDR[0]      ; CLK         ; 0.500        ; 2.690      ; 4.735      ;
; -1.538 ; ADDR[0]   ; REG8:\reg_gen:28:regs|y[2] ; ADDR[0]      ; CLK         ; 0.500        ; 2.668      ; 4.685      ;
; -1.538 ; ADDR[0]   ; REG8:\reg_gen:28:regs|y[4] ; ADDR[0]      ; CLK         ; 0.500        ; 2.668      ; 4.685      ;
; -1.538 ; ADDR[0]   ; REG8:\reg_gen:28:regs|y[6] ; ADDR[0]      ; CLK         ; 0.500        ; 2.668      ; 4.685      ;
; -1.538 ; ADDR[0]   ; REG8:\reg_gen:28:regs|y[7] ; ADDR[0]      ; CLK         ; 0.500        ; 2.668      ; 4.685      ;
; -1.526 ; ADDR[0]   ; REG8:\reg_gen:4:regs|y[0]  ; ADDR[0]      ; CLK         ; 0.500        ; 2.672      ; 4.677      ;
; -1.526 ; ADDR[0]   ; REG8:\reg_gen:4:regs|y[1]  ; ADDR[0]      ; CLK         ; 0.500        ; 2.672      ; 4.677      ;
; -1.526 ; ADDR[0]   ; REG8:\reg_gen:4:regs|y[3]  ; ADDR[0]      ; CLK         ; 0.500        ; 2.672      ; 4.677      ;
; -1.526 ; ADDR[0]   ; REG8:\reg_gen:4:regs|y[5]  ; ADDR[0]      ; CLK         ; 0.500        ; 2.672      ; 4.677      ;
; -1.524 ; ADDR[0]   ; REG8:\reg_gen:4:regs|y[2]  ; ADDR[0]      ; CLK         ; 0.500        ; 2.670      ; 4.673      ;
; -1.524 ; ADDR[0]   ; REG8:\reg_gen:4:regs|y[4]  ; ADDR[0]      ; CLK         ; 0.500        ; 2.670      ; 4.673      ;
; -1.524 ; ADDR[0]   ; REG8:\reg_gen:4:regs|y[6]  ; ADDR[0]      ; CLK         ; 0.500        ; 2.670      ; 4.673      ;
; -1.524 ; ADDR[0]   ; REG8:\reg_gen:4:regs|y[7]  ; ADDR[0]      ; CLK         ; 0.500        ; 2.670      ; 4.673      ;
; -1.502 ; ADDR[0]   ; REG8:\reg_gen:20:regs|y[0] ; ADDR[0]      ; CLK         ; 0.500        ; 2.672      ; 4.653      ;
; -1.502 ; ADDR[0]   ; REG8:\reg_gen:20:regs|y[1] ; ADDR[0]      ; CLK         ; 0.500        ; 2.672      ; 4.653      ;
; -1.502 ; ADDR[0]   ; REG8:\reg_gen:20:regs|y[2] ; ADDR[0]      ; CLK         ; 0.500        ; 2.672      ; 4.653      ;
; -1.502 ; ADDR[0]   ; REG8:\reg_gen:20:regs|y[3] ; ADDR[0]      ; CLK         ; 0.500        ; 2.672      ; 4.653      ;
; -1.502 ; ADDR[0]   ; REG8:\reg_gen:20:regs|y[4] ; ADDR[0]      ; CLK         ; 0.500        ; 2.672      ; 4.653      ;
; -1.502 ; ADDR[0]   ; REG8:\reg_gen:20:regs|y[5] ; ADDR[0]      ; CLK         ; 0.500        ; 2.672      ; 4.653      ;
; -1.502 ; ADDR[0]   ; REG8:\reg_gen:20:regs|y[6] ; ADDR[0]      ; CLK         ; 0.500        ; 2.672      ; 4.653      ;
; -1.502 ; ADDR[0]   ; REG8:\reg_gen:20:regs|y[7] ; ADDR[0]      ; CLK         ; 0.500        ; 2.672      ; 4.653      ;
; -1.458 ; ADDR[0]   ; REG8:\reg_gen:2:regs|y[0]  ; ADDR[0]      ; CLK         ; 0.500        ; 3.065      ; 5.002      ;
; -1.405 ; ADDR[0]   ; REG8:\reg_gen:26:regs|y[2] ; ADDR[0]      ; CLK         ; 0.500        ; 3.030      ; 4.914      ;
; -1.405 ; ADDR[0]   ; REG8:\reg_gen:26:regs|y[3] ; ADDR[0]      ; CLK         ; 0.500        ; 3.030      ; 4.914      ;
; -1.405 ; ADDR[0]   ; REG8:\reg_gen:26:regs|y[4] ; ADDR[0]      ; CLK         ; 0.500        ; 3.030      ; 4.914      ;
; -1.405 ; ADDR[0]   ; REG8:\reg_gen:26:regs|y[5] ; ADDR[0]      ; CLK         ; 0.500        ; 3.030      ; 4.914      ;
; -1.405 ; ADDR[0]   ; REG8:\reg_gen:26:regs|y[6] ; ADDR[0]      ; CLK         ; 0.500        ; 3.030      ; 4.914      ;
; -1.405 ; ADDR[0]   ; REG8:\reg_gen:26:regs|y[7] ; ADDR[0]      ; CLK         ; 0.500        ; 3.030      ; 4.914      ;
; -1.366 ; ADDR[0]   ; REG8:\reg_gen:16:regs|y[1] ; ADDR[0]      ; CLK         ; 0.500        ; 3.044      ; 4.889      ;
+--------+-----------+----------------------------+--------------+-------------+--------------+------------+------------+


+----------------------------------------------------------------------------------------------------------------------------+
; Slow 1200mV 0C Model Hold: 'ADDR[0]'                                                                                       ;
+--------+----------------------------+----------------+--------------+-------------+--------------+------------+------------+
; Slack  ; From Node                  ; To Node        ; Launch Clock ; Latch Clock ; Relationship ; Clock Skew ; Data Delay ;
+--------+----------------------------+----------------+--------------+-------------+--------------+------------+------------+
; -0.120 ; ADDR[0]                    ; DOUT[4]$latch  ; ADDR[0]      ; ADDR[0]     ; 0.000        ; 5.473      ; 5.353      ;
; -0.087 ; ADDR[0]                    ; DOUT[7]$latch  ; ADDR[0]      ; ADDR[0]     ; 0.000        ; 5.467      ; 5.380      ;
; -0.075 ; ADDR[0]                    ; DOUT[8]$latch  ; ADDR[0]      ; ADDR[0]     ; 0.000        ; 5.467      ; 5.392      ;
; -0.066 ; ADDR[0]                    ; DOUT[15]$latch ; ADDR[0]      ; ADDR[0]     ; 0.000        ; 5.469      ; 5.403      ;
; -0.044 ; ADDR[0]                    ; DOUT[13]$latch ; ADDR[0]      ; ADDR[0]     ; 0.000        ; 5.476      ; 5.432      ;
; -0.035 ; ADDR[0]                    ; DOUT[1]$latch  ; ADDR[0]      ; ADDR[0]     ; 0.000        ; 5.475      ; 5.440      ;
; -0.012 ; ADDR[0]                    ; DOUT[3]$latch  ; ADDR[0]      ; ADDR[0]     ; 0.000        ; 5.475      ; 5.463      ;
; 0.007  ; ADDR[0]                    ; DOUT[2]$latch  ; ADDR[0]      ; ADDR[0]     ; 0.000        ; 5.477      ; 5.484      ;
; 0.056  ; ADDR[0]                    ; DOUT[11]$latch ; ADDR[0]      ; ADDR[0]     ; 0.000        ; 5.475      ; 5.531      ;
; 0.097  ; ADDR[0]                    ; DOUT[5]$latch  ; ADDR[0]      ; ADDR[0]     ; 0.000        ; 5.476      ; 5.573      ;
; 0.141  ; ADDR[0]                    ; DOUT[14]$latch ; ADDR[0]      ; ADDR[0]     ; 0.000        ; 5.473      ; 5.614      ;
; 0.146  ; ADDR[0]                    ; DOUT[6]$latch  ; ADDR[0]      ; ADDR[0]     ; 0.000        ; 5.474      ; 5.620      ;
; 0.166  ; ADDR[0]                    ; DOUT[9]$latch  ; ADDR[0]      ; ADDR[0]     ; 0.000        ; 5.475      ; 5.641      ;
; 0.176  ; ADDR[0]                    ; DOUT[10]$latch ; ADDR[0]      ; ADDR[0]     ; 0.000        ; 5.475      ; 5.651      ;
; 0.185  ; ADDR[0]                    ; DOUT[12]$latch ; ADDR[0]      ; ADDR[0]     ; 0.000        ; 5.472      ; 5.657      ;
; 0.223  ; REG8:\reg_gen:30:regs|y[3] ; DOUT[3]$latch  ; CLK          ; ADDR[0]     ; 0.000        ; 2.788      ; 3.051      ;
; 0.307  ; ADDR[0]                    ; DOUT[4]$latch  ; ADDR[0]      ; ADDR[0]     ; -0.500       ; 5.473      ; 5.300      ;
; 0.342  ; ADDR[0]                    ; DOUT[8]$latch  ; ADDR[0]      ; ADDR[0]     ; -0.500       ; 5.467      ; 5.329      ;
; 0.387  ; ADDR[0]                    ; DOUT[15]$latch ; ADDR[0]      ; ADDR[0]     ; -0.500       ; 5.469      ; 5.376      ;
; 0.398  ; ADDR[0]                    ; DOUT[1]$latch  ; ADDR[0]      ; ADDR[0]     ; -0.500       ; 5.475      ; 5.393      ;
; 0.400  ; ADDR[0]                    ; DOUT[13]$latch ; ADDR[0]      ; ADDR[0]     ; -0.500       ; 5.476      ; 5.396      ;
; 0.419  ; ADDR[0]                    ; DOUT[2]$latch  ; ADDR[0]      ; ADDR[0]     ; -0.500       ; 5.477      ; 5.416      ;
; 0.438  ; ADDR[0]                    ; DOUT[7]$latch  ; ADDR[0]      ; ADDR[0]     ; -0.500       ; 5.467      ; 5.425      ;
; 0.469  ; ADDR[0]                    ; DOUT[3]$latch  ; ADDR[0]      ; ADDR[0]     ; -0.500       ; 5.475      ; 5.464      ;
; 0.493  ; REG8:\reg_gen:7:regs|y[3]  ; DOUT[3]$latch  ; CLK          ; ADDR[0]     ; 0.000        ; 2.782      ; 3.315      ;
; 0.494  ; ADDR[0]                    ; DOUT[12]$latch ; ADDR[0]      ; ADDR[0]     ; -0.500       ; 5.472      ; 5.486      ;
; 0.498  ; ADDR[0]                    ; DOUT[14]$latch ; ADDR[0]      ; ADDR[0]     ; -0.500       ; 5.473      ; 5.491      ;
; 0.504  ; REG8:\reg_gen:15:regs|y[3] ; DOUT[3]$latch  ; CLK          ; ADDR[0]     ; 0.000        ; 2.419      ; 2.963      ;
; 0.531  ; ADDR[0]                    ; DOUT[11]$latch ; ADDR[0]      ; ADDR[0]     ; -0.500       ; 5.475      ; 5.526      ;
; 0.532  ; ADDR[0]                    ; DOUT[5]$latch  ; ADDR[0]      ; ADDR[0]     ; -0.500       ; 5.476      ; 5.528      ;
; 0.551  ; REG8:\reg_gen:27:regs|y[2] ; DOUT[2]$latch  ; CLK          ; ADDR[0]     ; 0.000        ; 2.785      ; 3.376      ;
; 0.554  ; ADDR[0]                    ; DOUT[0]$latch  ; ADDR[0]      ; ADDR[0]     ; 0.000        ; 5.469      ; 6.023      ;
; 0.555  ; ADDR[0]                    ; DOUT[10]$latch ; ADDR[0]      ; ADDR[0]     ; -0.500       ; 5.475      ; 5.550      ;
; 0.579  ; ADDR[0]                    ; DOUT[9]$latch  ; ADDR[0]      ; ADDR[0]     ; -0.500       ; 5.475      ; 5.574      ;
; 0.609  ; ADDR[0]                    ; DOUT[6]$latch  ; ADDR[0]      ; ADDR[0]     ; -0.500       ; 5.474      ; 5.603      ;
; 0.679  ; REG8:\reg_gen:23:regs|y[3] ; DOUT[3]$latch  ; CLK          ; ADDR[0]     ; 0.000        ; 2.780      ; 3.499      ;
; 0.772  ; REG8:\reg_gen:30:regs|y[4] ; DOUT[4]$latch  ; CLK          ; ADDR[0]     ; 0.000        ; 2.786      ; 3.598      ;
; 0.776  ; REG8:\reg_gen:31:regs|y[5] ; DOUT[13]$latch ; CLK          ; ADDR[0]     ; 0.000        ; 2.775      ; 3.591      ;
; 0.781  ; REG8:\reg_gen:31:regs|y[1] ; DOUT[9]$latch  ; CLK          ; ADDR[0]     ; 0.000        ; 2.774      ; 3.595      ;
; 0.820  ; REG8:\reg_gen:14:regs|y[1] ; DOUT[1]$latch  ; CLK          ; ADDR[0]     ; 0.000        ; 2.393      ; 3.253      ;
; 0.836  ; REG8:\reg_gen:31:regs|y[0] ; DOUT[8]$latch  ; CLK          ; ADDR[0]     ; 0.000        ; 2.766      ; 3.642      ;
; 0.844  ; REG8:\reg_gen:30:regs|y[6] ; DOUT[6]$latch  ; CLK          ; ADDR[0]     ; 0.000        ; 2.787      ; 3.671      ;
; 0.867  ; REG8:\reg_gen:27:regs|y[0] ; DOUT[0]$latch  ; CLK          ; ADDR[0]     ; 0.000        ; 2.775      ; 3.682      ;
; 0.870  ; REG8:\reg_gen:11:regs|y[2] ; DOUT[2]$latch  ; CLK          ; ADDR[0]     ; 0.000        ; 2.785      ; 3.695      ;
; 0.881  ; REG8:\reg_gen:31:regs|y[4] ; DOUT[12]$latch ; CLK          ; ADDR[0]     ; 0.000        ; 2.770      ; 3.691      ;
; 0.891  ; REG8:\reg_gen:26:regs|y[1] ; DOUT[1]$latch  ; CLK          ; ADDR[0]     ; 0.000        ; 2.425      ; 3.356      ;
; 0.931  ; REG8:\reg_gen:30:regs|y[2] ; DOUT[2]$latch  ; CLK          ; ADDR[0]     ; 0.000        ; 2.790      ; 3.761      ;
; 0.933  ; REG8:\reg_gen:30:regs|y[7] ; DOUT[7]$latch  ; CLK          ; ADDR[0]     ; 0.000        ; 2.780      ; 3.753      ;
; 0.936  ; REG8:\reg_gen:31:regs|y[2] ; DOUT[10]$latch ; CLK          ; ADDR[0]     ; 0.000        ; 2.773      ; 3.749      ;
; 0.936  ; REG8:\reg_gen:7:regs|y[4]  ; DOUT[4]$latch  ; CLK          ; ADDR[0]     ; 0.000        ; 2.780      ; 3.756      ;
; 0.951  ; ADDR[0]                    ; DOUT[0]$latch  ; ADDR[0]      ; ADDR[0]     ; -0.500       ; 5.469      ; 5.940      ;
; 0.972  ; REG8:\reg_gen:3:regs|y[2]  ; DOUT[2]$latch  ; CLK          ; ADDR[0]     ; 0.000        ; 2.783      ; 3.795      ;
; 0.997  ; REG8:\reg_gen:27:regs|y[7] ; DOUT[7]$latch  ; CLK          ; ADDR[0]     ; 0.000        ; 2.773      ; 3.810      ;
; 0.998  ; REG8:\reg_gen:7:regs|y[7]  ; DOUT[7]$latch  ; CLK          ; ADDR[0]     ; 0.000        ; 2.774      ; 3.812      ;
; 1.005  ; REG8:\reg_gen:7:regs|y[1]  ; DOUT[1]$latch  ; CLK          ; ADDR[0]     ; 0.000        ; 2.780      ; 3.825      ;
; 1.011  ; REG8:\reg_gen:30:regs|y[5] ; DOUT[5]$latch  ; CLK          ; ADDR[0]     ; 0.000        ; 2.789      ; 3.840      ;
; 1.014  ; REG8:\reg_gen:25:regs|y[7] ; DOUT[7]$latch  ; CLK          ; ADDR[0]     ; 0.000        ; 2.771      ; 3.825      ;
; 1.074  ; REG8:\reg_gen:23:regs|y[1] ; DOUT[1]$latch  ; CLK          ; ADDR[0]     ; 0.000        ; 2.780      ; 3.894      ;
; 1.084  ; REG8:\reg_gen:27:regs|y[4] ; DOUT[4]$latch  ; CLK          ; ADDR[0]     ; 0.000        ; 2.402      ; 3.526      ;
; 1.094  ; REG8:\reg_gen:27:regs|y[3] ; DOUT[3]$latch  ; CLK          ; ADDR[0]     ; 0.000        ; 2.781      ; 3.915      ;
; 1.099  ; REG8:\reg_gen:29:regs|y[7] ; DOUT[7]$latch  ; CLK          ; ADDR[0]     ; 0.000        ; 2.791      ; 3.930      ;
; 1.114  ; REG8:\reg_gen:7:regs|y[2]  ; DOUT[2]$latch  ; CLK          ; ADDR[0]     ; 0.000        ; 2.782      ; 3.936      ;
; 1.114  ; REG8:\reg_gen:27:regs|y[5] ; DOUT[5]$latch  ; CLK          ; ADDR[0]     ; 0.000        ; 2.782      ; 3.936      ;
; 1.115  ; REG8:\reg_gen:26:regs|y[0] ; DOUT[0]$latch  ; CLK          ; ADDR[0]     ; 0.000        ; 2.788      ; 3.943      ;
; 1.123  ; REG8:\reg_gen:30:regs|y[1] ; DOUT[1]$latch  ; CLK          ; ADDR[0]     ; 0.000        ; 2.788      ; 3.951      ;
; 1.123  ; REG8:\reg_gen:7:regs|y[5]  ; DOUT[5]$latch  ; CLK          ; ADDR[0]     ; 0.000        ; 2.783      ; 3.946      ;
; 1.125  ; REG8:\reg_gen:23:regs|y[4] ; DOUT[4]$latch  ; CLK          ; ADDR[0]     ; 0.000        ; 2.778      ; 3.943      ;
; 1.138  ; REG8:\reg_gen:31:regs|y[3] ; DOUT[11]$latch ; CLK          ; ADDR[0]     ; 0.000        ; 2.773      ; 3.951      ;
; 1.174  ; REG8:\reg_gen:7:regs|y[0]  ; DOUT[0]$latch  ; CLK          ; ADDR[0]     ; 0.000        ; 2.776      ; 3.990      ;
; 1.174  ; REG8:\reg_gen:3:regs|y[0]  ; DOUT[0]$latch  ; CLK          ; ADDR[0]     ; 0.000        ; 2.775      ; 3.989      ;
; 1.177  ; REG8:\reg_gen:19:regs|y[2] ; DOUT[2]$latch  ; CLK          ; ADDR[0]     ; 0.000        ; 2.781      ; 3.998      ;
; 1.180  ; REG8:\reg_gen:23:regs|y[2] ; DOUT[2]$latch  ; CLK          ; ADDR[0]     ; 0.000        ; 2.782      ; 4.002      ;
; 1.187  ; REG8:\reg_gen:7:regs|y[6]  ; DOUT[6]$latch  ; CLK          ; ADDR[0]     ; 0.000        ; 2.779      ; 4.006      ;
; 1.207  ; REG8:\reg_gen:30:regs|y[0] ; DOUT[0]$latch  ; CLK          ; ADDR[0]     ; 0.000        ; 2.782      ; 4.029      ;
; 1.207  ; REG8:\reg_gen:23:regs|y[7] ; DOUT[7]$latch  ; CLK          ; ADDR[0]     ; 0.000        ; 2.772      ; 4.019      ;
; 1.221  ; REG8:\reg_gen:15:regs|y[6] ; DOUT[14]$latch ; CLK          ; ADDR[0]     ; 0.000        ; 2.395      ; 3.656      ;
; 1.227  ; REG8:\reg_gen:27:regs|y[6] ; DOUT[6]$latch  ; CLK          ; ADDR[0]     ; 0.000        ; 2.780      ; 4.047      ;
; 1.228  ; REG8:\reg_gen:31:regs|y[7] ; DOUT[15]$latch ; CLK          ; ADDR[0]     ; 0.000        ; 2.398      ; 3.666      ;
; 1.239  ; REG8:\reg_gen:0:regs|y[7]  ; DOUT[7]$latch  ; CLK          ; ADDR[0]     ; 0.000        ; 2.775      ; 4.054      ;
; 1.240  ; REG8:\reg_gen:15:regs|y[2] ; DOUT[2]$latch  ; CLK          ; ADDR[0]     ; 0.000        ; 2.378      ; 3.658      ;
; 1.240  ; REG8:\reg_gen:2:regs|y[4]  ; DOUT[4]$latch  ; CLK          ; ADDR[0]     ; 0.000        ; 2.790      ; 4.070      ;
; 1.256  ; REG8:\reg_gen:23:regs|y[6] ; DOUT[6]$latch  ; CLK          ; ADDR[0]     ; 0.000        ; 2.779      ; 4.075      ;
; 1.282  ; REG8:\reg_gen:28:regs|y[7] ; DOUT[15]$latch ; CLK          ; ADDR[0]     ; 0.000        ; 2.801      ; 4.123      ;
; 1.282  ; REG8:\reg_gen:26:regs|y[4] ; DOUT[4]$latch  ; CLK          ; ADDR[0]     ; 0.000        ; 2.443      ; 3.765      ;
; 1.290  ; REG8:\reg_gen:14:regs|y[6] ; DOUT[6]$latch  ; CLK          ; ADDR[0]     ; 0.000        ; 2.403      ; 3.733      ;
; 1.301  ; REG8:\reg_gen:25:regs|y[2] ; DOUT[2]$latch  ; CLK          ; ADDR[0]     ; 0.000        ; 2.788      ; 4.129      ;
; 1.301  ; REG8:\reg_gen:3:regs|y[7]  ; DOUT[7]$latch  ; CLK          ; ADDR[0]     ; 0.000        ; 2.773      ; 4.114      ;
; 1.306  ; REG8:\reg_gen:23:regs|y[5] ; DOUT[5]$latch  ; CLK          ; ADDR[0]     ; 0.000        ; 2.781      ; 4.127      ;
; 1.309  ; REG8:\reg_gen:6:regs|y[1]  ; DOUT[1]$latch  ; CLK          ; ADDR[0]     ; 0.000        ; 2.790      ; 4.139      ;
; 1.310  ; REG8:\reg_gen:25:regs|y[5] ; DOUT[5]$latch  ; CLK          ; ADDR[0]     ; 0.000        ; 2.424      ; 3.774      ;
; 1.311  ; REG8:\reg_gen:25:regs|y[1] ; DOUT[1]$latch  ; CLK          ; ADDR[0]     ; 0.000        ; 2.779      ; 4.130      ;
; 1.319  ; REG8:\reg_gen:11:regs|y[4] ; DOUT[4]$latch  ; CLK          ; ADDR[0]     ; 0.000        ; 2.781      ; 4.140      ;
; 1.328  ; REG8:\reg_gen:15:regs|y[4] ; DOUT[4]$latch  ; CLK          ; ADDR[0]     ; 0.000        ; 2.369      ; 3.737      ;
; 1.331  ; REG8:\reg_gen:27:regs|y[0] ; DOUT[8]$latch  ; CLK          ; ADDR[0]     ; 0.000        ; 2.773      ; 4.144      ;
; 1.341  ; REG8:\reg_gen:29:regs|y[5] ; DOUT[5]$latch  ; CLK          ; ADDR[0]     ; 0.000        ; 2.392      ; 3.773      ;
; 1.345  ; REG8:\reg_gen:2:regs|y[6]  ; DOUT[6]$latch  ; CLK          ; ADDR[0]     ; 0.000        ; 2.791      ; 4.176      ;
; 1.362  ; REG8:\reg_gen:15:regs|y[6] ; DOUT[6]$latch  ; CLK          ; ADDR[0]     ; 0.000        ; 2.396      ; 3.798      ;
; 1.366  ; REG8:\reg_gen:11:regs|y[0] ; DOUT[0]$latch  ; CLK          ; ADDR[0]     ; 0.000        ; 2.777      ; 4.183      ;
; 1.371  ; REG8:\reg_gen:27:regs|y[1] ; DOUT[9]$latch  ; CLK          ; ADDR[0]     ; 0.000        ; 2.783      ; 4.194      ;
; 1.381  ; REG8:\reg_gen:19:regs|y[0] ; DOUT[0]$latch  ; CLK          ; ADDR[0]     ; 0.000        ; 2.773      ; 4.194      ;
+--------+----------------------------+----------------+--------------+-------------+--------------+------------+------------+


+----------------------------------------------------------------------------------------------------------------------+
; Slow 1200mV 0C Model Hold: 'CLK'                                                                                     ;
+-------+-----------+----------------------------+--------------+-------------+--------------+------------+------------+
; Slack ; From Node ; To Node                    ; Launch Clock ; Latch Clock ; Relationship ; Clock Skew ; Data Delay ;
+-------+-----------+----------------------------+--------------+-------------+--------------+------------+------------+
; 1.047 ; ADDR[0]   ; REG8:\reg_gen:26:regs|y[1] ; ADDR[0]      ; CLK         ; 0.000        ; 3.164      ; 4.422      ;
; 1.070 ; ADDR[0]   ; REG8:\reg_gen:14:regs|y[1] ; ADDR[0]      ; CLK         ; 0.000        ; 3.198      ; 4.479      ;
; 1.085 ; ADDR[0]   ; REG8:\reg_gen:14:regs|y[0] ; ADDR[0]      ; CLK         ; 0.000        ; 3.186      ; 4.482      ;
; 1.085 ; ADDR[0]   ; REG8:\reg_gen:14:regs|y[2] ; ADDR[0]      ; CLK         ; 0.000        ; 3.186      ; 4.482      ;
; 1.085 ; ADDR[0]   ; REG8:\reg_gen:14:regs|y[3] ; ADDR[0]      ; CLK         ; 0.000        ; 3.186      ; 4.482      ;
; 1.085 ; ADDR[0]   ; REG8:\reg_gen:14:regs|y[4] ; ADDR[0]      ; CLK         ; 0.000        ; 3.186      ; 4.482      ;
; 1.085 ; ADDR[0]   ; REG8:\reg_gen:14:regs|y[5] ; ADDR[0]      ; CLK         ; 0.000        ; 3.186      ; 4.482      ;
; 1.085 ; ADDR[0]   ; REG8:\reg_gen:14:regs|y[6] ; ADDR[0]      ; CLK         ; 0.000        ; 3.186      ; 4.482      ;
; 1.085 ; ADDR[0]   ; REG8:\reg_gen:14:regs|y[7] ; ADDR[0]      ; CLK         ; 0.000        ; 3.186      ; 4.482      ;
; 1.099 ; ADDR[0]   ; REG8:\reg_gen:16:regs|y[0] ; ADDR[0]      ; CLK         ; 0.000        ; 3.150      ; 4.460      ;
; 1.099 ; ADDR[0]   ; REG8:\reg_gen:16:regs|y[2] ; ADDR[0]      ; CLK         ; 0.000        ; 3.150      ; 4.460      ;
; 1.099 ; ADDR[0]   ; REG8:\reg_gen:16:regs|y[3] ; ADDR[0]      ; CLK         ; 0.000        ; 3.150      ; 4.460      ;
; 1.099 ; ADDR[0]   ; REG8:\reg_gen:16:regs|y[4] ; ADDR[0]      ; CLK         ; 0.000        ; 3.150      ; 4.460      ;
; 1.099 ; ADDR[0]   ; REG8:\reg_gen:16:regs|y[6] ; ADDR[0]      ; CLK         ; 0.000        ; 3.150      ; 4.460      ;
; 1.099 ; ADDR[0]   ; REG8:\reg_gen:16:regs|y[7] ; ADDR[0]      ; CLK         ; 0.000        ; 3.150      ; 4.460      ;
; 1.130 ; ADDR[0]   ; REG8:\reg_gen:28:regs|y[0] ; ADDR[0]      ; CLK         ; 0.000        ; 3.191      ; 4.532      ;
; 1.130 ; ADDR[0]   ; REG8:\reg_gen:28:regs|y[1] ; ADDR[0]      ; CLK         ; 0.000        ; 3.191      ; 4.532      ;
; 1.130 ; ADDR[0]   ; REG8:\reg_gen:28:regs|y[5] ; ADDR[0]      ; CLK         ; 0.000        ; 3.191      ; 4.532      ;
; 1.238 ; ADDR[0]   ; REG8:\reg_gen:16:regs|y[1] ; ADDR[0]      ; CLK         ; 0.000        ; 3.158      ; 4.607      ;
; 1.238 ; ADDR[0]   ; REG8:\reg_gen:16:regs|y[5] ; ADDR[0]      ; CLK         ; 0.000        ; 3.158      ; 4.607      ;
; 1.240 ; ADDR[0]   ; REG8:\reg_gen:0:regs|y[0]  ; ADDR[0]      ; CLK         ; 0.000        ; 2.792      ; 4.243      ;
; 1.240 ; ADDR[0]   ; REG8:\reg_gen:0:regs|y[1]  ; ADDR[0]      ; CLK         ; 0.000        ; 2.792      ; 4.243      ;
; 1.240 ; ADDR[0]   ; REG8:\reg_gen:0:regs|y[2]  ; ADDR[0]      ; CLK         ; 0.000        ; 2.792      ; 4.243      ;
; 1.240 ; ADDR[0]   ; REG8:\reg_gen:0:regs|y[3]  ; ADDR[0]      ; CLK         ; 0.000        ; 2.792      ; 4.243      ;
; 1.240 ; ADDR[0]   ; REG8:\reg_gen:0:regs|y[4]  ; ADDR[0]      ; CLK         ; 0.000        ; 2.792      ; 4.243      ;
; 1.240 ; ADDR[0]   ; REG8:\reg_gen:0:regs|y[5]  ; ADDR[0]      ; CLK         ; 0.000        ; 2.792      ; 4.243      ;
; 1.240 ; ADDR[0]   ; REG8:\reg_gen:0:regs|y[6]  ; ADDR[0]      ; CLK         ; 0.000        ; 2.792      ; 4.243      ;
; 1.240 ; ADDR[0]   ; REG8:\reg_gen:0:regs|y[7]  ; ADDR[0]      ; CLK         ; 0.000        ; 2.792      ; 4.243      ;
; 1.243 ; ADDR[0]   ; REG8:\reg_gen:2:regs|y[1]  ; ADDR[0]      ; CLK         ; 0.000        ; 3.133      ; 4.587      ;
; 1.254 ; ADDR[0]   ; REG8:\reg_gen:26:regs|y[2] ; ADDR[0]      ; CLK         ; 0.000        ; 3.143      ; 4.608      ;
; 1.254 ; ADDR[0]   ; REG8:\reg_gen:26:regs|y[3] ; ADDR[0]      ; CLK         ; 0.000        ; 3.143      ; 4.608      ;
; 1.254 ; ADDR[0]   ; REG8:\reg_gen:26:regs|y[4] ; ADDR[0]      ; CLK         ; 0.000        ; 3.143      ; 4.608      ;
; 1.254 ; ADDR[0]   ; REG8:\reg_gen:26:regs|y[5] ; ADDR[0]      ; CLK         ; 0.000        ; 3.143      ; 4.608      ;
; 1.254 ; ADDR[0]   ; REG8:\reg_gen:26:regs|y[6] ; ADDR[0]      ; CLK         ; 0.000        ; 3.143      ; 4.608      ;
; 1.254 ; ADDR[0]   ; REG8:\reg_gen:26:regs|y[7] ; ADDR[0]      ; CLK         ; 0.000        ; 3.143      ; 4.608      ;
; 1.307 ; ADDR[0]   ; REG8:\reg_gen:2:regs|y[0]  ; ADDR[0]      ; CLK         ; 0.000        ; 3.180      ; 4.698      ;
; 1.446 ; ADDR[0]   ; REG8:\reg_gen:8:regs|y[0]  ; ADDR[0]      ; CLK         ; 0.000        ; 2.790      ; 4.447      ;
; 1.446 ; ADDR[0]   ; REG8:\reg_gen:8:regs|y[1]  ; ADDR[0]      ; CLK         ; 0.000        ; 2.790      ; 4.447      ;
; 1.446 ; ADDR[0]   ; REG8:\reg_gen:8:regs|y[2]  ; ADDR[0]      ; CLK         ; 0.000        ; 2.790      ; 4.447      ;
; 1.446 ; ADDR[0]   ; REG8:\reg_gen:8:regs|y[3]  ; ADDR[0]      ; CLK         ; 0.000        ; 2.790      ; 4.447      ;
; 1.446 ; ADDR[0]   ; REG8:\reg_gen:8:regs|y[4]  ; ADDR[0]      ; CLK         ; 0.000        ; 2.790      ; 4.447      ;
; 1.446 ; ADDR[0]   ; REG8:\reg_gen:8:regs|y[5]  ; ADDR[0]      ; CLK         ; 0.000        ; 2.790      ; 4.447      ;
; 1.446 ; ADDR[0]   ; REG8:\reg_gen:8:regs|y[6]  ; ADDR[0]      ; CLK         ; 0.000        ; 2.790      ; 4.447      ;
; 1.458 ; ADDR[0]   ; REG8:\reg_gen:28:regs|y[2] ; ADDR[0]      ; CLK         ; 0.000        ; 2.767      ; 4.436      ;
; 1.458 ; ADDR[0]   ; REG8:\reg_gen:28:regs|y[4] ; ADDR[0]      ; CLK         ; 0.000        ; 2.767      ; 4.436      ;
; 1.458 ; ADDR[0]   ; REG8:\reg_gen:28:regs|y[6] ; ADDR[0]      ; CLK         ; 0.000        ; 2.767      ; 4.436      ;
; 1.458 ; ADDR[0]   ; REG8:\reg_gen:28:regs|y[7] ; ADDR[0]      ; CLK         ; 0.000        ; 2.767      ; 4.436      ;
; 1.463 ; ADDR[0]   ; REG8:\reg_gen:8:regs|y[7]  ; ADDR[0]      ; CLK         ; 0.000        ; 2.792      ; 4.466      ;
; 1.477 ; ADDR[0]   ; REG8:\reg_gen:4:regs|y[2]  ; ADDR[0]      ; CLK         ; 0.000        ; 2.769      ; 4.457      ;
; 1.477 ; ADDR[0]   ; REG8:\reg_gen:4:regs|y[4]  ; ADDR[0]      ; CLK         ; 0.000        ; 2.769      ; 4.457      ;
; 1.477 ; ADDR[0]   ; REG8:\reg_gen:4:regs|y[6]  ; ADDR[0]      ; CLK         ; 0.000        ; 2.769      ; 4.457      ;
; 1.477 ; ADDR[0]   ; REG8:\reg_gen:4:regs|y[7]  ; ADDR[0]      ; CLK         ; 0.000        ; 2.769      ; 4.457      ;
; 1.477 ; ADDR[0]   ; REG8:\reg_gen:26:regs|y[0] ; ADDR[0]      ; CLK         ; 0.000        ; 2.780      ; 4.468      ;
; 1.479 ; ADDR[0]   ; REG8:\reg_gen:4:regs|y[0]  ; ADDR[0]      ; CLK         ; 0.000        ; 2.771      ; 4.461      ;
; 1.479 ; ADDR[0]   ; REG8:\reg_gen:4:regs|y[1]  ; ADDR[0]      ; CLK         ; 0.000        ; 2.771      ; 4.461      ;
; 1.479 ; ADDR[0]   ; REG8:\reg_gen:4:regs|y[3]  ; ADDR[0]      ; CLK         ; 0.000        ; 2.771      ; 4.461      ;
; 1.479 ; ADDR[0]   ; REG8:\reg_gen:4:regs|y[5]  ; ADDR[0]      ; CLK         ; 0.000        ; 2.771      ; 4.461      ;
; 1.503 ; ADDR[0]   ; REG8:\reg_gen:20:regs|y[0] ; ADDR[0]      ; CLK         ; 0.000        ; 2.771      ; 4.485      ;
; 1.503 ; ADDR[0]   ; REG8:\reg_gen:20:regs|y[1] ; ADDR[0]      ; CLK         ; 0.000        ; 2.771      ; 4.485      ;
; 1.503 ; ADDR[0]   ; REG8:\reg_gen:20:regs|y[2] ; ADDR[0]      ; CLK         ; 0.000        ; 2.771      ; 4.485      ;
; 1.503 ; ADDR[0]   ; REG8:\reg_gen:20:regs|y[3] ; ADDR[0]      ; CLK         ; 0.000        ; 2.771      ; 4.485      ;
; 1.503 ; ADDR[0]   ; REG8:\reg_gen:20:regs|y[4] ; ADDR[0]      ; CLK         ; 0.000        ; 2.771      ; 4.485      ;
; 1.503 ; ADDR[0]   ; REG8:\reg_gen:20:regs|y[5] ; ADDR[0]      ; CLK         ; 0.000        ; 2.771      ; 4.485      ;
; 1.503 ; ADDR[0]   ; REG8:\reg_gen:20:regs|y[6] ; ADDR[0]      ; CLK         ; 0.000        ; 2.771      ; 4.485      ;
; 1.503 ; ADDR[0]   ; REG8:\reg_gen:20:regs|y[7] ; ADDR[0]      ; CLK         ; 0.000        ; 2.771      ; 4.485      ;
; 1.522 ; ADDR[0]   ; REG8:\reg_gen:28:regs|y[3] ; ADDR[0]      ; CLK         ; 0.000        ; 2.794      ; 4.527      ;
; 1.566 ; ADDR[0]   ; REG8:\reg_gen:2:regs|y[2]  ; ADDR[0]      ; CLK         ; 0.000        ; 2.783      ; 4.560      ;
; 1.566 ; ADDR[0]   ; REG8:\reg_gen:2:regs|y[3]  ; ADDR[0]      ; CLK         ; 0.000        ; 2.783      ; 4.560      ;
; 1.566 ; ADDR[0]   ; REG8:\reg_gen:2:regs|y[4]  ; ADDR[0]      ; CLK         ; 0.000        ; 2.783      ; 4.560      ;
; 1.566 ; ADDR[0]   ; REG8:\reg_gen:2:regs|y[5]  ; ADDR[0]      ; CLK         ; 0.000        ; 2.783      ; 4.560      ;
; 1.566 ; ADDR[0]   ; REG8:\reg_gen:2:regs|y[6]  ; ADDR[0]      ; CLK         ; 0.000        ; 2.783      ; 4.560      ;
; 1.566 ; ADDR[0]   ; REG8:\reg_gen:2:regs|y[7]  ; ADDR[0]      ; CLK         ; 0.000        ; 2.783      ; 4.560      ;
; 1.566 ; ADDR[0]   ; REG8:\reg_gen:14:regs|y[1] ; ADDR[0]      ; CLK         ; -0.500       ; 3.198      ; 4.475      ;
; 1.581 ; ADDR[0]   ; REG8:\reg_gen:14:regs|y[0] ; ADDR[0]      ; CLK         ; -0.500       ; 3.186      ; 4.478      ;
; 1.581 ; ADDR[0]   ; REG8:\reg_gen:14:regs|y[2] ; ADDR[0]      ; CLK         ; -0.500       ; 3.186      ; 4.478      ;
; 1.581 ; ADDR[0]   ; REG8:\reg_gen:14:regs|y[3] ; ADDR[0]      ; CLK         ; -0.500       ; 3.186      ; 4.478      ;
; 1.581 ; ADDR[0]   ; REG8:\reg_gen:14:regs|y[4] ; ADDR[0]      ; CLK         ; -0.500       ; 3.186      ; 4.478      ;
; 1.581 ; ADDR[0]   ; REG8:\reg_gen:14:regs|y[5] ; ADDR[0]      ; CLK         ; -0.500       ; 3.186      ; 4.478      ;
; 1.581 ; ADDR[0]   ; REG8:\reg_gen:14:regs|y[6] ; ADDR[0]      ; CLK         ; -0.500       ; 3.186      ; 4.478      ;
; 1.581 ; ADDR[0]   ; REG8:\reg_gen:14:regs|y[7] ; ADDR[0]      ; CLK         ; -0.500       ; 3.186      ; 4.478      ;
; 1.587 ; ADDR[0]   ; REG8:\reg_gen:24:regs|y[0] ; ADDR[0]      ; CLK         ; 0.000        ; 2.782      ; 4.580      ;
; 1.587 ; ADDR[0]   ; REG8:\reg_gen:24:regs|y[1] ; ADDR[0]      ; CLK         ; 0.000        ; 2.782      ; 4.580      ;
; 1.587 ; ADDR[0]   ; REG8:\reg_gen:24:regs|y[2] ; ADDR[0]      ; CLK         ; 0.000        ; 2.782      ; 4.580      ;
; 1.587 ; ADDR[0]   ; REG8:\reg_gen:24:regs|y[3] ; ADDR[0]      ; CLK         ; 0.000        ; 2.782      ; 4.580      ;
; 1.587 ; ADDR[0]   ; REG8:\reg_gen:24:regs|y[4] ; ADDR[0]      ; CLK         ; 0.000        ; 2.782      ; 4.580      ;
; 1.587 ; ADDR[0]   ; REG8:\reg_gen:24:regs|y[5] ; ADDR[0]      ; CLK         ; 0.000        ; 2.782      ; 4.580      ;
; 1.587 ; ADDR[0]   ; REG8:\reg_gen:24:regs|y[6] ; ADDR[0]      ; CLK         ; 0.000        ; 2.782      ; 4.580      ;
; 1.587 ; ADDR[0]   ; REG8:\reg_gen:24:regs|y[7] ; ADDR[0]      ; CLK         ; 0.000        ; 2.782      ; 4.580      ;
; 1.593 ; ADDR[0]   ; REG8:\reg_gen:10:regs|y[1] ; ADDR[0]      ; CLK         ; 0.000        ; 2.774      ; 4.578      ;
; 1.604 ; ADDR[0]   ; REG8:\reg_gen:26:regs|y[1] ; ADDR[0]      ; CLK         ; -0.500       ; 3.164      ; 4.479      ;
; 1.608 ; ADDR[0]   ; REG8:\reg_gen:10:regs|y[0] ; ADDR[0]      ; CLK         ; 0.000        ; 2.781      ; 4.600      ;
; 1.608 ; ADDR[0]   ; REG8:\reg_gen:10:regs|y[2] ; ADDR[0]      ; CLK         ; 0.000        ; 2.781      ; 4.600      ;
; 1.608 ; ADDR[0]   ; REG8:\reg_gen:10:regs|y[3] ; ADDR[0]      ; CLK         ; 0.000        ; 2.781      ; 4.600      ;
; 1.608 ; ADDR[0]   ; REG8:\reg_gen:10:regs|y[4] ; ADDR[0]      ; CLK         ; 0.000        ; 2.781      ; 4.600      ;
; 1.608 ; ADDR[0]   ; REG8:\reg_gen:10:regs|y[5] ; ADDR[0]      ; CLK         ; 0.000        ; 2.781      ; 4.600      ;
; 1.608 ; ADDR[0]   ; REG8:\reg_gen:10:regs|y[6] ; ADDR[0]      ; CLK         ; 0.000        ; 2.781      ; 4.600      ;
; 1.608 ; ADDR[0]   ; REG8:\reg_gen:10:regs|y[7] ; ADDR[0]      ; CLK         ; 0.000        ; 2.781      ; 4.600      ;
; 1.628 ; ADDR[0]   ; REG8:\reg_gen:12:regs|y[0] ; ADDR[0]      ; CLK         ; 0.000        ; 2.769      ; 4.608      ;
; 1.628 ; ADDR[0]   ; REG8:\reg_gen:12:regs|y[1] ; ADDR[0]      ; CLK         ; 0.000        ; 2.769      ; 4.608      ;
; 1.628 ; ADDR[0]   ; REG8:\reg_gen:12:regs|y[3] ; ADDR[0]      ; CLK         ; 0.000        ; 2.769      ; 4.608      ;
+-------+-----------+----------------------------+--------------+-------------+--------------+------------+------------+


----------------------------------------------
; Slow 1200mV 0C Model Metastability Summary ;
----------------------------------------------
No synchronizer chains to report.


+------------------------------------+
; Fast 1200mV 0C Model Setup Summary ;
+---------+--------+-----------------+
; Clock   ; Slack  ; End Point TNS   ;
+---------+--------+-----------------+
; ADDR[0] ; -1.662 ; -20.395         ;
; CLK     ; -1.051 ; -116.020        ;
+---------+--------+-----------------+


+-----------------------------------+
; Fast 1200mV 0C Model Hold Summary ;
+---------+--------+----------------+
; Clock   ; Slack  ; End Point TNS  ;
+---------+--------+----------------+
; ADDR[0] ; -0.371 ; -4.204         ;
; CLK     ; 0.349  ; 0.000          ;
+---------+--------+----------------+


-----------------------------------------
; Fast 1200mV 0C Model Recovery Summary ;
-----------------------------------------
No paths to report.


----------------------------------------
; Fast 1200mV 0C Model Removal Summary ;
----------------------------------------
No paths to report.


+--------------------------------------------------+
; Fast 1200mV 0C Model Minimum Pulse Width Summary ;
+---------+--------+-------------------------------+
; Clock   ; Slack  ; End Point TNS                 ;
+---------+--------+-------------------------------+
; CLK     ; -3.000 ; -276.148                      ;
; ADDR[0] ; -3.000 ; -3.000                        ;
+---------+--------+-------------------------------+


+----------------------------------------------------------------------------------------------------------------------------+
; Fast 1200mV 0C Model Setup: 'ADDR[0]'                                                                                      ;
+--------+----------------------------+----------------+--------------+-------------+--------------+------------+------------+
; Slack  ; From Node                  ; To Node        ; Launch Clock ; Latch Clock ; Relationship ; Clock Skew ; Data Delay ;
+--------+----------------------------+----------------+--------------+-------------+--------------+------------+------------+
; -1.662 ; REG8:\reg_gen:12:regs|y[3] ; DOUT[11]$latch ; CLK          ; ADDR[0]     ; 1.000        ; 1.400      ; 3.601      ;
; -1.480 ; REG8:\reg_gen:22:regs|y[3] ; DOUT[11]$latch ; CLK          ; ADDR[0]     ; 1.000        ; 1.389      ; 3.408      ;
; -1.480 ; REG8:\reg_gen:20:regs|y[3] ; DOUT[11]$latch ; CLK          ; ADDR[0]     ; 1.000        ; 1.398      ; 3.417      ;
; -1.461 ; REG8:\reg_gen:13:regs|y[6] ; DOUT[14]$latch ; CLK          ; ADDR[0]     ; 1.000        ; 1.391      ; 3.391      ;
; -1.460 ; REG8:\reg_gen:4:regs|y[3]  ; DOUT[11]$latch ; CLK          ; ADDR[0]     ; 1.000        ; 1.398      ; 3.397      ;
; -1.459 ; REG8:\reg_gen:6:regs|y[3]  ; DOUT[11]$latch ; CLK          ; ADDR[0]     ; 1.000        ; 1.389      ; 3.387      ;
; -1.457 ; REG8:\reg_gen:21:regs|y[6] ; DOUT[14]$latch ; CLK          ; ADDR[0]     ; 1.000        ; 1.391      ; 3.387      ;
; -1.455 ; REG8:\reg_gen:17:regs|y[2] ; DOUT[10]$latch ; CLK          ; ADDR[0]     ; 1.000        ; 1.389      ; 3.477      ;
; -1.450 ; REG8:\reg_gen:21:regs|y[2] ; DOUT[10]$latch ; CLK          ; ADDR[0]     ; 1.000        ; 1.393      ; 3.476      ;
; -1.445 ; REG8:\reg_gen:13:regs|y[2] ; DOUT[10]$latch ; CLK          ; ADDR[0]     ; 1.000        ; 1.389      ; 3.467      ;
; -1.437 ; REG8:\reg_gen:9:regs|y[2]  ; DOUT[10]$latch ; CLK          ; ADDR[0]     ; 1.000        ; 1.376      ; 3.446      ;
; -1.415 ; REG8:\reg_gen:1:regs|y[2]  ; DOUT[10]$latch ; CLK          ; ADDR[0]     ; 1.000        ; 1.376      ; 3.424      ;
; -1.412 ; REG8:\reg_gen:10:regs|y[3] ; DOUT[11]$latch ; CLK          ; ADDR[0]     ; 1.000        ; 1.392      ; 3.343      ;
; -1.408 ; REG8:\reg_gen:18:regs|y[3] ; DOUT[11]$latch ; CLK          ; ADDR[0]     ; 1.000        ; 1.392      ; 3.339      ;
; -1.405 ; REG8:\reg_gen:13:regs|y[3] ; DOUT[11]$latch ; CLK          ; ADDR[0]     ; 1.000        ; 1.395      ; 3.339      ;
; -1.402 ; REG8:\reg_gen:18:regs|y[1] ; DOUT[9]$latch  ; CLK          ; ADDR[0]     ; 1.000        ; 1.396      ; 3.431      ;
; -1.402 ; REG8:\reg_gen:21:regs|y[3] ; DOUT[11]$latch ; CLK          ; ADDR[0]     ; 1.000        ; 1.395      ; 3.336      ;
; -1.400 ; REG8:\reg_gen:14:regs|y[3] ; DOUT[11]$latch ; CLK          ; ADDR[0]     ; 1.000        ; 1.183      ; 3.122      ;
; -1.397 ; REG8:\reg_gen:22:regs|y[2] ; DOUT[10]$latch ; CLK          ; ADDR[0]     ; 1.000        ; 1.387      ; 3.417      ;
; -1.383 ; REG8:\reg_gen:10:regs|y[2] ; DOUT[10]$latch ; CLK          ; ADDR[0]     ; 1.000        ; 1.390      ; 3.406      ;
; -1.381 ; REG8:\reg_gen:16:regs|y[4] ; DOUT[4]$latch  ; CLK          ; ADDR[0]     ; 1.000        ; 1.197      ; 3.211      ;
; -1.379 ; REG8:\reg_gen:20:regs|y[2] ; DOUT[2]$latch  ; CLK          ; ADDR[0]     ; 1.000        ; 1.398      ; 3.317      ;
; -1.370 ; REG8:\reg_gen:9:regs|y[6]  ; DOUT[14]$latch ; CLK          ; ADDR[0]     ; 1.000        ; 1.374      ; 3.283      ;
; -1.367 ; REG8:\reg_gen:30:regs|y[3] ; DOUT[11]$latch ; CLK          ; ADDR[0]     ; 1.000        ; 1.387      ; 3.293      ;
; -1.358 ; REG8:\reg_gen:19:regs|y[6] ; DOUT[14]$latch ; CLK          ; ADDR[0]     ; 1.000        ; 1.373      ; 3.270      ;
; -1.354 ; REG8:\reg_gen:24:regs|y[3] ; DOUT[3]$latch  ; CLK          ; ADDR[0]     ; 1.000        ; 1.391      ; 3.298      ;
; -1.353 ; REG8:\reg_gen:11:regs|y[6] ; DOUT[14]$latch ; CLK          ; ADDR[0]     ; 1.000        ; 1.378      ; 3.270      ;
; -1.350 ; REG8:\reg_gen:19:regs|y[2] ; DOUT[10]$latch ; CLK          ; ADDR[0]     ; 1.000        ; 1.375      ; 3.358      ;
; -1.350 ; REG8:\reg_gen:5:regs|y[2]  ; DOUT[10]$latch ; CLK          ; ADDR[0]     ; 1.000        ; 1.391      ; 3.374      ;
; -1.349 ; REG8:\reg_gen:1:regs|y[6]  ; DOUT[14]$latch ; CLK          ; ADDR[0]     ; 1.000        ; 1.374      ; 3.262      ;
; -1.343 ; REG8:\reg_gen:5:regs|y[6]  ; DOUT[14]$latch ; CLK          ; ADDR[0]     ; 1.000        ; 1.389      ; 3.271      ;
; -1.312 ; REG8:\reg_gen:26:regs|y[3] ; DOUT[11]$latch ; CLK          ; ADDR[0]     ; 1.000        ; 1.204      ; 3.055      ;
; -1.302 ; REG8:\reg_gen:5:regs|y[3]  ; DOUT[11]$latch ; CLK          ; ADDR[0]     ; 1.000        ; 1.393      ; 3.234      ;
; -1.299 ; REG8:\reg_gen:2:regs|y[3]  ; DOUT[11]$latch ; CLK          ; ADDR[0]     ; 1.000        ; 1.390      ; 3.228      ;
; -1.296 ; REG8:\reg_gen:16:regs|y[2] ; DOUT[2]$latch  ; CLK          ; ADDR[0]     ; 1.000        ; 1.201      ; 3.037      ;
; -1.293 ; REG8:\reg_gen:6:regs|y[2]  ; DOUT[10]$latch ; CLK          ; ADDR[0]     ; 1.000        ; 1.387      ; 3.313      ;
; -1.284 ; REG8:\reg_gen:18:regs|y[2] ; DOUT[10]$latch ; CLK          ; ADDR[0]     ; 1.000        ; 1.390      ; 3.307      ;
; -1.277 ; REG8:\reg_gen:20:regs|y[2] ; DOUT[10]$latch ; CLK          ; ADDR[0]     ; 1.000        ; 1.396      ; 3.306      ;
; -1.277 ; REG8:\reg_gen:17:regs|y[6] ; DOUT[14]$latch ; CLK          ; ADDR[0]     ; 1.000        ; 1.376      ; 3.192      ;
; -1.271 ; REG8:\reg_gen:16:regs|y[0] ; DOUT[0]$latch  ; CLK          ; ADDR[0]     ; 1.000        ; 1.193      ; 3.097      ;
; -1.269 ; REG8:\reg_gen:4:regs|y[2]  ; DOUT[2]$latch  ; CLK          ; ADDR[0]     ; 1.000        ; 1.400      ; 3.209      ;
; -1.264 ; REG8:\reg_gen:21:regs|y[5] ; DOUT[13]$latch ; CLK          ; ADDR[0]     ; 1.000        ; 1.394      ; 3.197      ;
; -1.256 ; REG8:\reg_gen:17:regs|y[3] ; DOUT[11]$latch ; CLK          ; ADDR[0]     ; 1.000        ; 1.374      ; 3.169      ;
; -1.253 ; REG8:\reg_gen:3:regs|y[6]  ; DOUT[14]$latch ; CLK          ; ADDR[0]     ; 1.000        ; 1.376      ; 3.168      ;
; -1.241 ; REG8:\reg_gen:30:regs|y[1] ; DOUT[9]$latch  ; CLK          ; ADDR[0]     ; 1.000        ; 1.385      ; 3.259      ;
; -1.238 ; REG8:\reg_gen:3:regs|y[2]  ; DOUT[10]$latch ; CLK          ; ADDR[0]     ; 1.000        ; 1.378      ; 3.249      ;
; -1.232 ; REG8:\reg_gen:19:regs|y[1] ; DOUT[1]$latch  ; CLK          ; ADDR[0]     ; 1.000        ; 1.375      ; 3.069      ;
; -1.229 ; REG8:\reg_gen:13:regs|y[0] ; DOUT[0]$latch  ; CLK          ; ADDR[0]     ; 1.000        ; 1.387      ; 3.249      ;
; -1.228 ; REG8:\reg_gen:24:regs|y[3] ; DOUT[11]$latch ; CLK          ; ADDR[0]     ; 1.000        ; 1.392      ; 3.159      ;
; -1.224 ; REG8:\reg_gen:28:regs|y[3] ; DOUT[11]$latch ; CLK          ; ADDR[0]     ; 1.000        ; 1.383      ; 3.146      ;
; -1.221 ; REG8:\reg_gen:21:regs|y[0] ; DOUT[0]$latch  ; CLK          ; ADDR[0]     ; 1.000        ; 1.387      ; 3.241      ;
; -1.217 ; REG8:\reg_gen:12:regs|y[3] ; DOUT[3]$latch  ; CLK          ; ADDR[0]     ; 1.000        ; 1.399      ; 3.169      ;
; -1.215 ; REG8:\reg_gen:22:regs|y[1] ; DOUT[9]$latch  ; CLK          ; ADDR[0]     ; 1.000        ; 1.387      ; 3.235      ;
; -1.214 ; REG8:\reg_gen:11:regs|y[3] ; DOUT[11]$latch ; CLK          ; ADDR[0]     ; 1.000        ; 1.382      ; 3.135      ;
; -1.214 ; REG8:\reg_gen:8:regs|y[3]  ; DOUT[3]$latch  ; CLK          ; ADDR[0]     ; 1.000        ; 1.386      ; 3.153      ;
; -1.214 ; REG8:\reg_gen:22:regs|y[5] ; DOUT[13]$latch ; CLK          ; ADDR[0]     ; 1.000        ; 1.388      ; 3.141      ;
; -1.214 ; REG8:\reg_gen:10:regs|y[5] ; DOUT[13]$latch ; CLK          ; ADDR[0]     ; 1.000        ; 1.391      ; 3.144      ;
; -1.203 ; REG8:\reg_gen:21:regs|y[1] ; DOUT[9]$latch  ; CLK          ; ADDR[0]     ; 1.000        ; 1.393      ; 3.229      ;
; -1.198 ; REG8:\reg_gen:19:regs|y[3] ; DOUT[11]$latch ; CLK          ; ADDR[0]     ; 1.000        ; 1.377      ; 3.114      ;
; -1.196 ; REG8:\reg_gen:12:regs|y[2] ; DOUT[2]$latch  ; CLK          ; ADDR[0]     ; 1.000        ; 1.402      ; 3.138      ;
; -1.192 ; REG8:\reg_gen:17:regs|y[5] ; DOUT[13]$latch ; CLK          ; ADDR[0]     ; 1.000        ; 1.390      ; 3.121      ;
; -1.192 ; REG8:\reg_gen:24:regs|y[1] ; DOUT[1]$latch  ; CLK          ; ADDR[0]     ; 1.000        ; 1.390      ; 3.044      ;
; -1.191 ; REG8:\reg_gen:6:regs|y[5]  ; DOUT[13]$latch ; CLK          ; ADDR[0]     ; 1.000        ; 1.388      ; 3.118      ;
; -1.186 ; REG8:\reg_gen:13:regs|y[1] ; DOUT[9]$latch  ; CLK          ; ADDR[0]     ; 1.000        ; 1.393      ; 3.212      ;
; -1.185 ; REG8:\reg_gen:20:regs|y[6] ; DOUT[6]$latch  ; CLK          ; ADDR[0]     ; 1.000        ; 1.395      ; 3.119      ;
; -1.185 ; REG8:\reg_gen:16:regs|y[6] ; DOUT[6]$latch  ; CLK          ; ADDR[0]     ; 1.000        ; 1.198      ; 2.922      ;
; -1.179 ; REG8:\reg_gen:11:regs|y[2] ; DOUT[10]$latch ; CLK          ; ADDR[0]     ; 1.000        ; 1.380      ; 3.192      ;
; -1.178 ; REG8:\reg_gen:29:regs|y[2] ; DOUT[10]$latch ; CLK          ; ADDR[0]     ; 1.000        ; 1.391      ; 3.202      ;
; -1.176 ; REG8:\reg_gen:26:regs|y[2] ; DOUT[10]$latch ; CLK          ; ADDR[0]     ; 1.000        ; 1.202      ; 3.011      ;
; -1.173 ; REG8:\reg_gen:29:regs|y[6] ; DOUT[14]$latch ; CLK          ; ADDR[0]     ; 1.000        ; 1.389      ; 3.101      ;
; -1.173 ; REG8:\reg_gen:2:regs|y[1]  ; DOUT[9]$latch  ; CLK          ; ADDR[0]     ; 1.000        ; 1.210      ; 3.016      ;
; -1.171 ; REG8:\reg_gen:9:regs|y[5]  ; DOUT[13]$latch ; CLK          ; ADDR[0]     ; 1.000        ; 1.377      ; 3.087      ;
; -1.167 ; REG8:\reg_gen:4:regs|y[2]  ; DOUT[10]$latch ; CLK          ; ADDR[0]     ; 1.000        ; 1.398      ; 3.198      ;
; -1.162 ; REG8:\reg_gen:13:regs|y[5] ; DOUT[13]$latch ; CLK          ; ADDR[0]     ; 1.000        ; 1.390      ; 3.091      ;
; -1.161 ; REG8:\reg_gen:2:regs|y[2]  ; DOUT[10]$latch ; CLK          ; ADDR[0]     ; 1.000        ; 1.388      ; 3.182      ;
; -1.159 ; REG8:\reg_gen:5:regs|y[5]  ; DOUT[13]$latch ; CLK          ; ADDR[0]     ; 1.000        ; 1.392      ; 3.090      ;
; -1.154 ; REG8:\reg_gen:9:regs|y[0]  ; DOUT[0]$latch  ; CLK          ; ADDR[0]     ; 1.000        ; 1.370      ; 3.157      ;
; -1.153 ; REG8:\reg_gen:11:regs|y[5] ; DOUT[13]$latch ; CLK          ; ADDR[0]     ; 1.000        ; 1.381      ; 3.073      ;
; -1.151 ; REG8:\reg_gen:12:regs|y[5] ; DOUT[5]$latch  ; CLK          ; ADDR[0]     ; 1.000        ; 1.399      ; 3.102      ;
; -1.150 ; REG8:\reg_gen:24:regs|y[2] ; DOUT[10]$latch ; CLK          ; ADDR[0]     ; 1.000        ; 1.390      ; 3.173      ;
; -1.149 ; REG8:\reg_gen:21:regs|y[1] ; DOUT[1]$latch  ; CLK          ; ADDR[0]     ; 1.000        ; 1.393      ; 3.004      ;
; -1.149 ; REG8:\reg_gen:19:regs|y[5] ; DOUT[13]$latch ; CLK          ; ADDR[0]     ; 1.000        ; 1.376      ; 3.064      ;
; -1.148 ; REG8:\reg_gen:1:regs|y[5]  ; DOUT[13]$latch ; CLK          ; ADDR[0]     ; 1.000        ; 1.377      ; 3.064      ;
; -1.145 ; REG8:\reg_gen:16:regs|y[6] ; DOUT[14]$latch ; CLK          ; ADDR[0]     ; 1.000        ; 1.197      ; 2.881      ;
; -1.143 ; REG8:\reg_gen:16:regs|y[3] ; DOUT[3]$latch  ; CLK          ; ADDR[0]     ; 1.000        ; 1.200      ; 2.896      ;
; -1.140 ; REG8:\reg_gen:9:regs|y[3]  ; DOUT[11]$latch ; CLK          ; ADDR[0]     ; 1.000        ; 1.378      ; 3.057      ;
; -1.140 ; REG8:\reg_gen:24:regs|y[5] ; DOUT[13]$latch ; CLK          ; ADDR[0]     ; 1.000        ; 1.391      ; 3.070      ;
; -1.139 ; REG8:\reg_gen:12:regs|y[5] ; DOUT[13]$latch ; CLK          ; ADDR[0]     ; 1.000        ; 1.399      ; 3.077      ;
; -1.139 ; REG8:\reg_gen:20:regs|y[5] ; DOUT[5]$latch  ; CLK          ; ADDR[0]     ; 1.000        ; 1.397      ; 3.088      ;
; -1.134 ; REG8:\reg_gen:14:regs|y[2] ; DOUT[10]$latch ; CLK          ; ADDR[0]     ; 1.000        ; 1.181      ; 2.948      ;
; -1.132 ; REG8:\reg_gen:29:regs|y[3] ; DOUT[11]$latch ; CLK          ; ADDR[0]     ; 1.000        ; 1.393      ; 3.064      ;
; -1.132 ; REG8:\reg_gen:14:regs|y[5] ; DOUT[13]$latch ; CLK          ; ADDR[0]     ; 1.000        ; 1.182      ; 2.853      ;
; -1.132 ; REG8:\reg_gen:13:regs|y[1] ; DOUT[1]$latch  ; CLK          ; ADDR[0]     ; 1.000        ; 1.393      ; 2.987      ;
; -1.131 ; REG8:\reg_gen:1:regs|y[0]  ; DOUT[0]$latch  ; CLK          ; ADDR[0]     ; 1.000        ; 1.370      ; 3.134      ;
; -1.127 ; REG8:\reg_gen:20:regs|y[5] ; DOUT[13]$latch ; CLK          ; ADDR[0]     ; 1.000        ; 1.397      ; 3.063      ;
; -1.125 ; REG8:\reg_gen:22:regs|y[6] ; DOUT[14]$latch ; CLK          ; ADDR[0]     ; 1.000        ; 1.385      ; 3.049      ;
; -1.120 ; REG8:\reg_gen:3:regs|y[1]  ; DOUT[1]$latch  ; CLK          ; ADDR[0]     ; 1.000        ; 1.378      ; 2.960      ;
; -1.119 ; REG8:\reg_gen:5:regs|y[0]  ; DOUT[0]$latch  ; CLK          ; ADDR[0]     ; 1.000        ; 1.385      ; 3.137      ;
; -1.119 ; REG8:\reg_gen:1:regs|y[3]  ; DOUT[11]$latch ; CLK          ; ADDR[0]     ; 1.000        ; 1.378      ; 3.036      ;
; -1.116 ; REG8:\reg_gen:4:regs|y[5]  ; DOUT[5]$latch  ; CLK          ; ADDR[0]     ; 1.000        ; 1.397      ; 3.065      ;
+--------+----------------------------+----------------+--------------+-------------+--------------+------------+------------+


+-----------------------------------------------------------------------------------------------------------------------+
; Fast 1200mV 0C Model Setup: 'CLK'                                                                                     ;
+--------+-----------+----------------------------+--------------+-------------+--------------+------------+------------+
; Slack  ; From Node ; To Node                    ; Launch Clock ; Latch Clock ; Relationship ; Clock Skew ; Data Delay ;
+--------+-----------+----------------------------+--------------+-------------+--------------+------------+------------+
; -1.051 ; ADDR[0]   ; REG8:\reg_gen:18:regs|y[0] ; ADDR[0]      ; CLK         ; 0.500        ; 1.562      ; 3.080      ;
; -1.051 ; ADDR[0]   ; REG8:\reg_gen:18:regs|y[1] ; ADDR[0]      ; CLK         ; 0.500        ; 1.562      ; 3.080      ;
; -1.042 ; ADDR[0]   ; REG8:\reg_gen:30:regs|y[0] ; ADDR[0]      ; CLK         ; 0.500        ; 1.574      ; 3.083      ;
; -1.042 ; ADDR[0]   ; REG8:\reg_gen:30:regs|y[1] ; ADDR[0]      ; CLK         ; 0.500        ; 1.574      ; 3.083      ;
; -1.042 ; ADDR[0]   ; REG8:\reg_gen:30:regs|y[2] ; ADDR[0]      ; CLK         ; 0.500        ; 1.574      ; 3.083      ;
; -1.042 ; ADDR[0]   ; REG8:\reg_gen:30:regs|y[3] ; ADDR[0]      ; CLK         ; 0.500        ; 1.574      ; 3.083      ;
; -1.042 ; ADDR[0]   ; REG8:\reg_gen:30:regs|y[4] ; ADDR[0]      ; CLK         ; 0.500        ; 1.574      ; 3.083      ;
; -1.042 ; ADDR[0]   ; REG8:\reg_gen:30:regs|y[5] ; ADDR[0]      ; CLK         ; 0.500        ; 1.574      ; 3.083      ;
; -1.042 ; ADDR[0]   ; REG8:\reg_gen:30:regs|y[6] ; ADDR[0]      ; CLK         ; 0.500        ; 1.574      ; 3.083      ;
; -1.042 ; ADDR[0]   ; REG8:\reg_gen:30:regs|y[7] ; ADDR[0]      ; CLK         ; 0.500        ; 1.574      ; 3.083      ;
; -1.029 ; ADDR[0]   ; REG8:\reg_gen:18:regs|y[2] ; ADDR[0]      ; CLK         ; 0.500        ; 1.568      ; 3.064      ;
; -1.029 ; ADDR[0]   ; REG8:\reg_gen:18:regs|y[3] ; ADDR[0]      ; CLK         ; 0.500        ; 1.568      ; 3.064      ;
; -1.029 ; ADDR[0]   ; REG8:\reg_gen:18:regs|y[4] ; ADDR[0]      ; CLK         ; 0.500        ; 1.568      ; 3.064      ;
; -1.029 ; ADDR[0]   ; REG8:\reg_gen:18:regs|y[5] ; ADDR[0]      ; CLK         ; 0.500        ; 1.568      ; 3.064      ;
; -1.029 ; ADDR[0]   ; REG8:\reg_gen:18:regs|y[6] ; ADDR[0]      ; CLK         ; 0.500        ; 1.568      ; 3.064      ;
; -1.029 ; ADDR[0]   ; REG8:\reg_gen:18:regs|y[7] ; ADDR[0]      ; CLK         ; 0.500        ; 1.568      ; 3.064      ;
; -1.015 ; ADDR[0]   ; REG8:\reg_gen:10:regs|y[0] ; ADDR[0]      ; CLK         ; 0.500        ; 1.568      ; 3.050      ;
; -1.015 ; ADDR[0]   ; REG8:\reg_gen:10:regs|y[2] ; ADDR[0]      ; CLK         ; 0.500        ; 1.568      ; 3.050      ;
; -1.015 ; ADDR[0]   ; REG8:\reg_gen:10:regs|y[3] ; ADDR[0]      ; CLK         ; 0.500        ; 1.568      ; 3.050      ;
; -1.015 ; ADDR[0]   ; REG8:\reg_gen:10:regs|y[4] ; ADDR[0]      ; CLK         ; 0.500        ; 1.568      ; 3.050      ;
; -1.015 ; ADDR[0]   ; REG8:\reg_gen:10:regs|y[5] ; ADDR[0]      ; CLK         ; 0.500        ; 1.568      ; 3.050      ;
; -1.015 ; ADDR[0]   ; REG8:\reg_gen:10:regs|y[6] ; ADDR[0]      ; CLK         ; 0.500        ; 1.568      ; 3.050      ;
; -1.015 ; ADDR[0]   ; REG8:\reg_gen:10:regs|y[7] ; ADDR[0]      ; CLK         ; 0.500        ; 1.568      ; 3.050      ;
; -0.995 ; ADDR[0]   ; REG8:\reg_gen:12:regs|y[2] ; ADDR[0]      ; CLK         ; 0.500        ; 1.559      ; 3.021      ;
; -0.995 ; ADDR[0]   ; REG8:\reg_gen:12:regs|y[6] ; ADDR[0]      ; CLK         ; 0.500        ; 1.559      ; 3.021      ;
; -0.995 ; ADDR[0]   ; REG8:\reg_gen:12:regs|y[7] ; ADDR[0]      ; CLK         ; 0.500        ; 1.559      ; 3.021      ;
; -0.981 ; ADDR[0]   ; REG8:\reg_gen:22:regs|y[0] ; ADDR[0]      ; CLK         ; 0.500        ; 1.572      ; 3.020      ;
; -0.981 ; ADDR[0]   ; REG8:\reg_gen:22:regs|y[1] ; ADDR[0]      ; CLK         ; 0.500        ; 1.572      ; 3.020      ;
; -0.981 ; ADDR[0]   ; REG8:\reg_gen:22:regs|y[2] ; ADDR[0]      ; CLK         ; 0.500        ; 1.572      ; 3.020      ;
; -0.981 ; ADDR[0]   ; REG8:\reg_gen:22:regs|y[3] ; ADDR[0]      ; CLK         ; 0.500        ; 1.572      ; 3.020      ;
; -0.981 ; ADDR[0]   ; REG8:\reg_gen:22:regs|y[4] ; ADDR[0]      ; CLK         ; 0.500        ; 1.572      ; 3.020      ;
; -0.981 ; ADDR[0]   ; REG8:\reg_gen:22:regs|y[5] ; ADDR[0]      ; CLK         ; 0.500        ; 1.572      ; 3.020      ;
; -0.981 ; ADDR[0]   ; REG8:\reg_gen:22:regs|y[6] ; ADDR[0]      ; CLK         ; 0.500        ; 1.572      ; 3.020      ;
; -0.981 ; ADDR[0]   ; REG8:\reg_gen:22:regs|y[7] ; ADDR[0]      ; CLK         ; 0.500        ; 1.572      ; 3.020      ;
; -0.978 ; ADDR[0]   ; REG8:\reg_gen:10:regs|y[1] ; ADDR[0]      ; CLK         ; 0.500        ; 1.564      ; 3.009      ;
; -0.974 ; ADDR[0]   ; REG8:\reg_gen:2:regs|y[2]  ; ADDR[0]      ; CLK         ; 0.500        ; 1.570      ; 3.011      ;
; -0.974 ; ADDR[0]   ; REG8:\reg_gen:2:regs|y[3]  ; ADDR[0]      ; CLK         ; 0.500        ; 1.570      ; 3.011      ;
; -0.974 ; ADDR[0]   ; REG8:\reg_gen:2:regs|y[4]  ; ADDR[0]      ; CLK         ; 0.500        ; 1.570      ; 3.011      ;
; -0.974 ; ADDR[0]   ; REG8:\reg_gen:2:regs|y[5]  ; ADDR[0]      ; CLK         ; 0.500        ; 1.570      ; 3.011      ;
; -0.974 ; ADDR[0]   ; REG8:\reg_gen:2:regs|y[6]  ; ADDR[0]      ; CLK         ; 0.500        ; 1.570      ; 3.011      ;
; -0.974 ; ADDR[0]   ; REG8:\reg_gen:2:regs|y[7]  ; ADDR[0]      ; CLK         ; 0.500        ; 1.570      ; 3.011      ;
; -0.969 ; ADDR[0]   ; REG8:\reg_gen:12:regs|y[0] ; ADDR[0]      ; CLK         ; 0.500        ; 1.561      ; 2.997      ;
; -0.969 ; ADDR[0]   ; REG8:\reg_gen:12:regs|y[1] ; ADDR[0]      ; CLK         ; 0.500        ; 1.561      ; 2.997      ;
; -0.969 ; ADDR[0]   ; REG8:\reg_gen:12:regs|y[3] ; ADDR[0]      ; CLK         ; 0.500        ; 1.561      ; 2.997      ;
; -0.969 ; ADDR[0]   ; REG8:\reg_gen:12:regs|y[4] ; ADDR[0]      ; CLK         ; 0.500        ; 1.561      ; 2.997      ;
; -0.969 ; ADDR[0]   ; REG8:\reg_gen:12:regs|y[5] ; ADDR[0]      ; CLK         ; 0.500        ; 1.561      ; 2.997      ;
; -0.967 ; ADDR[0]   ; REG8:\reg_gen:8:regs|y[7]  ; ADDR[0]      ; CLK         ; 0.500        ; 1.575      ; 3.009      ;
; -0.967 ; ADDR[0]   ; REG8:\reg_gen:6:regs|y[0]  ; ADDR[0]      ; CLK         ; 0.500        ; 1.572      ; 3.006      ;
; -0.967 ; ADDR[0]   ; REG8:\reg_gen:6:regs|y[1]  ; ADDR[0]      ; CLK         ; 0.500        ; 1.572      ; 3.006      ;
; -0.967 ; ADDR[0]   ; REG8:\reg_gen:6:regs|y[2]  ; ADDR[0]      ; CLK         ; 0.500        ; 1.572      ; 3.006      ;
; -0.967 ; ADDR[0]   ; REG8:\reg_gen:6:regs|y[3]  ; ADDR[0]      ; CLK         ; 0.500        ; 1.572      ; 3.006      ;
; -0.967 ; ADDR[0]   ; REG8:\reg_gen:6:regs|y[4]  ; ADDR[0]      ; CLK         ; 0.500        ; 1.572      ; 3.006      ;
; -0.967 ; ADDR[0]   ; REG8:\reg_gen:6:regs|y[5]  ; ADDR[0]      ; CLK         ; 0.500        ; 1.572      ; 3.006      ;
; -0.967 ; ADDR[0]   ; REG8:\reg_gen:6:regs|y[6]  ; ADDR[0]      ; CLK         ; 0.500        ; 1.572      ; 3.006      ;
; -0.967 ; ADDR[0]   ; REG8:\reg_gen:6:regs|y[7]  ; ADDR[0]      ; CLK         ; 0.500        ; 1.572      ; 3.006      ;
; -0.964 ; ADDR[0]   ; REG8:\reg_gen:24:regs|y[0] ; ADDR[0]      ; CLK         ; 0.500        ; 1.568      ; 2.999      ;
; -0.964 ; ADDR[0]   ; REG8:\reg_gen:24:regs|y[1] ; ADDR[0]      ; CLK         ; 0.500        ; 1.568      ; 2.999      ;
; -0.964 ; ADDR[0]   ; REG8:\reg_gen:24:regs|y[2] ; ADDR[0]      ; CLK         ; 0.500        ; 1.568      ; 2.999      ;
; -0.964 ; ADDR[0]   ; REG8:\reg_gen:24:regs|y[3] ; ADDR[0]      ; CLK         ; 0.500        ; 1.568      ; 2.999      ;
; -0.964 ; ADDR[0]   ; REG8:\reg_gen:24:regs|y[4] ; ADDR[0]      ; CLK         ; 0.500        ; 1.568      ; 2.999      ;
; -0.964 ; ADDR[0]   ; REG8:\reg_gen:24:regs|y[5] ; ADDR[0]      ; CLK         ; 0.500        ; 1.568      ; 2.999      ;
; -0.964 ; ADDR[0]   ; REG8:\reg_gen:24:regs|y[6] ; ADDR[0]      ; CLK         ; 0.500        ; 1.568      ; 2.999      ;
; -0.964 ; ADDR[0]   ; REG8:\reg_gen:24:regs|y[7] ; ADDR[0]      ; CLK         ; 0.500        ; 1.568      ; 2.999      ;
; -0.952 ; ADDR[0]   ; REG8:\reg_gen:8:regs|y[0]  ; ADDR[0]      ; CLK         ; 0.500        ; 1.573      ; 2.992      ;
; -0.952 ; ADDR[0]   ; REG8:\reg_gen:8:regs|y[1]  ; ADDR[0]      ; CLK         ; 0.500        ; 1.573      ; 2.992      ;
; -0.952 ; ADDR[0]   ; REG8:\reg_gen:8:regs|y[2]  ; ADDR[0]      ; CLK         ; 0.500        ; 1.573      ; 2.992      ;
; -0.952 ; ADDR[0]   ; REG8:\reg_gen:8:regs|y[3]  ; ADDR[0]      ; CLK         ; 0.500        ; 1.573      ; 2.992      ;
; -0.952 ; ADDR[0]   ; REG8:\reg_gen:8:regs|y[4]  ; ADDR[0]      ; CLK         ; 0.500        ; 1.573      ; 2.992      ;
; -0.952 ; ADDR[0]   ; REG8:\reg_gen:8:regs|y[5]  ; ADDR[0]      ; CLK         ; 0.500        ; 1.573      ; 2.992      ;
; -0.952 ; ADDR[0]   ; REG8:\reg_gen:8:regs|y[6]  ; ADDR[0]      ; CLK         ; 0.500        ; 1.573      ; 2.992      ;
; -0.939 ; ADDR[0]   ; REG8:\reg_gen:26:regs|y[0] ; ADDR[0]      ; CLK         ; 0.500        ; 1.568      ; 2.974      ;
; -0.929 ; ADDR[0]   ; REG8:\reg_gen:28:regs|y[3] ; ADDR[0]      ; CLK         ; 0.500        ; 1.577      ; 2.973      ;
; -0.923 ; ADDR[0]   ; REG8:\reg_gen:20:regs|y[0] ; ADDR[0]      ; CLK         ; 0.500        ; 1.563      ; 2.953      ;
; -0.923 ; ADDR[0]   ; REG8:\reg_gen:20:regs|y[1] ; ADDR[0]      ; CLK         ; 0.500        ; 1.563      ; 2.953      ;
; -0.923 ; ADDR[0]   ; REG8:\reg_gen:20:regs|y[2] ; ADDR[0]      ; CLK         ; 0.500        ; 1.563      ; 2.953      ;
; -0.923 ; ADDR[0]   ; REG8:\reg_gen:20:regs|y[3] ; ADDR[0]      ; CLK         ; 0.500        ; 1.563      ; 2.953      ;
; -0.923 ; ADDR[0]   ; REG8:\reg_gen:20:regs|y[4] ; ADDR[0]      ; CLK         ; 0.500        ; 1.563      ; 2.953      ;
; -0.923 ; ADDR[0]   ; REG8:\reg_gen:20:regs|y[5] ; ADDR[0]      ; CLK         ; 0.500        ; 1.563      ; 2.953      ;
; -0.923 ; ADDR[0]   ; REG8:\reg_gen:20:regs|y[6] ; ADDR[0]      ; CLK         ; 0.500        ; 1.563      ; 2.953      ;
; -0.923 ; ADDR[0]   ; REG8:\reg_gen:20:regs|y[7] ; ADDR[0]      ; CLK         ; 0.500        ; 1.563      ; 2.953      ;
; -0.919 ; ADDR[0]   ; REG8:\reg_gen:4:regs|y[0]  ; ADDR[0]      ; CLK         ; 0.500        ; 1.563      ; 2.949      ;
; -0.919 ; ADDR[0]   ; REG8:\reg_gen:4:regs|y[1]  ; ADDR[0]      ; CLK         ; 0.500        ; 1.563      ; 2.949      ;
; -0.919 ; ADDR[0]   ; REG8:\reg_gen:4:regs|y[3]  ; ADDR[0]      ; CLK         ; 0.500        ; 1.563      ; 2.949      ;
; -0.919 ; ADDR[0]   ; REG8:\reg_gen:4:regs|y[5]  ; ADDR[0]      ; CLK         ; 0.500        ; 1.563      ; 2.949      ;
; -0.917 ; ADDR[0]   ; REG8:\reg_gen:4:regs|y[2]  ; ADDR[0]      ; CLK         ; 0.500        ; 1.561      ; 2.945      ;
; -0.917 ; ADDR[0]   ; REG8:\reg_gen:4:regs|y[4]  ; ADDR[0]      ; CLK         ; 0.500        ; 1.561      ; 2.945      ;
; -0.917 ; ADDR[0]   ; REG8:\reg_gen:4:regs|y[6]  ; ADDR[0]      ; CLK         ; 0.500        ; 1.561      ; 2.945      ;
; -0.917 ; ADDR[0]   ; REG8:\reg_gen:4:regs|y[7]  ; ADDR[0]      ; CLK         ; 0.500        ; 1.561      ; 2.945      ;
; -0.884 ; ADDR[0]   ; REG8:\reg_gen:28:regs|y[2] ; ADDR[0]      ; CLK         ; 0.500        ; 1.559      ; 2.910      ;
; -0.884 ; ADDR[0]   ; REG8:\reg_gen:28:regs|y[4] ; ADDR[0]      ; CLK         ; 0.500        ; 1.559      ; 2.910      ;
; -0.884 ; ADDR[0]   ; REG8:\reg_gen:28:regs|y[6] ; ADDR[0]      ; CLK         ; 0.500        ; 1.559      ; 2.910      ;
; -0.884 ; ADDR[0]   ; REG8:\reg_gen:28:regs|y[7] ; ADDR[0]      ; CLK         ; 0.500        ; 1.559      ; 2.910      ;
; -0.878 ; ADDR[0]   ; REG8:\reg_gen:16:regs|y[1] ; ADDR[0]      ; CLK         ; 0.500        ; 1.756      ; 3.101      ;
; -0.878 ; ADDR[0]   ; REG8:\reg_gen:16:regs|y[5] ; ADDR[0]      ; CLK         ; 0.500        ; 1.756      ; 3.101      ;
; -0.859 ; ADDR[0]   ; REG8:\reg_gen:2:regs|y[0]  ; ADDR[0]      ; CLK         ; 0.500        ; 1.763      ; 3.089      ;
; -0.847 ; ADDR[0]   ; REG8:\reg_gen:26:regs|y[2] ; ADDR[0]      ; CLK         ; 0.500        ; 1.749      ; 3.063      ;
; -0.847 ; ADDR[0]   ; REG8:\reg_gen:26:regs|y[3] ; ADDR[0]      ; CLK         ; 0.500        ; 1.749      ; 3.063      ;
; -0.847 ; ADDR[0]   ; REG8:\reg_gen:26:regs|y[4] ; ADDR[0]      ; CLK         ; 0.500        ; 1.749      ; 3.063      ;
; -0.847 ; ADDR[0]   ; REG8:\reg_gen:26:regs|y[5] ; ADDR[0]      ; CLK         ; 0.500        ; 1.749      ; 3.063      ;
; -0.847 ; ADDR[0]   ; REG8:\reg_gen:26:regs|y[6] ; ADDR[0]      ; CLK         ; 0.500        ; 1.749      ; 3.063      ;
+--------+-----------+----------------------------+--------------+-------------+--------------+------------+------------+


+----------------------------------------------------------------------------------------------------------------------------+
; Fast 1200mV 0C Model Hold: 'ADDR[0]'                                                                                       ;
+--------+----------------------------+----------------+--------------+-------------+--------------+------------+------------+
; Slack  ; From Node                  ; To Node        ; Launch Clock ; Latch Clock ; Relationship ; Clock Skew ; Data Delay ;
+--------+----------------------------+----------------+--------------+-------------+--------------+------------+------------+
; -0.371 ; ADDR[0]                    ; DOUT[4]$latch  ; ADDR[0]      ; ADDR[0]     ; 0.000        ; 3.132      ; 2.761      ;
; -0.353 ; ADDR[0]                    ; DOUT[8]$latch  ; ADDR[0]      ; ADDR[0]     ; 0.000        ; 3.126      ; 2.773      ;
; -0.317 ; ADDR[0]                    ; DOUT[1]$latch  ; ADDR[0]      ; ADDR[0]     ; 0.000        ; 3.134      ; 2.817      ;
; -0.315 ; ADDR[0]                    ; DOUT[15]$latch ; ADDR[0]      ; ADDR[0]     ; 0.000        ; 3.130      ; 2.815      ;
; -0.311 ; ADDR[0]                    ; DOUT[7]$latch  ; ADDR[0]      ; ADDR[0]     ; 0.000        ; 3.129      ; 2.818      ;
; -0.307 ; ADDR[0]                    ; DOUT[13]$latch ; ADDR[0]      ; ADDR[0]     ; 0.000        ; 3.136      ; 2.829      ;
; -0.294 ; ADDR[0]                    ; DOUT[3]$latch  ; ADDR[0]      ; ADDR[0]     ; 0.000        ; 3.136      ; 2.842      ;
; -0.289 ; ADDR[0]                    ; DOUT[2]$latch  ; ADDR[0]      ; ADDR[0]     ; 0.000        ; 3.137      ; 2.848      ;
; -0.257 ; ADDR[0]                    ; DOUT[11]$latch ; ADDR[0]      ; ADDR[0]     ; 0.000        ; 3.136      ; 2.879      ;
; -0.257 ; ADDR[0]                    ; DOUT[12]$latch ; ADDR[0]      ; ADDR[0]     ; 0.000        ; 3.131      ; 2.874      ;
; -0.250 ; ADDR[0]                    ; DOUT[5]$latch  ; ADDR[0]      ; ADDR[0]     ; 0.000        ; 3.136      ; 2.886      ;
; -0.240 ; ADDR[0]                    ; DOUT[14]$latch ; ADDR[0]      ; ADDR[0]     ; 0.000        ; 3.133      ; 2.893      ;
; -0.222 ; ADDR[0]                    ; DOUT[9]$latch  ; ADDR[0]      ; ADDR[0]     ; 0.000        ; 3.135      ; 2.913      ;
; -0.210 ; ADDR[0]                    ; DOUT[6]$latch  ; ADDR[0]      ; ADDR[0]     ; 0.000        ; 3.133      ; 2.923      ;
; -0.202 ; ADDR[0]                    ; DOUT[10]$latch ; ADDR[0]      ; ADDR[0]     ; 0.000        ; 3.135      ; 2.933      ;
; -0.025 ; REG8:\reg_gen:30:regs|y[3] ; DOUT[3]$latch  ; CLK          ; ADDR[0]     ; 0.000        ; 1.562      ; 1.577      ;
; -0.009 ; ADDR[0]                    ; DOUT[0]$latch  ; ADDR[0]      ; ADDR[0]     ; 0.000        ; 3.128      ; 3.119      ;
; 0.114  ; REG8:\reg_gen:27:regs|y[2] ; DOUT[2]$latch  ; CLK          ; ADDR[0]     ; 0.000        ; 1.559      ; 1.713      ;
; 0.142  ; REG8:\reg_gen:7:regs|y[3]  ; DOUT[3]$latch  ; CLK          ; ADDR[0]     ; 0.000        ; 1.556      ; 1.738      ;
; 0.146  ; REG8:\reg_gen:15:regs|y[3] ; DOUT[3]$latch  ; CLK          ; ADDR[0]     ; 0.000        ; 1.368      ; 1.554      ;
; 0.217  ; REG8:\reg_gen:23:regs|y[3] ; DOUT[3]$latch  ; CLK          ; ADDR[0]     ; 0.000        ; 1.554      ; 1.811      ;
; 0.242  ; REG8:\reg_gen:11:regs|y[2] ; DOUT[2]$latch  ; CLK          ; ADDR[0]     ; 0.000        ; 1.559      ; 1.841      ;
; 0.279  ; REG8:\reg_gen:14:regs|y[1] ; DOUT[1]$latch  ; CLK          ; ADDR[0]     ; 0.000        ; 1.357      ; 1.676      ;
; 0.287  ; REG8:\reg_gen:30:regs|y[4] ; DOUT[4]$latch  ; CLK          ; ADDR[0]     ; 0.000        ; 1.558      ; 1.885      ;
; 0.295  ; REG8:\reg_gen:31:regs|y[1] ; DOUT[9]$latch  ; CLK          ; ADDR[0]     ; 0.000        ; 1.548      ; 1.883      ;
; 0.306  ; REG8:\reg_gen:27:regs|y[0] ; DOUT[0]$latch  ; CLK          ; ADDR[0]     ; 0.000        ; 1.548      ; 1.894      ;
; 0.313  ; REG8:\reg_gen:31:regs|y[5] ; DOUT[13]$latch ; CLK          ; ADDR[0]     ; 0.000        ; 1.549      ; 1.902      ;
; 0.317  ; REG8:\reg_gen:31:regs|y[0] ; DOUT[8]$latch  ; CLK          ; ADDR[0]     ; 0.000        ; 1.539      ; 1.896      ;
; 0.327  ; REG8:\reg_gen:30:regs|y[2] ; DOUT[2]$latch  ; CLK          ; ADDR[0]     ; 0.000        ; 1.563      ; 1.930      ;
; 0.327  ; REG8:\reg_gen:26:regs|y[1] ; DOUT[1]$latch  ; CLK          ; ADDR[0]     ; 0.000        ; 1.371      ; 1.738      ;
; 0.329  ; REG8:\reg_gen:30:regs|y[6] ; DOUT[6]$latch  ; CLK          ; ADDR[0]     ; 0.000        ; 1.559      ; 1.928      ;
; 0.335  ; REG8:\reg_gen:3:regs|y[2]  ; DOUT[2]$latch  ; CLK          ; ADDR[0]     ; 0.000        ; 1.557      ; 1.932      ;
; 0.357  ; REG8:\reg_gen:30:regs|y[7] ; DOUT[7]$latch  ; CLK          ; ADDR[0]     ; 0.000        ; 1.555      ; 1.952      ;
; 0.359  ; REG8:\reg_gen:7:regs|y[4]  ; DOUT[4]$latch  ; CLK          ; ADDR[0]     ; 0.000        ; 1.552      ; 1.951      ;
; 0.363  ; REG8:\reg_gen:31:regs|y[4] ; DOUT[12]$latch ; CLK          ; ADDR[0]     ; 0.000        ; 1.543      ; 1.946      ;
; 0.369  ; REG8:\reg_gen:27:regs|y[7] ; DOUT[7]$latch  ; CLK          ; ADDR[0]     ; 0.000        ; 1.549      ; 1.958      ;
; 0.401  ; REG8:\reg_gen:27:regs|y[4] ; DOUT[4]$latch  ; CLK          ; ADDR[0]     ; 0.000        ; 1.363      ; 1.804      ;
; 0.402  ; REG8:\reg_gen:7:regs|y[7]  ; DOUT[7]$latch  ; CLK          ; ADDR[0]     ; 0.000        ; 1.549      ; 1.991      ;
; 0.408  ; REG8:\reg_gen:7:regs|y[2]  ; DOUT[2]$latch  ; CLK          ; ADDR[0]     ; 0.000        ; 1.555      ; 2.003      ;
; 0.413  ; REG8:\reg_gen:23:regs|y[2] ; DOUT[2]$latch  ; CLK          ; ADDR[0]     ; 0.000        ; 1.555      ; 2.008      ;
; 0.414  ; REG8:\reg_gen:30:regs|y[5] ; DOUT[5]$latch  ; CLK          ; ADDR[0]     ; 0.000        ; 1.562      ; 2.016      ;
; 0.415  ; REG8:\reg_gen:31:regs|y[2] ; DOUT[10]$latch ; CLK          ; ADDR[0]     ; 0.000        ; 1.547      ; 2.002      ;
; 0.415  ; REG8:\reg_gen:7:regs|y[1]  ; DOUT[1]$latch  ; CLK          ; ADDR[0]     ; 0.000        ; 1.552      ; 2.007      ;
; 0.417  ; REG8:\reg_gen:19:regs|y[2] ; DOUT[2]$latch  ; CLK          ; ADDR[0]     ; 0.000        ; 1.555      ; 2.012      ;
; 0.421  ; REG8:\reg_gen:23:regs|y[1] ; DOUT[1]$latch  ; CLK          ; ADDR[0]     ; 0.000        ; 1.552      ; 2.013      ;
; 0.424  ; REG8:\reg_gen:25:regs|y[7] ; DOUT[7]$latch  ; CLK          ; ADDR[0]     ; 0.000        ; 1.550      ; 2.014      ;
; 0.433  ; REG8:\reg_gen:23:regs|y[4] ; DOUT[4]$latch  ; CLK          ; ADDR[0]     ; 0.000        ; 1.550      ; 2.023      ;
; 0.439  ; REG8:\reg_gen:27:regs|y[5] ; DOUT[5]$latch  ; CLK          ; ADDR[0]     ; 0.000        ; 1.556      ; 2.035      ;
; 0.441  ; REG8:\reg_gen:30:regs|y[1] ; DOUT[1]$latch  ; CLK          ; ADDR[0]     ; 0.000        ; 1.560      ; 2.041      ;
; 0.455  ; REG8:\reg_gen:26:regs|y[0] ; DOUT[0]$latch  ; CLK          ; ADDR[0]     ; 0.000        ; 1.560      ; 2.055      ;
; 0.461  ; REG8:\reg_gen:3:regs|y[0]  ; DOUT[0]$latch  ; CLK          ; ADDR[0]     ; 0.000        ; 1.548      ; 2.049      ;
; 0.462  ; REG8:\reg_gen:27:regs|y[3] ; DOUT[3]$latch  ; CLK          ; ADDR[0]     ; 0.000        ; 1.556      ; 2.058      ;
; 0.470  ; REG8:\reg_gen:7:regs|y[5]  ; DOUT[5]$latch  ; CLK          ; ADDR[0]     ; 0.000        ; 1.556      ; 2.066      ;
; 0.474  ; REG8:\reg_gen:31:regs|y[3] ; DOUT[11]$latch ; CLK          ; ADDR[0]     ; 0.000        ; 1.551      ; 2.065      ;
; 0.477  ; REG8:\reg_gen:7:regs|y[6]  ; DOUT[6]$latch  ; CLK          ; ADDR[0]     ; 0.000        ; 1.551      ; 2.068      ;
; 0.485  ; REG8:\reg_gen:23:regs|y[6] ; DOUT[6]$latch  ; CLK          ; ADDR[0]     ; 0.000        ; 1.551      ; 2.076      ;
; 0.486  ; REG8:\reg_gen:23:regs|y[7] ; DOUT[7]$latch  ; CLK          ; ADDR[0]     ; 0.000        ; 1.547      ; 2.073      ;
; 0.487  ; REG8:\reg_gen:27:regs|y[6] ; DOUT[6]$latch  ; CLK          ; ADDR[0]     ; 0.000        ; 1.553      ; 2.080      ;
; 0.489  ; REG8:\reg_gen:29:regs|y[7] ; DOUT[7]$latch  ; CLK          ; ADDR[0]     ; 0.000        ; 1.562      ; 2.091      ;
; 0.491  ; REG8:\reg_gen:30:regs|y[0] ; DOUT[0]$latch  ; CLK          ; ADDR[0]     ; 0.000        ; 1.554      ; 2.085      ;
; 0.494  ; REG8:\reg_gen:15:regs|y[2] ; DOUT[2]$latch  ; CLK          ; ADDR[0]     ; 0.000        ; 1.356      ; 1.890      ;
; 0.494  ; REG8:\reg_gen:7:regs|y[0]  ; DOUT[0]$latch  ; CLK          ; ADDR[0]     ; 0.000        ; 1.548      ; 2.082      ;
; 0.497  ; REG8:\reg_gen:11:regs|y[4] ; DOUT[4]$latch  ; CLK          ; ADDR[0]     ; 0.000        ; 1.554      ; 2.091      ;
; 0.517  ; REG8:\reg_gen:28:regs|y[7] ; DOUT[15]$latch ; CLK          ; ADDR[0]     ; 0.000        ; 1.571      ; 2.128      ;
; 0.520  ; REG8:\reg_gen:6:regs|y[1]  ; DOUT[1]$latch  ; CLK          ; ADDR[0]     ; 0.000        ; 1.562      ; 2.122      ;
; 0.520  ; REG8:\reg_gen:11:regs|y[0] ; DOUT[0]$latch  ; CLK          ; ADDR[0]     ; 0.000        ; 1.550      ; 2.110      ;
; 0.521  ; REG8:\reg_gen:3:regs|y[7]  ; DOUT[7]$latch  ; CLK          ; ADDR[0]     ; 0.000        ; 1.549      ; 2.110      ;
; 0.523  ; REG8:\reg_gen:25:regs|y[2] ; DOUT[2]$latch  ; CLK          ; ADDR[0]     ; 0.000        ; 1.561      ; 2.124      ;
; 0.528  ; REG8:\reg_gen:15:regs|y[6] ; DOUT[14]$latch ; CLK          ; ADDR[0]     ; 0.000        ; 1.360      ; 1.928      ;
; 0.531  ; REG8:\reg_gen:2:regs|y[4]  ; DOUT[4]$latch  ; CLK          ; ADDR[0]     ; 0.000        ; 1.562      ; 2.133      ;
; 0.533  ; REG8:\reg_gen:0:regs|y[7]  ; DOUT[7]$latch  ; CLK          ; ADDR[0]     ; 0.000        ; 1.554      ; 2.127      ;
; 0.542  ; REG8:\reg_gen:23:regs|y[5] ; DOUT[5]$latch  ; CLK          ; ADDR[0]     ; 0.000        ; 1.554      ; 2.136      ;
; 0.544  ; REG8:\reg_gen:19:regs|y[0] ; DOUT[0]$latch  ; CLK          ; ADDR[0]     ; 0.000        ; 1.546      ; 2.130      ;
; 0.548  ; REG8:\reg_gen:31:regs|y[7] ; DOUT[15]$latch ; CLK          ; ADDR[0]     ; 0.000        ; 1.361      ; 1.949      ;
; 0.558  ; REG8:\reg_gen:26:regs|y[4] ; DOUT[4]$latch  ; CLK          ; ADDR[0]     ; 0.000        ; 1.383      ; 1.981      ;
; 0.559  ; REG8:\reg_gen:15:regs|y[6] ; DOUT[6]$latch  ; CLK          ; ADDR[0]     ; 0.000        ; 1.360      ; 1.959      ;
; 0.561  ; REG8:\reg_gen:27:regs|y[0] ; DOUT[8]$latch  ; CLK          ; ADDR[0]     ; 0.000        ; 1.546      ; 2.147      ;
; 0.565  ; REG8:\reg_gen:15:regs|y[4] ; DOUT[4]$latch  ; CLK          ; ADDR[0]     ; 0.000        ; 1.349      ; 1.954      ;
; 0.566  ; REG8:\reg_gen:11:regs|y[7] ; DOUT[7]$latch  ; CLK          ; ADDR[0]     ; 0.000        ; 1.551      ; 2.157      ;
; 0.569  ; REG8:\reg_gen:25:regs|y[1] ; DOUT[1]$latch  ; CLK          ; ADDR[0]     ; 0.000        ; 1.555      ; 2.164      ;
; 0.574  ; REG8:\reg_gen:25:regs|y[5] ; DOUT[5]$latch  ; CLK          ; ADDR[0]     ; 0.000        ; 1.371      ; 1.985      ;
; 0.577  ; REG8:\reg_gen:23:regs|y[0] ; DOUT[0]$latch  ; CLK          ; ADDR[0]     ; 0.000        ; 1.546      ; 2.163      ;
; 0.578  ; REG8:\reg_gen:14:regs|y[6] ; DOUT[6]$latch  ; CLK          ; ADDR[0]     ; 0.000        ; 1.364      ; 1.982      ;
; 0.586  ; REG8:\reg_gen:27:regs|y[1] ; DOUT[9]$latch  ; CLK          ; ADDR[0]     ; 0.000        ; 1.557      ; 2.183      ;
; 0.586  ; REG8:\reg_gen:29:regs|y[5] ; DOUT[5]$latch  ; CLK          ; ADDR[0]     ; 0.000        ; 1.357      ; 1.983      ;
; 0.587  ; REG8:\reg_gen:18:regs|y[4] ; DOUT[4]$latch  ; CLK          ; ADDR[0]     ; 0.000        ; 1.564      ; 2.191      ;
; 0.590  ; REG8:\reg_gen:3:regs|y[5]  ; DOUT[5]$latch  ; CLK          ; ADDR[0]     ; 0.000        ; 1.556      ; 2.186      ;
; 0.591  ; REG8:\reg_gen:22:regs|y[1] ; DOUT[1]$latch  ; CLK          ; ADDR[0]     ; 0.000        ; 1.562      ; 2.193      ;
; 0.598  ; REG8:\reg_gen:2:regs|y[6]  ; DOUT[6]$latch  ; CLK          ; ADDR[0]     ; 0.000        ; 1.563      ; 2.201      ;
; 0.601  ; REG8:\reg_gen:28:regs|y[0] ; DOUT[8]$latch  ; CLK          ; ADDR[0]     ; 0.000        ; 1.355      ; 1.996      ;
; 0.603  ; REG8:\reg_gen:2:regs|y[3]  ; DOUT[3]$latch  ; CLK          ; ADDR[0]     ; 0.000        ; 1.566      ; 2.209      ;
; 0.603  ; REG8:\reg_gen:10:regs|y[4] ; DOUT[4]$latch  ; CLK          ; ADDR[0]     ; 0.000        ; 1.564      ; 2.207      ;
; 0.604  ; REG8:\reg_gen:8:regs|y[7]  ; DOUT[15]$latch ; CLK          ; ADDR[0]     ; 0.000        ; 1.555      ; 2.199      ;
; 0.604  ; REG8:\reg_gen:19:regs|y[7] ; DOUT[7]$latch  ; CLK          ; ADDR[0]     ; 0.000        ; 1.547      ; 2.191      ;
; 0.608  ; REG8:\reg_gen:16:regs|y[7] ; DOUT[7]$latch  ; CLK          ; ADDR[0]     ; 0.000        ; 1.377      ; 2.025      ;
; 0.611  ; REG8:\reg_gen:26:regs|y[0] ; DOUT[8]$latch  ; CLK          ; ADDR[0]     ; 0.000        ; 1.558      ; 2.209      ;
; 0.614  ; REG8:\reg_gen:3:regs|y[3]  ; DOUT[3]$latch  ; CLK          ; ADDR[0]     ; 0.000        ; 1.556      ; 2.210      ;
; 0.619  ; REG8:\reg_gen:0:regs|y[6]  ; DOUT[6]$latch  ; CLK          ; ADDR[0]     ; 0.000        ; 1.558      ; 2.217      ;
; 0.619  ; REG8:\reg_gen:17:regs|y[7] ; DOUT[7]$latch  ; CLK          ; ADDR[0]     ; 0.000        ; 1.550      ; 2.209      ;
; 0.625  ; REG8:\reg_gen:25:regs|y[7] ; DOUT[15]$latch ; CLK          ; ADDR[0]     ; 0.000        ; 1.551      ; 2.216      ;
+--------+----------------------------+----------------+--------------+-------------+--------------+------------+------------+


+----------------------------------------------------------------------------------------------------------------------+
; Fast 1200mV 0C Model Hold: 'CLK'                                                                                     ;
+-------+-----------+----------------------------+--------------+-------------+--------------+------------+------------+
; Slack ; From Node ; To Node                    ; Launch Clock ; Latch Clock ; Relationship ; Clock Skew ; Data Delay ;
+-------+-----------+----------------------------+--------------+-------------+--------------+------------+------------+
; 0.349 ; ADDR[0]   ; REG8:\reg_gen:14:regs|y[1] ; ADDR[0]      ; CLK         ; 0.000        ; 1.846      ; 2.319      ;
; 0.358 ; ADDR[0]   ; REG8:\reg_gen:14:regs|y[0] ; ADDR[0]      ; CLK         ; 0.000        ; 1.838      ; 2.320      ;
; 0.358 ; ADDR[0]   ; REG8:\reg_gen:14:regs|y[2] ; ADDR[0]      ; CLK         ; 0.000        ; 1.838      ; 2.320      ;
; 0.358 ; ADDR[0]   ; REG8:\reg_gen:14:regs|y[3] ; ADDR[0]      ; CLK         ; 0.000        ; 1.838      ; 2.320      ;
; 0.358 ; ADDR[0]   ; REG8:\reg_gen:14:regs|y[4] ; ADDR[0]      ; CLK         ; 0.000        ; 1.838      ; 2.320      ;
; 0.358 ; ADDR[0]   ; REG8:\reg_gen:14:regs|y[5] ; ADDR[0]      ; CLK         ; 0.000        ; 1.838      ; 2.320      ;
; 0.358 ; ADDR[0]   ; REG8:\reg_gen:14:regs|y[6] ; ADDR[0]      ; CLK         ; 0.000        ; 1.838      ; 2.320      ;
; 0.358 ; ADDR[0]   ; REG8:\reg_gen:14:regs|y[7] ; ADDR[0]      ; CLK         ; 0.000        ; 1.838      ; 2.320      ;
; 0.383 ; ADDR[0]   ; REG8:\reg_gen:26:regs|y[1] ; ADDR[0]      ; CLK         ; 0.000        ; 1.831      ; 2.338      ;
; 0.403 ; ADDR[0]   ; REG8:\reg_gen:28:regs|y[0] ; ADDR[0]      ; CLK         ; 0.000        ; 1.840      ; 2.367      ;
; 0.403 ; ADDR[0]   ; REG8:\reg_gen:28:regs|y[1] ; ADDR[0]      ; CLK         ; 0.000        ; 1.840      ; 2.367      ;
; 0.403 ; ADDR[0]   ; REG8:\reg_gen:28:regs|y[5] ; ADDR[0]      ; CLK         ; 0.000        ; 1.840      ; 2.367      ;
; 0.437 ; ADDR[0]   ; REG8:\reg_gen:16:regs|y[0] ; ADDR[0]      ; CLK         ; 0.000        ; 1.820      ; 2.381      ;
; 0.437 ; ADDR[0]   ; REG8:\reg_gen:16:regs|y[2] ; ADDR[0]      ; CLK         ; 0.000        ; 1.820      ; 2.381      ;
; 0.437 ; ADDR[0]   ; REG8:\reg_gen:16:regs|y[3] ; ADDR[0]      ; CLK         ; 0.000        ; 1.820      ; 2.381      ;
; 0.437 ; ADDR[0]   ; REG8:\reg_gen:16:regs|y[4] ; ADDR[0]      ; CLK         ; 0.000        ; 1.820      ; 2.381      ;
; 0.437 ; ADDR[0]   ; REG8:\reg_gen:16:regs|y[6] ; ADDR[0]      ; CLK         ; 0.000        ; 1.820      ; 2.381      ;
; 0.437 ; ADDR[0]   ; REG8:\reg_gen:16:regs|y[7] ; ADDR[0]      ; CLK         ; 0.000        ; 1.820      ; 2.381      ;
; 0.477 ; ADDR[0]   ; REG8:\reg_gen:2:regs|y[1]  ; ADDR[0]      ; CLK         ; 0.000        ; 1.809      ; 2.410      ;
; 0.501 ; ADDR[0]   ; REG8:\reg_gen:26:regs|y[2] ; ADDR[0]      ; CLK         ; 0.000        ; 1.817      ; 2.442      ;
; 0.501 ; ADDR[0]   ; REG8:\reg_gen:26:regs|y[3] ; ADDR[0]      ; CLK         ; 0.000        ; 1.817      ; 2.442      ;
; 0.501 ; ADDR[0]   ; REG8:\reg_gen:26:regs|y[4] ; ADDR[0]      ; CLK         ; 0.000        ; 1.817      ; 2.442      ;
; 0.501 ; ADDR[0]   ; REG8:\reg_gen:26:regs|y[5] ; ADDR[0]      ; CLK         ; 0.000        ; 1.817      ; 2.442      ;
; 0.501 ; ADDR[0]   ; REG8:\reg_gen:26:regs|y[6] ; ADDR[0]      ; CLK         ; 0.000        ; 1.817      ; 2.442      ;
; 0.501 ; ADDR[0]   ; REG8:\reg_gen:26:regs|y[7] ; ADDR[0]      ; CLK         ; 0.000        ; 1.817      ; 2.442      ;
; 0.509 ; ADDR[0]   ; REG8:\reg_gen:16:regs|y[1] ; ADDR[0]      ; CLK         ; 0.000        ; 1.825      ; 2.458      ;
; 0.509 ; ADDR[0]   ; REG8:\reg_gen:16:regs|y[5] ; ADDR[0]      ; CLK         ; 0.000        ; 1.825      ; 2.458      ;
; 0.530 ; ADDR[0]   ; REG8:\reg_gen:2:regs|y[0]  ; ADDR[0]      ; CLK         ; 0.000        ; 1.832      ; 2.486      ;
; 0.534 ; ADDR[0]   ; REG8:\reg_gen:0:regs|y[0]  ; ADDR[0]      ; CLK         ; 0.000        ; 1.636      ; 2.294      ;
; 0.534 ; ADDR[0]   ; REG8:\reg_gen:0:regs|y[1]  ; ADDR[0]      ; CLK         ; 0.000        ; 1.636      ; 2.294      ;
; 0.534 ; ADDR[0]   ; REG8:\reg_gen:0:regs|y[2]  ; ADDR[0]      ; CLK         ; 0.000        ; 1.636      ; 2.294      ;
; 0.534 ; ADDR[0]   ; REG8:\reg_gen:0:regs|y[3]  ; ADDR[0]      ; CLK         ; 0.000        ; 1.636      ; 2.294      ;
; 0.534 ; ADDR[0]   ; REG8:\reg_gen:0:regs|y[4]  ; ADDR[0]      ; CLK         ; 0.000        ; 1.636      ; 2.294      ;
; 0.534 ; ADDR[0]   ; REG8:\reg_gen:0:regs|y[5]  ; ADDR[0]      ; CLK         ; 0.000        ; 1.636      ; 2.294      ;
; 0.534 ; ADDR[0]   ; REG8:\reg_gen:0:regs|y[6]  ; ADDR[0]      ; CLK         ; 0.000        ; 1.636      ; 2.294      ;
; 0.534 ; ADDR[0]   ; REG8:\reg_gen:0:regs|y[7]  ; ADDR[0]      ; CLK         ; 0.000        ; 1.636      ; 2.294      ;
; 0.572 ; ADDR[0]   ; REG8:\reg_gen:28:regs|y[2] ; ADDR[0]      ; CLK         ; 0.000        ; 1.619      ; 2.315      ;
; 0.572 ; ADDR[0]   ; REG8:\reg_gen:28:regs|y[4] ; ADDR[0]      ; CLK         ; 0.000        ; 1.619      ; 2.315      ;
; 0.572 ; ADDR[0]   ; REG8:\reg_gen:28:regs|y[6] ; ADDR[0]      ; CLK         ; 0.000        ; 1.619      ; 2.315      ;
; 0.572 ; ADDR[0]   ; REG8:\reg_gen:28:regs|y[7] ; ADDR[0]      ; CLK         ; 0.000        ; 1.619      ; 2.315      ;
; 0.581 ; ADDR[0]   ; REG8:\reg_gen:20:regs|y[0] ; ADDR[0]      ; CLK         ; 0.000        ; 1.623      ; 2.328      ;
; 0.581 ; ADDR[0]   ; REG8:\reg_gen:20:regs|y[1] ; ADDR[0]      ; CLK         ; 0.000        ; 1.623      ; 2.328      ;
; 0.581 ; ADDR[0]   ; REG8:\reg_gen:20:regs|y[2] ; ADDR[0]      ; CLK         ; 0.000        ; 1.623      ; 2.328      ;
; 0.581 ; ADDR[0]   ; REG8:\reg_gen:20:regs|y[3] ; ADDR[0]      ; CLK         ; 0.000        ; 1.623      ; 2.328      ;
; 0.581 ; ADDR[0]   ; REG8:\reg_gen:20:regs|y[4] ; ADDR[0]      ; CLK         ; 0.000        ; 1.623      ; 2.328      ;
; 0.581 ; ADDR[0]   ; REG8:\reg_gen:20:regs|y[5] ; ADDR[0]      ; CLK         ; 0.000        ; 1.623      ; 2.328      ;
; 0.581 ; ADDR[0]   ; REG8:\reg_gen:20:regs|y[6] ; ADDR[0]      ; CLK         ; 0.000        ; 1.623      ; 2.328      ;
; 0.581 ; ADDR[0]   ; REG8:\reg_gen:20:regs|y[7] ; ADDR[0]      ; CLK         ; 0.000        ; 1.623      ; 2.328      ;
; 0.587 ; ADDR[0]   ; REG8:\reg_gen:4:regs|y[2]  ; ADDR[0]      ; CLK         ; 0.000        ; 1.621      ; 2.332      ;
; 0.587 ; ADDR[0]   ; REG8:\reg_gen:4:regs|y[4]  ; ADDR[0]      ; CLK         ; 0.000        ; 1.621      ; 2.332      ;
; 0.587 ; ADDR[0]   ; REG8:\reg_gen:4:regs|y[6]  ; ADDR[0]      ; CLK         ; 0.000        ; 1.621      ; 2.332      ;
; 0.587 ; ADDR[0]   ; REG8:\reg_gen:4:regs|y[7]  ; ADDR[0]      ; CLK         ; 0.000        ; 1.621      ; 2.332      ;
; 0.588 ; ADDR[0]   ; REG8:\reg_gen:4:regs|y[0]  ; ADDR[0]      ; CLK         ; 0.000        ; 1.623      ; 2.335      ;
; 0.588 ; ADDR[0]   ; REG8:\reg_gen:4:regs|y[1]  ; ADDR[0]      ; CLK         ; 0.000        ; 1.623      ; 2.335      ;
; 0.588 ; ADDR[0]   ; REG8:\reg_gen:4:regs|y[3]  ; ADDR[0]      ; CLK         ; 0.000        ; 1.623      ; 2.335      ;
; 0.588 ; ADDR[0]   ; REG8:\reg_gen:4:regs|y[5]  ; ADDR[0]      ; CLK         ; 0.000        ; 1.623      ; 2.335      ;
; 0.600 ; ADDR[0]   ; REG8:\reg_gen:28:regs|y[3] ; ADDR[0]      ; CLK         ; 0.000        ; 1.638      ; 2.362      ;
; 0.605 ; ADDR[0]   ; REG8:\reg_gen:26:regs|y[0] ; ADDR[0]      ; CLK         ; 0.000        ; 1.628      ; 2.357      ;
; 0.607 ; ADDR[0]   ; REG8:\reg_gen:8:regs|y[0]  ; ADDR[0]      ; CLK         ; 0.000        ; 1.634      ; 2.365      ;
; 0.607 ; ADDR[0]   ; REG8:\reg_gen:8:regs|y[1]  ; ADDR[0]      ; CLK         ; 0.000        ; 1.634      ; 2.365      ;
; 0.607 ; ADDR[0]   ; REG8:\reg_gen:8:regs|y[2]  ; ADDR[0]      ; CLK         ; 0.000        ; 1.634      ; 2.365      ;
; 0.607 ; ADDR[0]   ; REG8:\reg_gen:8:regs|y[3]  ; ADDR[0]      ; CLK         ; 0.000        ; 1.634      ; 2.365      ;
; 0.607 ; ADDR[0]   ; REG8:\reg_gen:8:regs|y[4]  ; ADDR[0]      ; CLK         ; 0.000        ; 1.634      ; 2.365      ;
; 0.607 ; ADDR[0]   ; REG8:\reg_gen:8:regs|y[5]  ; ADDR[0]      ; CLK         ; 0.000        ; 1.634      ; 2.365      ;
; 0.607 ; ADDR[0]   ; REG8:\reg_gen:8:regs|y[6]  ; ADDR[0]      ; CLK         ; 0.000        ; 1.634      ; 2.365      ;
; 0.612 ; ADDR[0]   ; REG8:\reg_gen:8:regs|y[7]  ; ADDR[0]      ; CLK         ; 0.000        ; 1.636      ; 2.372      ;
; 0.633 ; ADDR[0]   ; REG8:\reg_gen:12:regs|y[0] ; ADDR[0]      ; CLK         ; 0.000        ; 1.621      ; 2.378      ;
; 0.633 ; ADDR[0]   ; REG8:\reg_gen:12:regs|y[1] ; ADDR[0]      ; CLK         ; 0.000        ; 1.621      ; 2.378      ;
; 0.633 ; ADDR[0]   ; REG8:\reg_gen:12:regs|y[3] ; ADDR[0]      ; CLK         ; 0.000        ; 1.621      ; 2.378      ;
; 0.633 ; ADDR[0]   ; REG8:\reg_gen:12:regs|y[4] ; ADDR[0]      ; CLK         ; 0.000        ; 1.621      ; 2.378      ;
; 0.633 ; ADDR[0]   ; REG8:\reg_gen:12:regs|y[5] ; ADDR[0]      ; CLK         ; 0.000        ; 1.621      ; 2.378      ;
; 0.633 ; ADDR[0]   ; REG8:\reg_gen:24:regs|y[0] ; ADDR[0]      ; CLK         ; 0.000        ; 1.629      ; 2.386      ;
; 0.633 ; ADDR[0]   ; REG8:\reg_gen:24:regs|y[1] ; ADDR[0]      ; CLK         ; 0.000        ; 1.629      ; 2.386      ;
; 0.633 ; ADDR[0]   ; REG8:\reg_gen:24:regs|y[2] ; ADDR[0]      ; CLK         ; 0.000        ; 1.629      ; 2.386      ;
; 0.633 ; ADDR[0]   ; REG8:\reg_gen:24:regs|y[3] ; ADDR[0]      ; CLK         ; 0.000        ; 1.629      ; 2.386      ;
; 0.633 ; ADDR[0]   ; REG8:\reg_gen:24:regs|y[4] ; ADDR[0]      ; CLK         ; 0.000        ; 1.629      ; 2.386      ;
; 0.633 ; ADDR[0]   ; REG8:\reg_gen:24:regs|y[5] ; ADDR[0]      ; CLK         ; 0.000        ; 1.629      ; 2.386      ;
; 0.633 ; ADDR[0]   ; REG8:\reg_gen:24:regs|y[6] ; ADDR[0]      ; CLK         ; 0.000        ; 1.629      ; 2.386      ;
; 0.633 ; ADDR[0]   ; REG8:\reg_gen:24:regs|y[7] ; ADDR[0]      ; CLK         ; 0.000        ; 1.629      ; 2.386      ;
; 0.634 ; ADDR[0]   ; REG8:\reg_gen:12:regs|y[2] ; ADDR[0]      ; CLK         ; 0.000        ; 1.619      ; 2.377      ;
; 0.634 ; ADDR[0]   ; REG8:\reg_gen:12:regs|y[6] ; ADDR[0]      ; CLK         ; 0.000        ; 1.619      ; 2.377      ;
; 0.634 ; ADDR[0]   ; REG8:\reg_gen:12:regs|y[7] ; ADDR[0]      ; CLK         ; 0.000        ; 1.619      ; 2.377      ;
; 0.636 ; ADDR[0]   ; REG8:\reg_gen:22:regs|y[0] ; ADDR[0]      ; CLK         ; 0.000        ; 1.632      ; 2.392      ;
; 0.636 ; ADDR[0]   ; REG8:\reg_gen:22:regs|y[1] ; ADDR[0]      ; CLK         ; 0.000        ; 1.632      ; 2.392      ;
; 0.636 ; ADDR[0]   ; REG8:\reg_gen:22:regs|y[2] ; ADDR[0]      ; CLK         ; 0.000        ; 1.632      ; 2.392      ;
; 0.636 ; ADDR[0]   ; REG8:\reg_gen:22:regs|y[3] ; ADDR[0]      ; CLK         ; 0.000        ; 1.632      ; 2.392      ;
; 0.636 ; ADDR[0]   ; REG8:\reg_gen:22:regs|y[4] ; ADDR[0]      ; CLK         ; 0.000        ; 1.632      ; 2.392      ;
; 0.636 ; ADDR[0]   ; REG8:\reg_gen:22:regs|y[5] ; ADDR[0]      ; CLK         ; 0.000        ; 1.632      ; 2.392      ;
; 0.636 ; ADDR[0]   ; REG8:\reg_gen:22:regs|y[6] ; ADDR[0]      ; CLK         ; 0.000        ; 1.632      ; 2.392      ;
; 0.636 ; ADDR[0]   ; REG8:\reg_gen:22:regs|y[7] ; ADDR[0]      ; CLK         ; 0.000        ; 1.632      ; 2.392      ;
; 0.640 ; ADDR[0]   ; REG8:\reg_gen:6:regs|y[0]  ; ADDR[0]      ; CLK         ; 0.000        ; 1.632      ; 2.396      ;
; 0.640 ; ADDR[0]   ; REG8:\reg_gen:6:regs|y[1]  ; ADDR[0]      ; CLK         ; 0.000        ; 1.632      ; 2.396      ;
; 0.640 ; ADDR[0]   ; REG8:\reg_gen:6:regs|y[2]  ; ADDR[0]      ; CLK         ; 0.000        ; 1.632      ; 2.396      ;
; 0.640 ; ADDR[0]   ; REG8:\reg_gen:6:regs|y[3]  ; ADDR[0]      ; CLK         ; 0.000        ; 1.632      ; 2.396      ;
; 0.640 ; ADDR[0]   ; REG8:\reg_gen:6:regs|y[4]  ; ADDR[0]      ; CLK         ; 0.000        ; 1.632      ; 2.396      ;
; 0.640 ; ADDR[0]   ; REG8:\reg_gen:6:regs|y[5]  ; ADDR[0]      ; CLK         ; 0.000        ; 1.632      ; 2.396      ;
; 0.640 ; ADDR[0]   ; REG8:\reg_gen:6:regs|y[6]  ; ADDR[0]      ; CLK         ; 0.000        ; 1.632      ; 2.396      ;
; 0.640 ; ADDR[0]   ; REG8:\reg_gen:6:regs|y[7]  ; ADDR[0]      ; CLK         ; 0.000        ; 1.632      ; 2.396      ;
; 0.660 ; ADDR[0]   ; REG8:\reg_gen:10:regs|y[1] ; ADDR[0]      ; CLK         ; 0.000        ; 1.625      ; 2.409      ;
; 0.660 ; ADDR[0]   ; REG8:\reg_gen:2:regs|y[2]  ; ADDR[0]      ; CLK         ; 0.000        ; 1.631      ; 2.415      ;
+-------+-----------+----------------------------+--------------+-------------+--------------+------------+------------+


----------------------------------------------
; Fast 1200mV 0C Model Metastability Summary ;
----------------------------------------------
No synchronizer chains to report.


+---------------------------------------------------------------------------------+
; Multicorner Timing Analysis Summary                                             ;
+------------------+----------+--------+----------+---------+---------------------+
; Clock            ; Setup    ; Hold   ; Recovery ; Removal ; Minimum Pulse Width ;
+------------------+----------+--------+----------+---------+---------------------+
; Worst-case Slack ; -4.211   ; -0.371 ; N/A      ; N/A     ; -3.000              ;
;  ADDR[0]         ; -4.211   ; -0.371 ; N/A      ; N/A     ; -3.000              ;
;  CLK             ; -1.922   ; 0.349  ; N/A      ; N/A     ; -3.000              ;
; Design-wide TNS  ; -269.397 ; -4.204 ; 0.0      ; 0.0     ; -334.96             ;
;  ADDR[0]         ; -56.501  ; -4.204 ; N/A      ; N/A     ; -3.000              ;
;  CLK             ; -212.896 ; 0.000  ; N/A      ; N/A     ; -331.960            ;
+------------------+----------+--------+----------+---------+---------------------+


+------------------------------------------------------------------------------------------------------------------------------------------------------------------------------------------------------------------------------------------------------------------------------------------------------------------------------------------------------------------------------------------------------------------+
; Board Trace Model Assignments                                                                                                                                                                                                                                                                                                                                                                                    ;
+---------------+--------------+-------------------+-------------------------+-------------------------+---------------+---------------------+----------------+------------------+--------+------------------+------------------------+------------------------+--------------+---------------+-----------------+-------+---------------------+--------------------+---------------+-----------------+-------------+
; Pin           ; I/O Standard ; Near Tline Length ; Near Tline L per Length ; Near Tline C per Length ; Near Series R ; Near Differential R ; Near Pull-up R ; Near Pull-down R ; Near C ; Far Tline Length ; Far Tline L per Length ; Far Tline C per Length ; Far Series R ; Far Pull-up R ; Far Pull-down R ; Far C ; Termination Voltage ; Far Differential R ; EBD File Name ; EBD Signal Name ; EBD Far-end ;
+---------------+--------------+-------------------+-------------------------+-------------------------+---------------+---------------------+----------------+------------------+--------+------------------+------------------------+------------------------+--------------+---------------+-----------------+-------+---------------------+--------------------+---------------+-----------------+-------------+
; DOUT[0]       ; 2.5 V        ; 0 in              ; 0 H/in                  ; 0 F/in                  ; short         ; -                   ; open           ; open             ; open   ; 0 in             ; 0 H/in                 ; 0 F/in                 ; short        ; open          ; open            ; open  ; 0 V                 ; -                  ; n/a           ; n/a             ; n/a         ;
; DOUT[1]       ; 2.5 V        ; 0 in              ; 0 H/in                  ; 0 F/in                  ; short         ; -                   ; open           ; open             ; open   ; 0 in             ; 0 H/in                 ; 0 F/in                 ; short        ; open          ; open            ; open  ; 0 V                 ; -                  ; n/a           ; n/a             ; n/a         ;
; DOUT[2]       ; 2.5 V        ; 0 in              ; 0 H/in                  ; 0 F/in                  ; short         ; -                   ; open           ; open             ; open   ; 0 in             ; 0 H/in                 ; 0 F/in                 ; short        ; open          ; open            ; open  ; 0 V                 ; -                  ; n/a           ; n/a             ; n/a         ;
; DOUT[3]       ; 2.5 V        ; 0 in              ; 0 H/in                  ; 0 F/in                  ; short         ; -                   ; open           ; open             ; open   ; 0 in             ; 0 H/in                 ; 0 F/in                 ; short        ; open          ; open            ; open  ; 0 V                 ; -                  ; n/a           ; n/a             ; n/a         ;
; DOUT[4]       ; 2.5 V        ; 0 in              ; 0 H/in                  ; 0 F/in                  ; short         ; -                   ; open           ; open             ; open   ; 0 in             ; 0 H/in                 ; 0 F/in                 ; short        ; open          ; open            ; open  ; 0 V                 ; -                  ; n/a           ; n/a             ; n/a         ;
; DOUT[5]       ; 2.5 V        ; 0 in              ; 0 H/in                  ; 0 F/in                  ; short         ; -                   ; open           ; open             ; open   ; 0 in             ; 0 H/in                 ; 0 F/in                 ; short        ; open          ; open            ; open  ; 0 V                 ; -                  ; n/a           ; n/a             ; n/a         ;
; DOUT[6]       ; 2.5 V        ; 0 in              ; 0 H/in                  ; 0 F/in                  ; short         ; -                   ; open           ; open             ; open   ; 0 in             ; 0 H/in                 ; 0 F/in                 ; short        ; open          ; open            ; open  ; 0 V                 ; -                  ; n/a           ; n/a             ; n/a         ;
; DOUT[7]       ; 2.5 V        ; 0 in              ; 0 H/in                  ; 0 F/in                  ; short         ; -                   ; open           ; open             ; open   ; 0 in             ; 0 H/in                 ; 0 F/in                 ; short        ; open          ; open            ; open  ; 0 V                 ; -                  ; n/a           ; n/a             ; n/a         ;
; DOUT[8]       ; 2.5 V        ; 0 in              ; 0 H/in                  ; 0 F/in                  ; short         ; -                   ; open           ; open             ; open   ; 0 in             ; 0 H/in                 ; 0 F/in                 ; short        ; open          ; open            ; open  ; 0 V                 ; -                  ; n/a           ; n/a             ; n/a         ;
; DOUT[9]       ; 2.5 V        ; 0 in              ; 0 H/in                  ; 0 F/in                  ; short         ; -                   ; open           ; open             ; open   ; 0 in             ; 0 H/in                 ; 0 F/in                 ; short        ; open          ; open            ; open  ; 0 V                 ; -                  ; n/a           ; n/a             ; n/a         ;
; DOUT[10]      ; 2.5 V        ; 0 in              ; 0 H/in                  ; 0 F/in                  ; short         ; -                   ; open           ; open             ; open   ; 0 in             ; 0 H/in                 ; 0 F/in                 ; short        ; open          ; open            ; open  ; 0 V                 ; -                  ; n/a           ; n/a             ; n/a         ;
; DOUT[11]      ; 2.5 V        ; 0 in              ; 0 H/in                  ; 0 F/in                  ; short         ; -                   ; open           ; open             ; open   ; 0 in             ; 0 H/in                 ; 0 F/in                 ; short        ; open          ; open            ; open  ; 0 V                 ; -                  ; n/a           ; n/a             ; n/a         ;
; DOUT[12]      ; 2.5 V        ; 0 in              ; 0 H/in                  ; 0 F/in                  ; short         ; -                   ; open           ; open             ; open   ; 0 in             ; 0 H/in                 ; 0 F/in                 ; short        ; open          ; open            ; open  ; 0 V                 ; -                  ; n/a           ; n/a             ; n/a         ;
; DOUT[13]      ; 2.5 V        ; 0 in              ; 0 H/in                  ; 0 F/in                  ; short         ; -                   ; open           ; open             ; open   ; 0 in             ; 0 H/in                 ; 0 F/in                 ; short        ; open          ; open            ; open  ; 0 V                 ; -                  ; n/a           ; n/a             ; n/a         ;
; DOUT[14]      ; 2.5 V        ; 0 in              ; 0 H/in                  ; 0 F/in                  ; short         ; -                   ; open           ; open             ; open   ; 0 in             ; 0 H/in                 ; 0 F/in                 ; short        ; open          ; open            ; open  ; 0 V                 ; -                  ; n/a           ; n/a             ; n/a         ;
; DOUT[15]      ; 2.5 V        ; 0 in              ; 0 H/in                  ; 0 F/in                  ; short         ; -                   ; open           ; open             ; open   ; 0 in             ; 0 H/in                 ; 0 F/in                 ; short        ; open          ; open            ; open  ; 0 V                 ; -                  ; n/a           ; n/a             ; n/a         ;
; ~ALTERA_DCLK~ ; 2.5 V        ; 0 in              ; 0 H/in                  ; 0 F/in                  ; short         ; -                   ; open           ; open             ; open   ; 0 in             ; 0 H/in                 ; 0 F/in                 ; short        ; open          ; open            ; open  ; 0 V                 ; -                  ; n/a           ; n/a             ; n/a         ;
; ~ALTERA_nCEO~ ; 2.5 V        ; 0 in              ; 0 H/in                  ; 0 F/in                  ; short         ; -                   ; open           ; open             ; open   ; 0 in             ; 0 H/in                 ; 0 F/in                 ; short        ; open          ; open            ; open  ; 0 V                 ; -                  ; n/a           ; n/a             ; n/a         ;
+---------------+--------------+-------------------+-------------------------+-------------------------+---------------+---------------------+----------------+------------------+--------+------------------+------------------------+------------------------+--------------+---------------+-----------------+-------+---------------------+--------------------+---------------+-----------------+-------------+


+----------------------------------------------------------------------------+
; Input Transition Times                                                     ;
+-------------------------+--------------+-----------------+-----------------+
; Pin                     ; I/O Standard ; 10-90 Rise Time ; 90-10 Fall Time ;
+-------------------------+--------------+-----------------+-----------------+
; ADDR[5]                 ; 2.5 V        ; 2000 ps         ; 2000 ps         ;
; ADDR[6]                 ; 2.5 V        ; 2000 ps         ; 2000 ps         ;
; ADDR[7]                 ; 2.5 V        ; 2000 ps         ; 2000 ps         ;
; ADDR[8]                 ; 2.5 V        ; 2000 ps         ; 2000 ps         ;
; ADDR[9]                 ; 2.5 V        ; 2000 ps         ; 2000 ps         ;
; ADDR[10]                ; 2.5 V        ; 2000 ps         ; 2000 ps         ;
; ADDR[11]                ; 2.5 V        ; 2000 ps         ; 2000 ps         ;
; ADDR[12]                ; 2.5 V        ; 2000 ps         ; 2000 ps         ;
; ADDR[13]                ; 2.5 V        ; 2000 ps         ; 2000 ps         ;
; ADDR[14]                ; 2.5 V        ; 2000 ps         ; 2000 ps         ;
; ADDR[15]                ; 2.5 V        ; 2000 ps         ; 2000 ps         ;
; ADDR[3]                 ; 2.5 V        ; 2000 ps         ; 2000 ps         ;
; ADDR[4]                 ; 2.5 V        ; 2000 ps         ; 2000 ps         ;
; ADDR[2]                 ; 2.5 V        ; 2000 ps         ; 2000 ps         ;
; ADDR[1]                 ; 2.5 V        ; 2000 ps         ; 2000 ps         ;
; ADDR[0]                 ; 2.5 V        ; 2000 ps         ; 2000 ps         ;
; RE                      ; 2.5 V        ; 2000 ps         ; 2000 ps         ;
; DIN[0]                  ; 2.5 V        ; 2000 ps         ; 2000 ps         ;
; CLK                     ; 2.5 V        ; 2000 ps         ; 2000 ps         ;
; WE                      ; 2.5 V        ; 2000 ps         ; 2000 ps         ;
; DIN[8]                  ; 2.5 V        ; 2000 ps         ; 2000 ps         ;
; DIN[1]                  ; 2.5 V        ; 2000 ps         ; 2000 ps         ;
; DIN[9]                  ; 2.5 V        ; 2000 ps         ; 2000 ps         ;
; DIN[2]                  ; 2.5 V        ; 2000 ps         ; 2000 ps         ;
; DIN[10]                 ; 2.5 V        ; 2000 ps         ; 2000 ps         ;
; DIN[3]                  ; 2.5 V        ; 2000 ps         ; 2000 ps         ;
; DIN[11]                 ; 2.5 V        ; 2000 ps         ; 2000 ps         ;
; DIN[4]                  ; 2.5 V        ; 2000 ps         ; 2000 ps         ;
; DIN[12]                 ; 2.5 V        ; 2000 ps         ; 2000 ps         ;
; DIN[13]                 ; 2.5 V        ; 2000 ps         ; 2000 ps         ;
; DIN[5]                  ; 2.5 V        ; 2000 ps         ; 2000 ps         ;
; DIN[6]                  ; 2.5 V        ; 2000 ps         ; 2000 ps         ;
; DIN[14]                 ; 2.5 V        ; 2000 ps         ; 2000 ps         ;
; DIN[15]                 ; 2.5 V        ; 2000 ps         ; 2000 ps         ;
; DIN[7]                  ; 2.5 V        ; 2000 ps         ; 2000 ps         ;
; ~ALTERA_ASDO_DATA1~     ; 2.5 V        ; 2000 ps         ; 2000 ps         ;
; ~ALTERA_FLASH_nCE_nCSO~ ; 2.5 V        ; 2000 ps         ; 2000 ps         ;
; ~ALTERA_DATA0~          ; 2.5 V        ; 2000 ps         ; 2000 ps         ;
+-------------------------+--------------+-----------------+-----------------+


+--------------------------------------------------------------------------------------------------------------------------------------------------------------------------------------------------------------------------------------------------------------------------------------------------------------------------------------------------------------------------------------------------------------------------------------------------------------------------------------------------------------------------------------------------------------------------------------------------------------------------------------------------------------------------------------------+
; Signal Integrity Metrics (Slow 1200mv 0c Model)                                                                                                                                                                                                                                                                                                                                                                                                                                                                                                                                                                                                                                            ;
+---------------+--------------+---------------------+---------------------+------------------------------+------------------------------+---------------------+---------------------+--------------------------------------+--------------------------------------+-----------------------------+-----------------------------+----------------------------+----------------------------+-----------------------------+-----------------------------+--------------------+--------------------+-------------------------------------+-------------------------------------+----------------------------+----------------------------+---------------------------+---------------------------+
; Pin           ; I/O Standard ; Board Delay on Rise ; Board Delay on Fall ; Steady State Voh at FPGA Pin ; Steady State Vol at FPGA Pin ; Voh Max at FPGA Pin ; Vol Min at FPGA Pin ; Ringback Voltage on Rise at FPGA Pin ; Ringback Voltage on Fall at FPGA Pin ; 10-90 Rise Time at FPGA Pin ; 90-10 Fall Time at FPGA Pin ; Monotonic Rise at FPGA Pin ; Monotonic Fall at FPGA Pin ; Steady State Voh at Far-end ; Steady State Vol at Far-end ; Voh Max at Far-end ; Vol Min at Far-end ; Ringback Voltage on Rise at Far-end ; Ringback Voltage on Fall at Far-end ; 10-90 Rise Time at Far-end ; 90-10 Fall Time at Far-end ; Monotonic Rise at Far-end ; Monotonic Fall at Far-end ;
+---------------+--------------+---------------------+---------------------+------------------------------+------------------------------+---------------------+---------------------+--------------------------------------+--------------------------------------+-----------------------------+-----------------------------+----------------------------+----------------------------+-----------------------------+-----------------------------+--------------------+--------------------+-------------------------------------+-------------------------------------+----------------------------+----------------------------+---------------------------+---------------------------+
; DOUT[0]       ; 2.5 V        ; 0 s                 ; 0 s                 ; 2.32 V                       ; 4.49e-09 V                   ; 2.38 V              ; -0.00552 V          ; 0.096 V                              ; 0.019 V                              ; 4.18e-10 s                  ; 3.59e-10 s                  ; No                         ; Yes                        ; 2.32 V                      ; 4.49e-09 V                  ; 2.38 V             ; -0.00552 V         ; 0.096 V                             ; 0.019 V                             ; 4.18e-10 s                 ; 3.59e-10 s                 ; No                        ; Yes                       ;
; DOUT[1]       ; 2.5 V        ; 0 s                 ; 0 s                 ; 2.32 V                       ; 4.49e-09 V                   ; 2.38 V              ; -0.00552 V          ; 0.096 V                              ; 0.019 V                              ; 4.18e-10 s                  ; 3.59e-10 s                  ; No                         ; Yes                        ; 2.32 V                      ; 4.49e-09 V                  ; 2.38 V             ; -0.00552 V         ; 0.096 V                             ; 0.019 V                             ; 4.18e-10 s                 ; 3.59e-10 s                 ; No                        ; Yes                       ;
; DOUT[2]       ; 2.5 V        ; 0 s                 ; 0 s                 ; 2.32 V                       ; 4.49e-09 V                   ; 2.38 V              ; -0.00552 V          ; 0.096 V                              ; 0.019 V                              ; 4.18e-10 s                  ; 3.59e-10 s                  ; No                         ; Yes                        ; 2.32 V                      ; 4.49e-09 V                  ; 2.38 V             ; -0.00552 V         ; 0.096 V                             ; 0.019 V                             ; 4.18e-10 s                 ; 3.59e-10 s                 ; No                        ; Yes                       ;
; DOUT[3]       ; 2.5 V        ; 0 s                 ; 0 s                 ; 2.32 V                       ; 4.49e-09 V                   ; 2.33 V              ; -0.00467 V          ; 0.226 V                              ; 0.087 V                              ; 2.91e-09 s                  ; 2.74e-09 s                  ; Yes                        ; Yes                        ; 2.32 V                      ; 4.49e-09 V                  ; 2.33 V             ; -0.00467 V         ; 0.226 V                             ; 0.087 V                             ; 2.91e-09 s                 ; 2.74e-09 s                 ; Yes                       ; Yes                       ;
; DOUT[4]       ; 2.5 V        ; 0 s                 ; 0 s                 ; 2.32 V                       ; 4.49e-09 V                   ; 2.38 V              ; -0.00552 V          ; 0.096 V                              ; 0.019 V                              ; 4.18e-10 s                  ; 3.59e-10 s                  ; No                         ; Yes                        ; 2.32 V                      ; 4.49e-09 V                  ; 2.38 V             ; -0.00552 V         ; 0.096 V                             ; 0.019 V                             ; 4.18e-10 s                 ; 3.59e-10 s                 ; No                        ; Yes                       ;
; DOUT[5]       ; 2.5 V        ; 0 s                 ; 0 s                 ; 2.32 V                       ; 4.49e-09 V                   ; 2.38 V              ; -0.00552 V          ; 0.096 V                              ; 0.019 V                              ; 4.18e-10 s                  ; 3.59e-10 s                  ; No                         ; Yes                        ; 2.32 V                      ; 4.49e-09 V                  ; 2.38 V             ; -0.00552 V         ; 0.096 V                             ; 0.019 V                             ; 4.18e-10 s                 ; 3.59e-10 s                 ; No                        ; Yes                       ;
; DOUT[6]       ; 2.5 V        ; 0 s                 ; 0 s                 ; 2.32 V                       ; 4.49e-09 V                   ; 2.38 V              ; -0.00552 V          ; 0.096 V                              ; 0.019 V                              ; 4.18e-10 s                  ; 3.59e-10 s                  ; No                         ; Yes                        ; 2.32 V                      ; 4.49e-09 V                  ; 2.38 V             ; -0.00552 V         ; 0.096 V                             ; 0.019 V                             ; 4.18e-10 s                 ; 3.59e-10 s                 ; No                        ; Yes                       ;
; DOUT[7]       ; 2.5 V        ; 0 s                 ; 0 s                 ; 2.32 V                       ; 4.49e-09 V                   ; 2.38 V              ; -0.00552 V          ; 0.096 V                              ; 0.019 V                              ; 4.18e-10 s                  ; 3.59e-10 s                  ; No                         ; Yes                        ; 2.32 V                      ; 4.49e-09 V                  ; 2.38 V             ; -0.00552 V         ; 0.096 V                             ; 0.019 V                             ; 4.18e-10 s                 ; 3.59e-10 s                 ; No                        ; Yes                       ;
; DOUT[8]       ; 2.5 V        ; 0 s                 ; 0 s                 ; 2.32 V                       ; 4.49e-09 V                   ; 2.38 V              ; -0.00552 V          ; 0.096 V                              ; 0.019 V                              ; 4.18e-10 s                  ; 3.59e-10 s                  ; No                         ; Yes                        ; 2.32 V                      ; 4.49e-09 V                  ; 2.38 V             ; -0.00552 V         ; 0.096 V                             ; 0.019 V                             ; 4.18e-10 s                 ; 3.59e-10 s                 ; No                        ; Yes                       ;
; DOUT[9]       ; 2.5 V        ; 0 s                 ; 0 s                 ; 2.32 V                       ; 4.49e-09 V                   ; 2.38 V              ; -0.00552 V          ; 0.096 V                              ; 0.019 V                              ; 4.18e-10 s                  ; 3.59e-10 s                  ; No                         ; Yes                        ; 2.32 V                      ; 4.49e-09 V                  ; 2.38 V             ; -0.00552 V         ; 0.096 V                             ; 0.019 V                             ; 4.18e-10 s                 ; 3.59e-10 s                 ; No                        ; Yes                       ;
; DOUT[10]      ; 2.5 V        ; 0 s                 ; 0 s                 ; 2.32 V                       ; 4.49e-09 V                   ; 2.38 V              ; -0.00552 V          ; 0.096 V                              ; 0.019 V                              ; 4.18e-10 s                  ; 3.59e-10 s                  ; No                         ; Yes                        ; 2.32 V                      ; 4.49e-09 V                  ; 2.38 V             ; -0.00552 V         ; 0.096 V                             ; 0.019 V                             ; 4.18e-10 s                 ; 3.59e-10 s                 ; No                        ; Yes                       ;
; DOUT[11]      ; 2.5 V        ; 0 s                 ; 0 s                 ; 2.32 V                       ; 4.49e-09 V                   ; 2.38 V              ; -0.00552 V          ; 0.096 V                              ; 0.019 V                              ; 4.18e-10 s                  ; 3.59e-10 s                  ; No                         ; Yes                        ; 2.32 V                      ; 4.49e-09 V                  ; 2.38 V             ; -0.00552 V         ; 0.096 V                             ; 0.019 V                             ; 4.18e-10 s                 ; 3.59e-10 s                 ; No                        ; Yes                       ;
; DOUT[12]      ; 2.5 V        ; 0 s                 ; 0 s                 ; 2.32 V                       ; 4.49e-09 V                   ; 2.33 V              ; -0.00467 V          ; 0.226 V                              ; 0.087 V                              ; 2.91e-09 s                  ; 2.74e-09 s                  ; Yes                        ; Yes                        ; 2.32 V                      ; 4.49e-09 V                  ; 2.33 V             ; -0.00467 V         ; 0.226 V                             ; 0.087 V                             ; 2.91e-09 s                 ; 2.74e-09 s                 ; Yes                       ; Yes                       ;
; DOUT[13]      ; 2.5 V        ; 0 s                 ; 0 s                 ; 2.32 V                       ; 4.49e-09 V                   ; 2.38 V              ; -0.00552 V          ; 0.096 V                              ; 0.019 V                              ; 4.18e-10 s                  ; 3.59e-10 s                  ; No                         ; Yes                        ; 2.32 V                      ; 4.49e-09 V                  ; 2.38 V             ; -0.00552 V         ; 0.096 V                             ; 0.019 V                             ; 4.18e-10 s                 ; 3.59e-10 s                 ; No                        ; Yes                       ;
; DOUT[14]      ; 2.5 V        ; 0 s                 ; 0 s                 ; 2.32 V                       ; 4.49e-09 V                   ; 2.38 V              ; -0.00552 V          ; 0.096 V                              ; 0.019 V                              ; 4.18e-10 s                  ; 3.59e-10 s                  ; No                         ; Yes                        ; 2.32 V                      ; 4.49e-09 V                  ; 2.38 V             ; -0.00552 V         ; 0.096 V                             ; 0.019 V                             ; 4.18e-10 s                 ; 3.59e-10 s                 ; No                        ; Yes                       ;
; DOUT[15]      ; 2.5 V        ; 0 s                 ; 0 s                 ; 2.32 V                       ; 4.49e-09 V                   ; 2.38 V              ; -0.00552 V          ; 0.096 V                              ; 0.019 V                              ; 4.18e-10 s                  ; 3.59e-10 s                  ; No                         ; Yes                        ; 2.32 V                      ; 4.49e-09 V                  ; 2.38 V             ; -0.00552 V         ; 0.096 V                             ; 0.019 V                             ; 4.18e-10 s                 ; 3.59e-10 s                 ; No                        ; Yes                       ;
; ~ALTERA_DCLK~ ; 2.5 V        ; 0 s                 ; 0 s                 ; 2.32 V                       ; 2.67e-09 V                   ; 2.38 V              ; -0.0485 V           ; 0.167 V                              ; 0.096 V                              ; 2.95e-10 s                  ; 2.73e-10 s                  ; Yes                        ; Yes                        ; 2.32 V                      ; 2.67e-09 V                  ; 2.38 V             ; -0.0485 V          ; 0.167 V                             ; 0.096 V                             ; 2.95e-10 s                 ; 2.73e-10 s                 ; Yes                       ; Yes                       ;
; ~ALTERA_nCEO~ ; 2.5 V        ; 0 s                 ; 0 s                 ; 2.32 V                       ; 4.18e-09 V                   ; 2.38 V              ; -0.00483 V          ; 0.152 V                              ; 0.012 V                              ; 4.81e-10 s                  ; 6.29e-10 s                  ; Yes                        ; Yes                        ; 2.32 V                      ; 4.18e-09 V                  ; 2.38 V             ; -0.00483 V         ; 0.152 V                             ; 0.012 V                             ; 4.81e-10 s                 ; 6.29e-10 s                 ; Yes                       ; Yes                       ;
+---------------+--------------+---------------------+---------------------+------------------------------+------------------------------+---------------------+---------------------+--------------------------------------+--------------------------------------+-----------------------------+-----------------------------+----------------------------+----------------------------+-----------------------------+-----------------------------+--------------------+--------------------+-------------------------------------+-------------------------------------+----------------------------+----------------------------+---------------------------+---------------------------+


+--------------------------------------------------------------------------------------------------------------------------------------------------------------------------------------------------------------------------------------------------------------------------------------------------------------------------------------------------------------------------------------------------------------------------------------------------------------------------------------------------------------------------------------------------------------------------------------------------------------------------------------------------------------------------------------------+
; Signal Integrity Metrics (Slow 1200mv 85c Model)                                                                                                                                                                                                                                                                                                                                                                                                                                                                                                                                                                                                                                           ;
+---------------+--------------+---------------------+---------------------+------------------------------+------------------------------+---------------------+---------------------+--------------------------------------+--------------------------------------+-----------------------------+-----------------------------+----------------------------+----------------------------+-----------------------------+-----------------------------+--------------------+--------------------+-------------------------------------+-------------------------------------+----------------------------+----------------------------+---------------------------+---------------------------+
; Pin           ; I/O Standard ; Board Delay on Rise ; Board Delay on Fall ; Steady State Voh at FPGA Pin ; Steady State Vol at FPGA Pin ; Voh Max at FPGA Pin ; Vol Min at FPGA Pin ; Ringback Voltage on Rise at FPGA Pin ; Ringback Voltage on Fall at FPGA Pin ; 10-90 Rise Time at FPGA Pin ; 90-10 Fall Time at FPGA Pin ; Monotonic Rise at FPGA Pin ; Monotonic Fall at FPGA Pin ; Steady State Voh at Far-end ; Steady State Vol at Far-end ; Voh Max at Far-end ; Vol Min at Far-end ; Ringback Voltage on Rise at Far-end ; Ringback Voltage on Fall at Far-end ; 10-90 Rise Time at Far-end ; 90-10 Fall Time at Far-end ; Monotonic Rise at Far-end ; Monotonic Fall at Far-end ;
+---------------+--------------+---------------------+---------------------+------------------------------+------------------------------+---------------------+---------------------+--------------------------------------+--------------------------------------+-----------------------------+-----------------------------+----------------------------+----------------------------+-----------------------------+-----------------------------+--------------------+--------------------+-------------------------------------+-------------------------------------+----------------------------+----------------------------+---------------------------+---------------------------+
; DOUT[0]       ; 2.5 V        ; 0 s                 ; 0 s                 ; 2.32 V                       ; 6.92e-07 V                   ; 2.35 V              ; -0.00996 V          ; 0.121 V                              ; 0.03 V                               ; 4.64e-10 s                  ; 4.47e-10 s                  ; Yes                        ; Yes                        ; 2.32 V                      ; 6.92e-07 V                  ; 2.35 V             ; -0.00996 V         ; 0.121 V                             ; 0.03 V                              ; 4.64e-10 s                 ; 4.47e-10 s                 ; Yes                       ; Yes                       ;
; DOUT[1]       ; 2.5 V        ; 0 s                 ; 0 s                 ; 2.32 V                       ; 6.92e-07 V                   ; 2.35 V              ; -0.00996 V          ; 0.121 V                              ; 0.03 V                               ; 4.64e-10 s                  ; 4.47e-10 s                  ; Yes                        ; Yes                        ; 2.32 V                      ; 6.92e-07 V                  ; 2.35 V             ; -0.00996 V         ; 0.121 V                             ; 0.03 V                              ; 4.64e-10 s                 ; 4.47e-10 s                 ; Yes                       ; Yes                       ;
; DOUT[2]       ; 2.5 V        ; 0 s                 ; 0 s                 ; 2.32 V                       ; 6.92e-07 V                   ; 2.35 V              ; -0.00996 V          ; 0.121 V                              ; 0.03 V                               ; 4.64e-10 s                  ; 4.47e-10 s                  ; Yes                        ; Yes                        ; 2.32 V                      ; 6.92e-07 V                  ; 2.35 V             ; -0.00996 V         ; 0.121 V                             ; 0.03 V                              ; 4.64e-10 s                 ; 4.47e-10 s                 ; Yes                       ; Yes                       ;
; DOUT[3]       ; 2.5 V        ; 0 s                 ; 0 s                 ; 2.32 V                       ; 6.92e-07 V                   ; 2.33 V              ; -0.00265 V          ; 0.133 V                              ; 0.056 V                              ; 3.55e-09 s                  ; 3.31e-09 s                  ; Yes                        ; Yes                        ; 2.32 V                      ; 6.92e-07 V                  ; 2.33 V             ; -0.00265 V         ; 0.133 V                             ; 0.056 V                             ; 3.55e-09 s                 ; 3.31e-09 s                 ; Yes                       ; Yes                       ;
; DOUT[4]       ; 2.5 V        ; 0 s                 ; 0 s                 ; 2.32 V                       ; 6.92e-07 V                   ; 2.35 V              ; -0.00996 V          ; 0.121 V                              ; 0.03 V                               ; 4.64e-10 s                  ; 4.47e-10 s                  ; Yes                        ; Yes                        ; 2.32 V                      ; 6.92e-07 V                  ; 2.35 V             ; -0.00996 V         ; 0.121 V                             ; 0.03 V                              ; 4.64e-10 s                 ; 4.47e-10 s                 ; Yes                       ; Yes                       ;
; DOUT[5]       ; 2.5 V        ; 0 s                 ; 0 s                 ; 2.32 V                       ; 6.92e-07 V                   ; 2.35 V              ; -0.00996 V          ; 0.121 V                              ; 0.03 V                               ; 4.64e-10 s                  ; 4.47e-10 s                  ; Yes                        ; Yes                        ; 2.32 V                      ; 6.92e-07 V                  ; 2.35 V             ; -0.00996 V         ; 0.121 V                             ; 0.03 V                              ; 4.64e-10 s                 ; 4.47e-10 s                 ; Yes                       ; Yes                       ;
; DOUT[6]       ; 2.5 V        ; 0 s                 ; 0 s                 ; 2.32 V                       ; 6.92e-07 V                   ; 2.35 V              ; -0.00996 V          ; 0.121 V                              ; 0.03 V                               ; 4.64e-10 s                  ; 4.47e-10 s                  ; Yes                        ; Yes                        ; 2.32 V                      ; 6.92e-07 V                  ; 2.35 V             ; -0.00996 V         ; 0.121 V                             ; 0.03 V                              ; 4.64e-10 s                 ; 4.47e-10 s                 ; Yes                       ; Yes                       ;
; DOUT[7]       ; 2.5 V        ; 0 s                 ; 0 s                 ; 2.32 V                       ; 6.92e-07 V                   ; 2.35 V              ; -0.00996 V          ; 0.121 V                              ; 0.03 V                               ; 4.64e-10 s                  ; 4.47e-10 s                  ; Yes                        ; Yes                        ; 2.32 V                      ; 6.92e-07 V                  ; 2.35 V             ; -0.00996 V         ; 0.121 V                             ; 0.03 V                              ; 4.64e-10 s                 ; 4.47e-10 s                 ; Yes                       ; Yes                       ;
; DOUT[8]       ; 2.5 V        ; 0 s                 ; 0 s                 ; 2.32 V                       ; 6.92e-07 V                   ; 2.35 V              ; -0.00996 V          ; 0.121 V                              ; 0.03 V                               ; 4.64e-10 s                  ; 4.47e-10 s                  ; Yes                        ; Yes                        ; 2.32 V                      ; 6.92e-07 V                  ; 2.35 V             ; -0.00996 V         ; 0.121 V                             ; 0.03 V                              ; 4.64e-10 s                 ; 4.47e-10 s                 ; Yes                       ; Yes                       ;
; DOUT[9]       ; 2.5 V        ; 0 s                 ; 0 s                 ; 2.32 V                       ; 6.92e-07 V                   ; 2.35 V              ; -0.00996 V          ; 0.121 V                              ; 0.03 V                               ; 4.64e-10 s                  ; 4.47e-10 s                  ; Yes                        ; Yes                        ; 2.32 V                      ; 6.92e-07 V                  ; 2.35 V             ; -0.00996 V         ; 0.121 V                             ; 0.03 V                              ; 4.64e-10 s                 ; 4.47e-10 s                 ; Yes                       ; Yes                       ;
; DOUT[10]      ; 2.5 V        ; 0 s                 ; 0 s                 ; 2.32 V                       ; 6.92e-07 V                   ; 2.35 V              ; -0.00996 V          ; 0.121 V                              ; 0.03 V                               ; 4.64e-10 s                  ; 4.47e-10 s                  ; Yes                        ; Yes                        ; 2.32 V                      ; 6.92e-07 V                  ; 2.35 V             ; -0.00996 V         ; 0.121 V                             ; 0.03 V                              ; 4.64e-10 s                 ; 4.47e-10 s                 ; Yes                       ; Yes                       ;
; DOUT[11]      ; 2.5 V        ; 0 s                 ; 0 s                 ; 2.32 V                       ; 6.92e-07 V                   ; 2.35 V              ; -0.00996 V          ; 0.121 V                              ; 0.03 V                               ; 4.64e-10 s                  ; 4.47e-10 s                  ; Yes                        ; Yes                        ; 2.32 V                      ; 6.92e-07 V                  ; 2.35 V             ; -0.00996 V         ; 0.121 V                             ; 0.03 V                              ; 4.64e-10 s                 ; 4.47e-10 s                 ; Yes                       ; Yes                       ;
; DOUT[12]      ; 2.5 V        ; 0 s                 ; 0 s                 ; 2.32 V                       ; 6.92e-07 V                   ; 2.33 V              ; -0.00265 V          ; 0.133 V                              ; 0.056 V                              ; 3.55e-09 s                  ; 3.31e-09 s                  ; Yes                        ; Yes                        ; 2.32 V                      ; 6.92e-07 V                  ; 2.33 V             ; -0.00265 V         ; 0.133 V                             ; 0.056 V                             ; 3.55e-09 s                 ; 3.31e-09 s                 ; Yes                       ; Yes                       ;
; DOUT[13]      ; 2.5 V        ; 0 s                 ; 0 s                 ; 2.32 V                       ; 6.92e-07 V                   ; 2.35 V              ; -0.00996 V          ; 0.121 V                              ; 0.03 V                               ; 4.64e-10 s                  ; 4.47e-10 s                  ; Yes                        ; Yes                        ; 2.32 V                      ; 6.92e-07 V                  ; 2.35 V             ; -0.00996 V         ; 0.121 V                             ; 0.03 V                              ; 4.64e-10 s                 ; 4.47e-10 s                 ; Yes                       ; Yes                       ;
; DOUT[14]      ; 2.5 V        ; 0 s                 ; 0 s                 ; 2.32 V                       ; 6.92e-07 V                   ; 2.35 V              ; -0.00996 V          ; 0.121 V                              ; 0.03 V                               ; 4.64e-10 s                  ; 4.47e-10 s                  ; Yes                        ; Yes                        ; 2.32 V                      ; 6.92e-07 V                  ; 2.35 V             ; -0.00996 V         ; 0.121 V                             ; 0.03 V                              ; 4.64e-10 s                 ; 4.47e-10 s                 ; Yes                       ; Yes                       ;
; DOUT[15]      ; 2.5 V        ; 0 s                 ; 0 s                 ; 2.32 V                       ; 6.92e-07 V                   ; 2.35 V              ; -0.00996 V          ; 0.121 V                              ; 0.03 V                               ; 4.64e-10 s                  ; 4.47e-10 s                  ; Yes                        ; Yes                        ; 2.32 V                      ; 6.92e-07 V                  ; 2.35 V             ; -0.00996 V         ; 0.121 V                             ; 0.03 V                              ; 4.64e-10 s                 ; 4.47e-10 s                 ; Yes                       ; Yes                       ;
; ~ALTERA_DCLK~ ; 2.5 V        ; 0 s                 ; 0 s                 ; 2.32 V                       ; 3.75e-07 V                   ; 2.35 V              ; -0.0109 V           ; 0.084 V                              ; 0.027 V                              ; 4.31e-10 s                  ; 3.61e-10 s                  ; Yes                        ; Yes                        ; 2.32 V                      ; 3.75e-07 V                  ; 2.35 V             ; -0.0109 V          ; 0.084 V                             ; 0.027 V                             ; 4.31e-10 s                 ; 3.61e-10 s                 ; Yes                       ; Yes                       ;
; ~ALTERA_nCEO~ ; 2.5 V        ; 0 s                 ; 0 s                 ; 2.32 V                       ; 6.15e-07 V                   ; 2.35 V              ; -0.00712 V          ; 0.093 V                              ; 0.02 V                               ; 6.21e-10 s                  ; 7.9e-10 s                   ; Yes                        ; Yes                        ; 2.32 V                      ; 6.15e-07 V                  ; 2.35 V             ; -0.00712 V         ; 0.093 V                             ; 0.02 V                              ; 6.21e-10 s                 ; 7.9e-10 s                  ; Yes                       ; Yes                       ;
+---------------+--------------+---------------------+---------------------+------------------------------+------------------------------+---------------------+---------------------+--------------------------------------+--------------------------------------+-----------------------------+-----------------------------+----------------------------+----------------------------+-----------------------------+-----------------------------+--------------------+--------------------+-------------------------------------+-------------------------------------+----------------------------+----------------------------+---------------------------+---------------------------+


+--------------------------------------------------------------------------------------------------------------------------------------------------------------------------------------------------------------------------------------------------------------------------------------------------------------------------------------------------------------------------------------------------------------------------------------------------------------------------------------------------------------------------------------------------------------------------------------------------------------------------------------------------------------------------------------------+
; Signal Integrity Metrics (Fast 1200mv 0c Model)                                                                                                                                                                                                                                                                                                                                                                                                                                                                                                                                                                                                                                            ;
+---------------+--------------+---------------------+---------------------+------------------------------+------------------------------+---------------------+---------------------+--------------------------------------+--------------------------------------+-----------------------------+-----------------------------+----------------------------+----------------------------+-----------------------------+-----------------------------+--------------------+--------------------+-------------------------------------+-------------------------------------+----------------------------+----------------------------+---------------------------+---------------------------+
; Pin           ; I/O Standard ; Board Delay on Rise ; Board Delay on Fall ; Steady State Voh at FPGA Pin ; Steady State Vol at FPGA Pin ; Voh Max at FPGA Pin ; Vol Min at FPGA Pin ; Ringback Voltage on Rise at FPGA Pin ; Ringback Voltage on Fall at FPGA Pin ; 10-90 Rise Time at FPGA Pin ; 90-10 Fall Time at FPGA Pin ; Monotonic Rise at FPGA Pin ; Monotonic Fall at FPGA Pin ; Steady State Voh at Far-end ; Steady State Vol at Far-end ; Voh Max at Far-end ; Vol Min at Far-end ; Ringback Voltage on Rise at Far-end ; Ringback Voltage on Fall at Far-end ; 10-90 Rise Time at Far-end ; 90-10 Fall Time at Far-end ; Monotonic Rise at Far-end ; Monotonic Fall at Far-end ;
+---------------+--------------+---------------------+---------------------+------------------------------+------------------------------+---------------------+---------------------+--------------------------------------+--------------------------------------+-----------------------------+-----------------------------+----------------------------+----------------------------+-----------------------------+-----------------------------+--------------------+--------------------+-------------------------------------+-------------------------------------+----------------------------+----------------------------+---------------------------+---------------------------+
; DOUT[0]       ; 2.5 V        ; 0 s                 ; 0 s                 ; 2.62 V                       ; 4.05e-08 V                   ; 2.72 V              ; -0.0349 V           ; 0.173 V                              ; 0.1 V                                ; 2.72e-10 s                  ; 2.69e-10 s                  ; Yes                        ; Yes                        ; 2.62 V                      ; 4.05e-08 V                  ; 2.72 V             ; -0.0349 V          ; 0.173 V                             ; 0.1 V                               ; 2.72e-10 s                 ; 2.69e-10 s                 ; Yes                       ; Yes                       ;
; DOUT[1]       ; 2.5 V        ; 0 s                 ; 0 s                 ; 2.62 V                       ; 4.05e-08 V                   ; 2.72 V              ; -0.0349 V           ; 0.173 V                              ; 0.1 V                                ; 2.72e-10 s                  ; 2.69e-10 s                  ; Yes                        ; Yes                        ; 2.62 V                      ; 4.05e-08 V                  ; 2.72 V             ; -0.0349 V          ; 0.173 V                             ; 0.1 V                               ; 2.72e-10 s                 ; 2.69e-10 s                 ; Yes                       ; Yes                       ;
; DOUT[2]       ; 2.5 V        ; 0 s                 ; 0 s                 ; 2.62 V                       ; 4.05e-08 V                   ; 2.72 V              ; -0.0349 V           ; 0.173 V                              ; 0.1 V                                ; 2.72e-10 s                  ; 2.69e-10 s                  ; Yes                        ; Yes                        ; 2.62 V                      ; 4.05e-08 V                  ; 2.72 V             ; -0.0349 V          ; 0.173 V                             ; 0.1 V                               ; 2.72e-10 s                 ; 2.69e-10 s                 ; Yes                       ; Yes                       ;
; DOUT[3]       ; 2.5 V        ; 0 s                 ; 0 s                 ; 2.62 V                       ; 4.05e-08 V                   ; 2.64 V              ; -0.0113 V           ; 0.208 V                              ; 0.179 V                              ; 2.38e-09 s                  ; 2.23e-09 s                  ; No                         ; Yes                        ; 2.62 V                      ; 4.05e-08 V                  ; 2.64 V             ; -0.0113 V          ; 0.208 V                             ; 0.179 V                             ; 2.38e-09 s                 ; 2.23e-09 s                 ; No                        ; Yes                       ;
; DOUT[4]       ; 2.5 V        ; 0 s                 ; 0 s                 ; 2.62 V                       ; 4.05e-08 V                   ; 2.72 V              ; -0.0349 V           ; 0.173 V                              ; 0.1 V                                ; 2.72e-10 s                  ; 2.69e-10 s                  ; Yes                        ; Yes                        ; 2.62 V                      ; 4.05e-08 V                  ; 2.72 V             ; -0.0349 V          ; 0.173 V                             ; 0.1 V                               ; 2.72e-10 s                 ; 2.69e-10 s                 ; Yes                       ; Yes                       ;
; DOUT[5]       ; 2.5 V        ; 0 s                 ; 0 s                 ; 2.62 V                       ; 4.05e-08 V                   ; 2.72 V              ; -0.0349 V           ; 0.173 V                              ; 0.1 V                                ; 2.72e-10 s                  ; 2.69e-10 s                  ; Yes                        ; Yes                        ; 2.62 V                      ; 4.05e-08 V                  ; 2.72 V             ; -0.0349 V          ; 0.173 V                             ; 0.1 V                               ; 2.72e-10 s                 ; 2.69e-10 s                 ; Yes                       ; Yes                       ;
; DOUT[6]       ; 2.5 V        ; 0 s                 ; 0 s                 ; 2.62 V                       ; 4.05e-08 V                   ; 2.72 V              ; -0.0349 V           ; 0.173 V                              ; 0.1 V                                ; 2.72e-10 s                  ; 2.69e-10 s                  ; Yes                        ; Yes                        ; 2.62 V                      ; 4.05e-08 V                  ; 2.72 V             ; -0.0349 V          ; 0.173 V                             ; 0.1 V                               ; 2.72e-10 s                 ; 2.69e-10 s                 ; Yes                       ; Yes                       ;
; DOUT[7]       ; 2.5 V        ; 0 s                 ; 0 s                 ; 2.62 V                       ; 4.05e-08 V                   ; 2.72 V              ; -0.0349 V           ; 0.173 V                              ; 0.1 V                                ; 2.72e-10 s                  ; 2.69e-10 s                  ; Yes                        ; Yes                        ; 2.62 V                      ; 4.05e-08 V                  ; 2.72 V             ; -0.0349 V          ; 0.173 V                             ; 0.1 V                               ; 2.72e-10 s                 ; 2.69e-10 s                 ; Yes                       ; Yes                       ;
; DOUT[8]       ; 2.5 V        ; 0 s                 ; 0 s                 ; 2.62 V                       ; 4.05e-08 V                   ; 2.72 V              ; -0.0349 V           ; 0.173 V                              ; 0.1 V                                ; 2.72e-10 s                  ; 2.69e-10 s                  ; Yes                        ; Yes                        ; 2.62 V                      ; 4.05e-08 V                  ; 2.72 V             ; -0.0349 V          ; 0.173 V                             ; 0.1 V                               ; 2.72e-10 s                 ; 2.69e-10 s                 ; Yes                       ; Yes                       ;
; DOUT[9]       ; 2.5 V        ; 0 s                 ; 0 s                 ; 2.62 V                       ; 4.05e-08 V                   ; 2.72 V              ; -0.0349 V           ; 0.173 V                              ; 0.1 V                                ; 2.72e-10 s                  ; 2.69e-10 s                  ; Yes                        ; Yes                        ; 2.62 V                      ; 4.05e-08 V                  ; 2.72 V             ; -0.0349 V          ; 0.173 V                             ; 0.1 V                               ; 2.72e-10 s                 ; 2.69e-10 s                 ; Yes                       ; Yes                       ;
; DOUT[10]      ; 2.5 V        ; 0 s                 ; 0 s                 ; 2.62 V                       ; 4.05e-08 V                   ; 2.72 V              ; -0.0349 V           ; 0.173 V                              ; 0.1 V                                ; 2.72e-10 s                  ; 2.69e-10 s                  ; Yes                        ; Yes                        ; 2.62 V                      ; 4.05e-08 V                  ; 2.72 V             ; -0.0349 V          ; 0.173 V                             ; 0.1 V                               ; 2.72e-10 s                 ; 2.69e-10 s                 ; Yes                       ; Yes                       ;
; DOUT[11]      ; 2.5 V        ; 0 s                 ; 0 s                 ; 2.62 V                       ; 4.05e-08 V                   ; 2.72 V              ; -0.0349 V           ; 0.173 V                              ; 0.1 V                                ; 2.72e-10 s                  ; 2.69e-10 s                  ; Yes                        ; Yes                        ; 2.62 V                      ; 4.05e-08 V                  ; 2.72 V             ; -0.0349 V          ; 0.173 V                             ; 0.1 V                               ; 2.72e-10 s                 ; 2.69e-10 s                 ; Yes                       ; Yes                       ;
; DOUT[12]      ; 2.5 V        ; 0 s                 ; 0 s                 ; 2.62 V                       ; 4.05e-08 V                   ; 2.64 V              ; -0.0113 V           ; 0.208 V                              ; 0.179 V                              ; 2.38e-09 s                  ; 2.23e-09 s                  ; No                         ; Yes                        ; 2.62 V                      ; 4.05e-08 V                  ; 2.64 V             ; -0.0113 V          ; 0.208 V                             ; 0.179 V                             ; 2.38e-09 s                 ; 2.23e-09 s                 ; No                        ; Yes                       ;
; DOUT[13]      ; 2.5 V        ; 0 s                 ; 0 s                 ; 2.62 V                       ; 4.05e-08 V                   ; 2.72 V              ; -0.0349 V           ; 0.173 V                              ; 0.1 V                                ; 2.72e-10 s                  ; 2.69e-10 s                  ; Yes                        ; Yes                        ; 2.62 V                      ; 4.05e-08 V                  ; 2.72 V             ; -0.0349 V          ; 0.173 V                             ; 0.1 V                               ; 2.72e-10 s                 ; 2.69e-10 s                 ; Yes                       ; Yes                       ;
; DOUT[14]      ; 2.5 V        ; 0 s                 ; 0 s                 ; 2.62 V                       ; 4.05e-08 V                   ; 2.72 V              ; -0.0349 V           ; 0.173 V                              ; 0.1 V                                ; 2.72e-10 s                  ; 2.69e-10 s                  ; Yes                        ; Yes                        ; 2.62 V                      ; 4.05e-08 V                  ; 2.72 V             ; -0.0349 V          ; 0.173 V                             ; 0.1 V                               ; 2.72e-10 s                 ; 2.69e-10 s                 ; Yes                       ; Yes                       ;
; DOUT[15]      ; 2.5 V        ; 0 s                 ; 0 s                 ; 2.62 V                       ; 4.05e-08 V                   ; 2.72 V              ; -0.0349 V           ; 0.173 V                              ; 0.1 V                                ; 2.72e-10 s                  ; 2.69e-10 s                  ; Yes                        ; Yes                        ; 2.62 V                      ; 4.05e-08 V                  ; 2.72 V             ; -0.0349 V          ; 0.173 V                             ; 0.1 V                               ; 2.72e-10 s                 ; 2.69e-10 s                 ; Yes                       ; Yes                       ;
; ~ALTERA_DCLK~ ; 2.5 V        ; 0 s                 ; 0 s                 ; 2.62 V                       ; 2.22e-08 V                   ; 2.74 V              ; -0.06 V             ; 0.158 V                              ; 0.08 V                               ; 2.68e-10 s                  ; 2.19e-10 s                  ; Yes                        ; Yes                        ; 2.62 V                      ; 2.22e-08 V                  ; 2.74 V             ; -0.06 V            ; 0.158 V                             ; 0.08 V                              ; 2.68e-10 s                 ; 2.19e-10 s                 ; Yes                       ; Yes                       ;
; ~ALTERA_nCEO~ ; 2.5 V        ; 0 s                 ; 0 s                 ; 2.62 V                       ; 3.54e-08 V                   ; 2.7 V               ; -0.00943 V          ; 0.276 V                              ; 0.035 V                              ; 3.19e-10 s                  ; 4.99e-10 s                  ; No                         ; Yes                        ; 2.62 V                      ; 3.54e-08 V                  ; 2.7 V              ; -0.00943 V         ; 0.276 V                             ; 0.035 V                             ; 3.19e-10 s                 ; 4.99e-10 s                 ; No                        ; Yes                       ;
+---------------+--------------+---------------------+---------------------+------------------------------+------------------------------+---------------------+---------------------+--------------------------------------+--------------------------------------+-----------------------------+-----------------------------+----------------------------+----------------------------+-----------------------------+-----------------------------+--------------------+--------------------+-------------------------------------+-------------------------------------+----------------------------+----------------------------+---------------------------+---------------------------+


+-------------------------------------------------------------------+
; Setup Transfers                                                   ;
+------------+----------+----------+----------+----------+----------+
; From Clock ; To Clock ; RR Paths ; FR Paths ; RF Paths ; FF Paths ;
+------------+----------+----------+----------+----------+----------+
; ADDR[0]    ; ADDR[0]  ; 18       ; 18       ; 0        ; 0        ;
; CLK        ; ADDR[0]  ; 504      ; 0        ; 0        ; 0        ;
; ADDR[0]    ; CLK      ; 144      ; 144      ; 0        ; 0        ;
+------------+----------+----------+----------+----------+----------+
Entries labeled "false path" only account for clock-to-clock false paths and not path-based false paths. As a result, actual path counts may be lower than reported.


+-------------------------------------------------------------------+
; Hold Transfers                                                    ;
+------------+----------+----------+----------+----------+----------+
; From Clock ; To Clock ; RR Paths ; FR Paths ; RF Paths ; FF Paths ;
+------------+----------+----------+----------+----------+----------+
; ADDR[0]    ; ADDR[0]  ; 18       ; 18       ; 0        ; 0        ;
; CLK        ; ADDR[0]  ; 504      ; 0        ; 0        ; 0        ;
; ADDR[0]    ; CLK      ; 144      ; 144      ; 0        ; 0        ;
+------------+----------+----------+----------+----------+----------+
Entries labeled "false path" only account for clock-to-clock false paths and not path-based false paths. As a result, actual path counts may be lower than reported.


---------------
; Report TCCS ;
---------------
No dedicated SERDES Transmitter circuitry present in device or used in design


---------------
; Report RSKM ;
---------------
No non-DPA dedicated SERDES Receiver circuitry present in device or used in design


+------------------------------------------------+
; Unconstrained Paths Summary                    ;
+---------------------------------+-------+------+
; Property                        ; Setup ; Hold ;
+---------------------------------+-------+------+
; Illegal Clocks                  ; 0     ; 0    ;
; Unconstrained Clocks            ; 0     ; 0    ;
; Unconstrained Input Ports       ; 22    ; 22   ;
; Unconstrained Input Port Paths  ; 1621  ; 1621 ;
; Unconstrained Output Ports      ; 16    ; 16   ;
; Unconstrained Output Port Paths ; 32    ; 32   ;
+---------------------------------+-------+------+


+----------------------------------------+
; Clock Status Summary                   ;
+---------+---------+------+-------------+
; Target  ; Clock   ; Type ; Status      ;
+---------+---------+------+-------------+
; ADDR[0] ; ADDR[0] ; Base ; Constrained ;
; CLK     ; CLK     ; Base ; Constrained ;
+---------+---------+------+-------------+


+---------------------------------------------------------------------------------------------------+
; Unconstrained Input Ports                                                                         ;
+------------+--------------------------------------------------------------------------------------+
; Input Port ; Comment                                                                              ;
+------------+--------------------------------------------------------------------------------------+
; ADDR[1]    ; No input delay, min/max delays, false-path exceptions, or max skew assignments found ;
; ADDR[2]    ; No input delay, min/max delays, false-path exceptions, or max skew assignments found ;
; ADDR[3]    ; No input delay, min/max delays, false-path exceptions, or max skew assignments found ;
; ADDR[4]    ; No input delay, min/max delays, false-path exceptions, or max skew assignments found ;
; DIN[0]     ; No input delay, min/max delays, false-path exceptions, or max skew assignments found ;
; DIN[1]     ; No input delay, min/max delays, false-path exceptions, or max skew assignments found ;
; DIN[2]     ; No input delay, min/max delays, false-path exceptions, or max skew assignments found ;
; DIN[3]     ; No input delay, min/max delays, false-path exceptions, or max skew assignments found ;
; DIN[4]     ; No input delay, min/max delays, false-path exceptions, or max skew assignments found ;
; DIN[5]     ; No input delay, min/max delays, false-path exceptions, or max skew assignments found ;
; DIN[6]     ; No input delay, min/max delays, false-path exceptions, or max skew assignments found ;
; DIN[7]     ; No input delay, min/max delays, false-path exceptions, or max skew assignments found ;
; DIN[8]     ; No input delay, min/max delays, false-path exceptions, or max skew assignments found ;
; DIN[9]     ; No input delay, min/max delays, false-path exceptions, or max skew assignments found ;
; DIN[10]    ; No input delay, min/max delays, false-path exceptions, or max skew assignments found ;
; DIN[11]    ; No input delay, min/max delays, false-path exceptions, or max skew assignments found ;
; DIN[12]    ; No input delay, min/max delays, false-path exceptions, or max skew assignments found ;
; DIN[13]    ; No input delay, min/max delays, false-path exceptions, or max skew assignments found ;
; DIN[14]    ; No input delay, min/max delays, false-path exceptions, or max skew assignments found ;
; DIN[15]    ; No input delay, min/max delays, false-path exceptions, or max skew assignments found ;
; RE         ; No input delay, min/max delays, false-path exceptions, or max skew assignments found ;
; WE         ; No input delay, min/max delays, false-path exceptions, or max skew assignments found ;
+------------+--------------------------------------------------------------------------------------+


+-----------------------------------------------------------------------------------------------------+
; Unconstrained Output Ports                                                                          ;
+-------------+---------------------------------------------------------------------------------------+
; Output Port ; Comment                                                                               ;
+-------------+---------------------------------------------------------------------------------------+
; DOUT[0]     ; No output delay, min/max delays, false-path exceptions, or max skew assignments found ;
; DOUT[1]     ; No output delay, min/max delays, false-path exceptions, or max skew assignments found ;
; DOUT[2]     ; No output delay, min/max delays, false-path exceptions, or max skew assignments found ;
; DOUT[3]     ; No output delay, min/max delays, false-path exceptions, or max skew assignments found ;
; DOUT[4]     ; No output delay, min/max delays, false-path exceptions, or max skew assignments found ;
; DOUT[5]     ; No output delay, min/max delays, false-path exceptions, or max skew assignments found ;
; DOUT[6]     ; No output delay, min/max delays, false-path exceptions, or max skew assignments found ;
; DOUT[7]     ; No output delay, min/max delays, false-path exceptions, or max skew assignments found ;
; DOUT[8]     ; No output delay, min/max delays, false-path exceptions, or max skew assignments found ;
; DOUT[9]     ; No output delay, min/max delays, false-path exceptions, or max skew assignments found ;
; DOUT[10]    ; No output delay, min/max delays, false-path exceptions, or max skew assignments found ;
; DOUT[11]    ; No output delay, min/max delays, false-path exceptions, or max skew assignments found ;
; DOUT[12]    ; No output delay, min/max delays, false-path exceptions, or max skew assignments found ;
; DOUT[13]    ; No output delay, min/max delays, false-path exceptions, or max skew assignments found ;
; DOUT[14]    ; No output delay, min/max delays, false-path exceptions, or max skew assignments found ;
; DOUT[15]    ; No output delay, min/max delays, false-path exceptions, or max skew assignments found ;
+-------------+---------------------------------------------------------------------------------------+


+---------------------------------------------------------------------------------------------------+
; Unconstrained Input Ports                                                                         ;
+------------+--------------------------------------------------------------------------------------+
; Input Port ; Comment                                                                              ;
+------------+--------------------------------------------------------------------------------------+
; ADDR[1]    ; No input delay, min/max delays, false-path exceptions, or max skew assignments found ;
; ADDR[2]    ; No input delay, min/max delays, false-path exceptions, or max skew assignments found ;
; ADDR[3]    ; No input delay, min/max delays, false-path exceptions, or max skew assignments found ;
; ADDR[4]    ; No input delay, min/max delays, false-path exceptions, or max skew assignments found ;
; DIN[0]     ; No input delay, min/max delays, false-path exceptions, or max skew assignments found ;
; DIN[1]     ; No input delay, min/max delays, false-path exceptions, or max skew assignments found ;
; DIN[2]     ; No input delay, min/max delays, false-path exceptions, or max skew assignments found ;
; DIN[3]     ; No input delay, min/max delays, false-path exceptions, or max skew assignments found ;
; DIN[4]     ; No input delay, min/max delays, false-path exceptions, or max skew assignments found ;
; DIN[5]     ; No input delay, min/max delays, false-path exceptions, or max skew assignments found ;
; DIN[6]     ; No input delay, min/max delays, false-path exceptions, or max skew assignments found ;
; DIN[7]     ; No input delay, min/max delays, false-path exceptions, or max skew assignments found ;
; DIN[8]     ; No input delay, min/max delays, false-path exceptions, or max skew assignments found ;
; DIN[9]     ; No input delay, min/max delays, false-path exceptions, or max skew assignments found ;
; DIN[10]    ; No input delay, min/max delays, false-path exceptions, or max skew assignments found ;
; DIN[11]    ; No input delay, min/max delays, false-path exceptions, or max skew assignments found ;
; DIN[12]    ; No input delay, min/max delays, false-path exceptions, or max skew assignments found ;
; DIN[13]    ; No input delay, min/max delays, false-path exceptions, or max skew assignments found ;
; DIN[14]    ; No input delay, min/max delays, false-path exceptions, or max skew assignments found ;
; DIN[15]    ; No input delay, min/max delays, false-path exceptions, or max skew assignments found ;
; RE         ; No input delay, min/max delays, false-path exceptions, or max skew assignments found ;
; WE         ; No input delay, min/max delays, false-path exceptions, or max skew assignments found ;
+------------+--------------------------------------------------------------------------------------+


+-----------------------------------------------------------------------------------------------------+
; Unconstrained Output Ports                                                                          ;
+-------------+---------------------------------------------------------------------------------------+
; Output Port ; Comment                                                                               ;
+-------------+---------------------------------------------------------------------------------------+
; DOUT[0]     ; No output delay, min/max delays, false-path exceptions, or max skew assignments found ;
; DOUT[1]     ; No output delay, min/max delays, false-path exceptions, or max skew assignments found ;
; DOUT[2]     ; No output delay, min/max delays, false-path exceptions, or max skew assignments found ;
; DOUT[3]     ; No output delay, min/max delays, false-path exceptions, or max skew assignments found ;
; DOUT[4]     ; No output delay, min/max delays, false-path exceptions, or max skew assignments found ;
; DOUT[5]     ; No output delay, min/max delays, false-path exceptions, or max skew assignments found ;
; DOUT[6]     ; No output delay, min/max delays, false-path exceptions, or max skew assignments found ;
; DOUT[7]     ; No output delay, min/max delays, false-path exceptions, or max skew assignments found ;
; DOUT[8]     ; No output delay, min/max delays, false-path exceptions, or max skew assignments found ;
; DOUT[9]     ; No output delay, min/max delays, false-path exceptions, or max skew assignments found ;
; DOUT[10]    ; No output delay, min/max delays, false-path exceptions, or max skew assignments found ;
; DOUT[11]    ; No output delay, min/max delays, false-path exceptions, or max skew assignments found ;
; DOUT[12]    ; No output delay, min/max delays, false-path exceptions, or max skew assignments found ;
; DOUT[13]    ; No output delay, min/max delays, false-path exceptions, or max skew assignments found ;
; DOUT[14]    ; No output delay, min/max delays, false-path exceptions, or max skew assignments found ;
; DOUT[15]    ; No output delay, min/max delays, false-path exceptions, or max skew assignments found ;
+-------------+---------------------------------------------------------------------------------------+


+--------------------------+
; Timing Analyzer Messages ;
+--------------------------+
Info: *******************************************************************
Info: Running Quartus Prime Timing Analyzer
    Info: Version 23.1std.1 Build 993 05/14/2024 SC Lite Edition
    Info: Processing started: Fri Apr 24 02:00:00 2026
Info: Command: quartus_sta Lab6 -c Lab6
Info: qsta_default_script.tcl version: #1
Warning (18236): Number of processors has not been specified which may cause overloading on shared machines.  Set the global assignment NUM_PARALLEL_PROCESSORS in your QSF to an appropriate value for best performance.
Info (20030): Parallel compilation is enabled and will use 16 of the 16 processors detected
Info (21077): Low junction temperature is 0 degrees C
Info (21077): High junction temperature is 85 degrees C
Warning (335093): The Timing Analyzer is analyzing 17 combinational loops as latches. For more details, run the Check Timing command in the Timing Analyzer or view the "User-Specified and Inferred Latches" table in the Analysis & Synthesis report.
Critical Warning (332012): Synopsys Design Constraints File file not found: 'Lab6.sdc'. A Synopsys Design Constraints File is required by the Timing Analyzer to get proper timing constraints. Without it, the Compiler will not properly optimize the design.
Info (332142): No user constrained base clocks found in the design. Calling "derive_clocks -period 1.0"
Info (332105): Deriving Clocks
    Info (332105): create_clock -period 1.000 -name ADDR[0] ADDR[0]
    Info (332105): create_clock -period 1.000 -name CLK CLK
Info (332143): No user constrained clock uncertainty found in the design. Calling "derive_clock_uncertainty"
Info (332123): Deriving Clock Uncertainty. Please refer to report_sdc in the Timing Analyzer to see clock uncertainties.
Info: Found TIMING_ANALYZER_REPORT_SCRIPT_INCLUDE_DEFAULT_ANALYSIS = ON
Info: Analyzing Slow 1200mV 85C Model
Critical Warning (332148): Timing requirements not met
    Info (11105): For recommendations on closing timing, run Report Timing Closure Recommendations in the Timing Analyzer.
Info (332146): Worst-case setup slack is -4.211
    Info (332119):     Slack       End Point TNS Clock 
    Info (332119): ========= =================== =====================
    Info (332119):    -4.211             -56.501 ADDR[0] 
    Info (332119):    -1.922            -212.896 CLK 
Info (332146): Worst-case hold slack is -0.174
    Info (332119):     Slack       End Point TNS Clock 
    Info (332119): ========= =================== =====================
    Info (332119):    -0.174              -0.967 ADDR[0] 
    Info (332119):     1.085               0.000 CLK 
Info (332140): No Recovery paths to report
Info (332140): No Removal paths to report
Info (332146): Worst-case minimum pulse width slack is -3.000
    Info (332119):     Slack       End Point TNS Clock 
    Info (332119): ========= =================== =====================
    Info (332119):    -3.000            -331.960 CLK 
    Info (332119):    -3.000              -3.000 ADDR[0] 
Info: Analyzing Slow 1200mV 0C Model
Info (334003): Started post-fitting delay annotation
Info (334004): Delay annotation completed successfully
Info (332123): Deriving Clock Uncertainty. Please refer to report_sdc in the Timing Analyzer to see clock uncertainties.
Critical Warning (332148): Timing requirements not met
    Info (11105): For recommendations on closing timing, run Report Timing Closure Recommendations in the Timing Analyzer.
Info (332146): Worst-case setup slack is -3.915
    Info (332119):     Slack       End Point TNS Clock 
    Info (332119): ========= =================== =====================
    Info (332119):    -3.915             -52.102 ADDR[0] 
    Info (332119):    -1.780            -194.914 CLK 
Info (332146): Worst-case hold slack is -0.120
    Info (332119):     Slack       End Point TNS Clock 
    Info (332119): ========= =================== =====================
    Info (332119):    -0.120              -0.439 ADDR[0] 
    Info (332119):     1.047               0.000 CLK 
Info (332140): No Recovery paths to report
Info (332140): No Removal paths to report
Info (332146): Worst-case minimum pulse width slack is -3.000
    Info (332119):     Slack       End Point TNS Clock 
    Info (332119): ========= =================== =====================
    Info (332119):    -3.000            -331.960 CLK 
    Info (332119):    -3.000              -3.000 ADDR[0] 
Info: Analyzing Fast 1200mV 0C Model
Info (332123): Deriving Clock Uncertainty. Please refer to report_sdc in the Timing Analyzer to see clock uncertainties.
Critical Warning (332148): Timing requirements not met
    Info (11105): For recommendations on closing timing, run Report Timing Closure Recommendations in the Timing Analyzer.
Info (332146): Worst-case setup slack is -1.662
    Info (332119):     Slack       End Point TNS Clock 
    Info (332119): ========= =================== =====================
    Info (332119):    -1.662             -20.395 ADDR[0] 
    Info (332119):    -1.051            -116.020 CLK 
Info (332146): Worst-case hold slack is -0.371
    Info (332119):     Slack       End Point TNS Clock 
    Info (332119): ========= =================== =====================
    Info (332119):    -0.371              -4.204 ADDR[0] 
    Info (332119):     0.349               0.000 CLK 
Info (332140): No Recovery paths to report
Info (332140): No Removal paths to report
Info (332146): Worst-case minimum pulse width slack is -3.000
    Info (332119):     Slack       End Point TNS Clock 
    Info (332119): ========= =================== =====================
    Info (332119):    -3.000            -276.148 CLK 
    Info (332119):    -3.000              -3.000 ADDR[0] 
Info (332102): Design is not fully constrained for setup requirements
Info (332102): Design is not fully constrained for hold requirements
Info: Quartus Prime Timing Analyzer was successful. 0 errors, 6 warnings
    Info: Peak virtual memory: 705 megabytes
    Info: Processing ended: Fri Apr 24 02:00:01 2026
    Info: Elapsed time: 00:00:01
    Info: Total CPU time (on all processors): 00:00:01


